2527576286	BuzzFeedAudio	BuzzFeed Audio	403
81744373	Rob_McGinnis	Rob McGinnis	2886
393129393	ChaseAdam17	Chase Adam	2427
418347726	RoadsKingdoms	Roads and Kingdoms	13016
2992729469	hopesandfearshq	Hopes And Fears	1101
19116515	parmy	Parmy Olson	13561
14620776	ellenchisa	Ellen Chisa	5235
901651	rklau	Rick Klau	18766
1553777455	kirtipatelmd	Kirti Patel, MD	673
199737585	evolvability	David Mittelman	2030
18789893	threatpost	Threatpost	89019
44916723	petecordell	Pete Cordell	881
419639256	John4man	John Foreman	11271
759249	deaneckles	Dean Eckles	2828
6334772	eytan	eytan bakshy	566
40252336	The_Millions	The Millions 	221461
15473958	MarsCuriosity	Curiosity Rover	1900142
19728966	The_Rumpus	The Rumpus	59118
28321706	theretronaut	Retronaut	107963
199327139	GrantaBooks	Granta Books	31038
72831048	LettersOfNote	Letters of Note	192045
17369005	pageturner	NYer Page-Turner	93828
21126842	GrantaMag	Granta Magazine	143610
19826509	openculture	Open Culture	217263
48075643	CoralMDavenport	Coral Davenport	17981
41603960	alexstamos	Alex Stamos	8114
14636374	superwuster	Tim Wu	12941
452431635	AliBHamed	Ali Hamed	1192
287309941	ATabarrok	Alex Tabarrok	7398
713179445	TonyGallippi	Tony Gallippi	1565
15655289	carnal0wnage	Chris Gates	21370
57629490	HackingDave	Dave Kennedy (ReL1K)	34578
797840	mubix	Rob Fuller	25605
15637093	RSnake	RSnake	18378
14181505	jeremiahg	Jeremiah Grossman	48286
20492381	chetwisniewski	Chester W - Sophos	9253
11791512	gcluley	Graham Cluley	36833
297856522	e_kaspersky	Eugene Kaspersky	136358
23566038	mikko	Mikko Hypponen	100095
15300995	ErrataRob	Rob Graham	16342
212702867	kmin	Kathryn Minshew	20407
1955781	tkendall	Tim Kendall	509
3099501	mpesce	Mark Pesce	37574
18937279	sparkcapital	Spark Capital	27006
185808487	kpcb	Kleiner Perkins	125129
11728992	kaepora	Nadim Kobeissi	17339
54666727	puellavulnerata	Andre	6737
75255071	ptrcksmth	Patrick Smith	942
4881121	gilbertharman	Gilbert Harman	4515
52522040	keithfrankish	Keith Frankish	4211
16199886	keith_wilson	Keith Wilson	2688
75851127	SDMumford	Stephen Mumford	4827
138509803	LogicalAnalysis	Logical Analysis	7129
147637306	anitaleirfall	Anita Leirfall	4988
142716265	GuyLongworth	Guy Longworth	7317
500171541	logicians	Philosophical Logic	3132
24272590	davidblumberg	David Blumberg	3930
17446359	bethcomstock	Beth Comstock	71086
44503856	saraashleyo	Sara Ashley O'Brien	2679
19787735	A_Grossman	Andrew Grossman	4731
25297590	jts	Justin Stanwix	1382
19658826	newscientist	New Scientist	1671140
53089954	alansilbert	Alan Silbert	1448
676573	tobi	Tobi Ltke	16590
14247096	arlogilbert	Arlo Gilbert	4450
292695870	monicalangley	Monica Langley	437
19417492	NRO	National Review	121662
46709686	EPro	Emil Protalinski	5979
2132641	fredericl	Frederic Lardinois	15907
13313982	gracelee	Grace Chu Lee	4596
1536791610	POTUS	President Obama	2510934
2999716628	21dotco	21	1685
783891	kentbye	KentBye Voices of VR	3380
42872292	henrysward	Henry Ward	1133
15508815	natbro	Nat Brown	1059
27503452	alasdaircoull	Alasdair Coull	411
29036636	jrobertmiles	Julio Miles	219
30736937	johncoogan	John Coogan	651
22891564	chrisgeidner	Chris Geidner	33658
16034735	Chris_Said	Chris Said	837
1833561	arbesman	Samuel Arbesman	4745
16870421	singularityu	SingularityU	47174
26567591	mattblaze	matt blaze	14629
4071001	rachelmetz	Rachel Metz	7650
16914589	thekrakenisme	Dan Hurd	77
15450497	TrevMcKendrick	Trevor McKendrick	1549
113138090	gamoid	Matt Weinberger	2045
366622433	DavidBiderman1	David Biderman	676
8798682	jeffseibert	Jeff Seibert	4117
2491780596	chain	Chain	2640
2776643876	notationcapital	Notation Capital	1087
29386119	bradsvrluga	Brad Svrluga	4008
1294741	ruskin147	Rory Cellan-Jones	152440
24593676	suedecker	Sue Decker	723
3745781	TuckerMax	Tucker Max	355107
10525552	brizilla	Brian Bedol	2039
15301803	frankrose	Frank Rose	5746
2128391	ryantate	Ryan Tate	10774
16340501	mattbai	Matt Bai	17269
3829151	leolaporte	Leo Laporte	568996
17482791	ivanhzhao	Ivan Zhao	485
14964767	thurrott	Paul Thurrott	100696
2997324590	SteamVR	SteamVR	3499
52160722	nathanielpopper	Nathaniel Popper	3552
2247381	popo	Steve Poland	5130
43277789	KennedyNation	Kennedy	54980
18083070	nateog	NathanOlivarez-Giles	10204
17712324	Dawn_Kopecki	Dawn Kopecki	6824
166131787	cr_harper	Christine Harper	8560
61023448	maxabelson	Max Abelson	8414
26559241	fordm	Matt Ford	8526
21630029	Slade	Slade Sohmer	5420
16343608	AmyJoMartin	Amy: Digital Royalty	1166912
15184929	rossdawson	Ross Dawson	38613
1543142941	UAVHive	UAVHive	2899
783214	twitter	Twitter	39860568
2278064736	mklords	M.K. Lords	2175
2157362647	victoriavaneyk	Victoria van Eyk	5091
15339717	deanand	deanand	2746
316238181	_PeterT_	Peter T.	241
30823145	joeyshurtleff	Joey Shurtleff	382
2669342527	_CamilleTaylor	Camille Taylor	1554
537800113	thedeerchild	Imperator Ericosa	290
18236000	reyner	Reyner Crosby	1858
26149295	jjessew	Jesse Walden	320
50485184	zackbogue	Zachary Bogue	5673
12052632	mzsanford	Matt Sanford	19274
309073	bs	Britt Selvitelle	217309
14520685	lg	Larry Gadea	10379
18526653	robertshrimsley	robert shrimsley	9350
17133897	gideonrachman	Gideon Rachman	44618
681473	harrisj	Jacob Harris	14225
15275361	vijaypande	Vijay Pande	1141
23641580	colsonwhitehead	colson whitehead	172680
224079521	trevortimm	Trevor Timm	37808
16461246	FrankQuattrone	Frank Quattrone	9331
1852899224	Outsideness	Outsideness	1451
11898042	bethferreira	bethferreira	1404
4764991	chchien	Chi-Hua Chien	12894
755452	armano	David Armano	70338
711303	steverubel	Steve Rubel	90299
3145151	JoeFernandez	Joe Fernandez	16370
25399451	Neil_McNeil	Neil McNeil	17293
89793918	justindlong	Justin Long	3562
522282462	JeffreyToobin	Jeffrey Toobin	65475
41675415	roxannevarza	Roxanne Varza	26130
818071	ericjackson	Eric Jackson	20352
14791372	jrkelly	Jason Kelly	1683
14474225	ManuKumar	Manu Kumar	24624
16821478	km	Kanyi Maqubela	5973
422401447	SmithaMilli	Smitha Milli	704
15294170	jonst0kes	Jon Stokes	4022
636923	siracusa	John Siracusa	51937
19111917	mbusigin	Matt Busigin	12125
36232059	EricNewcomer	Eric Newcomer	2859
836507862	rkoutnik	Randall Koutnik	220
16197463	daphne_mir	Daphne-Hulk	2696
351306056	DoctorGoss	Brian Goss	692
23365014	rubinafillion	Rubina Madan Fillion	11555
15425183	etherington	Darrell Etherington	17728
17223098	mjburnsy	Matt Burns	10770
17076885	slh	Susan Hobbs	4205
52247685	kylebrussell	Kyle Russell	7126
73761305	jamesbmeigs	Jim Meigs	2257
498268244	ID_R_McGregor	Robert McGregor	2386
22666390	korndiddy	Zach Kornfeld	20718
26139169	heyyyella	Ella Mielniczenko	11078
21819430	sweetestsara	Sara Rubin	25586
25573936	Allison620	Allison Raskin	35155
2825311712	Minefile	Mine	154
14690232	daynagrayson	daynagrayson	3080
24044436	MattHartman	matt hartman	4237
597726943	JRart	JR	38240
48847011	DylanRatigan	Dylan Ratigan	65642
14116915	katierogers	Katie Rogers	11956
28279637	dabeard	David Beard	15033
10638782	danmartell	Dan Martell	50263
1201491	emom	Wendy Piersall	42624
885	Ross	Ross Mayfield	21175
319103876	Erik_UX	Erik Flowers	3690
21784622	AndrewGauthier	Andrew Gauthier	11282
40041432	itsashlyperez	Ashly Perez	49745
20643592	gabydunn	Gaby Dunn	49211
77394327	AlanWattsDaily	Alan Watts	54382
75993292	kate_hess	Kate Hess	3229
144779709	K__Quotes	J. Krishnamurti	12955
2911221	wilshipley	Wil Shipley	20900
987681	Lessien	Lessien	6395
26894723	martenmickos	Mrten Mickos	15945
14209427	treestman	Tom Reestman	1603
14476328	jimschachter	Jim Schachter	10834
20012343	jillyface	Jillian West	11436
49793	jimmy_wales	Jimmy Wales	110685
1039531	zittrain	Jonathan Zittrain	32082
13440802	psaffo	Paul Saffo	9249
9641832	shansell	Saul Hansell	18284
14228118	gregpass	Greg Pass	8675
22952900	znoorani	Zach Noorani	558
13566872	Awl	The Awl	54472
732073	joeljohnson	Joel and 9 others	13018
79844713	gregwaldorf	Greg Waldorf	986
17	tonystubblebine	Tony Stubblebine	20485
10178	stoweboyd	Stowe Boyd	19730
57	SarahM	Sarah Milstein	18503
15246449	sarahbuhr	Sarah Buhr	12883
232447397	paul_bennetts	Paul Bennetts	1184
18204430	sgourley	Sean Gourley	6663
116076509	tek_fin	Yann Ranchere	6450
15533709	fvogelstein	Fred Vogelstein	5575
8722	andrewparker	Andrew Parker	12176
20610473	tdelistathis	Thanasis Delistathis	2268
4515021	bikenyc	Stuart Ellman	5131
5965432	sether	seth levine	14073
8114422	jasonmendelson	jasonmendelson	12353
3950621	ryan_mcintyre	Ryan McIntyre	7424
798536	ewiesen	Eric Wiesen	8014
14388676	ToddDOwl	Todd Dagres	4356
33348270	julie_bush	Julie Bush	4382
136200118	ayahbdeir	ayah bdeir	14224
11666142	joshuatopolsky	Joshua Topolsky	152798
14085070	carlzimmer	carlzimmer	226482
74543	pahlkadot	Jennifer Pahlka	20986
198562086	mlthaller	Michelle Thaller	2488
11440172	slbehrman	Shannon Behrman	100
9006952	BrianNorgard	Brian Norgard	12141
373416209	SalmanRushdie	Salman Rushdie	1000460
1235671	adrianbye	Adrian Bye	1395
71895158	peterhaynes1	Peter Haynes	2309
20920303	sclarsic	sarah sclarsic	670
16664681	latimes	Los Angeles Times	1411823
28075840	satyangajwani	Satyan Gajwani	9607
197505545	Arubin	Andy Rubin	78854
20751203	typesfaster	David Petersen	3338
30345764	BretEastonEllis	Bret Easton Ellis	533220
101584084	BrianRoemmele	Brian Roemmele	75073
15909478	MJB_SF	Melinda Byerley	2424
101008987	CKlosterman	Chuck Klosterman	167833
2358302612	drninaansary	Nina Ansary	53471
2208027565	ProductHunt	Product Hunt	76665
3108045010	fakeproducthunt	Fake Product Hunt	4714
16714443	annehelen	Anne Helen Petersen	15483
155774437	emilyyoshida	Emily Yoshida	15313
136220221	mollylambert	Molly Lambert	28443
18909998	loganhill33	Logan Hill	6677
10907062	kylemathews	Kyle Mathews	1774
6297852	warrenellis	Warren Ellis	533885
18502766	catherine_mayer	Catherine Mayer	10472
16127205	sumit	sumit paul-choudhury	3721
110075039	nealstephenson	Neal Stephenson	38831
5971922	BoingBoing	Boing Boing	207781
156557697	NeillBlomkamp	Neill Blomkamp	22533
34036358	gabrielsherman	Gabriel Sherman	13935
14339542	mlz	Marco Zappacosta	2254
1186	chrismessina	Chris Messina 	75742
14295969	stimply	Sam Williams	497
27941766	jwherrman	John Herrman	14533
90169556	jbdunne	Jason Dunne	5037
14264410	sheigh	sheigh	8608
16552388	tcfrankel	Todd C. Frankel	2294
147540926	monalalwani	Mona Lalwani	454
222531597	MarkAthertonTim	Mark Atherton	5100
102566376	hanbae	Hannah Bae	4762
66259130	dhpierson	David Pierson	6876
19668475	SamEifling	Sam Eifling	1855
47207043	urbandata	urbandata	44028
7845362	elipariser	elipariser	13207
237283855	intrcnnctd	Matt Webb's blog	598
2646511602	todayininfosec	Today In Infosec	1628
3471901	tiffani	Tiffani Ashley Bell	6827
59159771	KatrinaNation	Katrina vandenHeuvel	123203
460470940	Sulliview	Margaret Sullivan	32433
40200549	sarahlyall	Sarah Lyall 	19805
90034304	ravisomaiya	Ravi Somaiya	18508
373437924	deanbaquet	Dean Baquet	11960
1489691	emilybell	emily bell	44582
2467791	washingtonpost	Washington Post	4421078
742143	BBCWorld	BBC News (World)	10077475
18762994	laralfield	Lara Littlefield	811
733751245	PRyan	Paul Ryan	650290
50055701	MittRomney	Mitt Romney	1636182
18791763	KarlRove	Karl Rove	617663
16623443	lizzadwoskin	Elizabeth Dwoskin	4460
35851944	jennylefcourt	Jenny Lefcourt	1289
537416525	AB_Chapman	Annabelle Chapman	3517
116763916	JeffDSachs	Jeffrey D. Sachs	184921
18601763	Amirmizroch	Amir Mizroch	9912
673483	dewitt	DeWitt Clinton	6093
1963312058	JosephEStiglitz	Joseph E. Stiglitz	71326
1059951	MichelleBee	Michelle Broderick	2891
14491008	janchip	Jan Chipchase	18431
22790881	briankrebs	briankrebs	98444
1342956066	dandolfa	David Andolfatto	1633
107234633	stuartenyt	Stuart Elliott	34794
14923268	claireatki	Claire Atkinson	6635
145338914	ScottThurm	Scott Thurm	3216
14115912	ShiraOvide	Shira Ovide	13347
11831752	kenli729	Kenneth Li	10502
15087011	romenesko	Romenesko	107224
3321091	jslavet	James Slavet	2272
85993428	TonyW	Tony Wang	20590
11131112	rmstein	Robby Stein	2670
51205137	benbernanke	Ben Bernanke	39392
33474085	rachitmodi	Rachit Modi	1130
43904362	JasonSilva	Jason Silva	102724
305362686	ARstories	Helen Papagiannis	4780
21251300	TheBrowser	TheBrowser	30032
46335511	Trevornoah	Trevor Noah	2303630
222471144	exiledsurfer	exiledsurfer	12437
390039185	cstross	Charlie Stross	24190
3588081	tripadler	Trip Adler	4013
12702822	starstryder	Pamela L. Gay	20993
159367166	mhdempsey	Michael Dempsey	747
53242361	didierelzinga	Didier Elzinga	840
372910226	KieranSnyder	Kieran Snyder	1402
70696481	fion_li	Fion Li	6326
1895518519	KatyKasmai	Katy Kasmai	735
1963969297	kerobinso	Karen E. Robinson	341
19771382	JBFlint	Joe Flint	13166
989	om	Om Malik	1479838
36709151	mbushong	Michael Bushong	1799
151936663	prestonjbyrne	Preston J. Byrne	1571
18005085	MZHemingway	Mollie	19278
23455553	ExtremeTech	ExtremeTech	37681
862741	slhamlet	Wagner James Au	5354
785764172	githubstatus	GitHub Status	26233
144400453	VCRebecca	Rebecca Lynn	4745
1934990016	OctSkyward	Mike Hearn	522
37280980	JimDalrympleII	Jim Dalrymple II	8449
125547081	longform	Longform	79459
178997867	IfYouOnly	If You Only...	10317
36153601	bradfordcross	bradford cross	11014
2525375635	vr_sam	Sam Watts	1115
101138439	JoshuaFarkas	Josh Farkas	1185
204982635	RobotDiva	RobotDiva	5137
16695266	ChiefRobot	ChiefRobot	6341
41078332	BotJunkie	Evan Ackerman	4932
188692670	jpwwhite123	James White	589
133093395	russellcrowe	Russell Crowe	1772586
2544901	golda		2601
324004246	industrychanger	Matthew Terndrup	1186
12863272	jkalucki	John Kalucki	249740
77034099	CyanogenMod	CyanogenMod	291577
194694215	MITDelian	Delian Asparouhov	1781
39524936	emily_cohn	Emily Cohn	3297
1547221	eugenewei	Eugene Wei	2628
820661	daveschappell	Dave Schappell	5905
396557395	daniellenewnham	Danielle Newnham	2093
14329764	abrahamjoseph	Abraham Riesman	6014
25957130	smehmood	Sajid Mehmood	915
569715710	GallagherBilly	Billy Gallagher	2624
3085835595	periscopetv	Periscope TV	31729
1471542956	ebruenig	Elizabeth S. Bruenig	10156
195044505	lippylipka	Peter Lipka	66
40532389	johngapper	John Gapper	22194
14097580	jcjohnson	Jason Johnson	1818
2755295202	ImprobableAndy	Andy King	48
2903823112	sam_kalnins	Sam Kalnins	110
8524892	ppearlman	Phil Pearlman	24952
12793062	JackMarshall	Jack Marshall	10900
30518499	amzeratul	Rodrigo Monteiro	1125
2348648646	PRodgersScience	Paul Rodgers	17790
381148093	Caroline_Webb_	Caroline Webb	2265
2874294761	emilykrimholtz	Emily Krimholtz	46
79783264	brainpickings	Brain Pickings	112232
14069365	lauraolin	laura olin	6142
780418430	AmadeusCapital	Amadeus Capital	632
39096276	hermannhauser	Hermann Hauser	1750
963121	cape	Saul Klein	44791
137703483	oliviasolon	Olivia Solon	20761
12648212	saschkaunseld	Saschka Unseld	2630
25174325	jaredhefty	Jared Hefty	305
164286562	patricktimoney	Patrick Timoney	59
296475442	alexlaska	Aleksandra Laska	90
15138414	sharidoherty	sharidoherty	1138
2483779735	SeanFanning6	Sean Fanning	64
116431582	AaronNeale	Aaron Neale	1041
482528926	RJFWhite	Rob Whitehead	167
27212264	KathViner	Katharine Viner	59862
23022687	tedcruz	Ted Cruz	411454
59003	Claire	Claire Daz-Ortiz	336939
23095315	furst	Jake Furst	1833
39055217	t_xu	Tony Xu	1277
369088329	johnvechey	John Vechey	1528
2977097878	ovrstorystudio	Oculus Story Studio	1213
2927802848	visionaryvr	Visionary VR	255
43953931	StevenMBooth	Steven M. Booth	641
35583244	ana_d_h	Ana Daz-Hernndez	3262
708063650	PeterJCasaey	Peter J Casey	651
18812102	Kjer	Kjerstin Erickson	301297
18021826	jtriest	Jonathon Triest	4271
267347530	christianrudder	Christian Rudder	3755
9753702	samyagan	samyagan	3852
12229772	malgorithms	Chris Coyne	2693
19534873	arusbridger	alan rusbridger	164800
17698956	moorehn	Heidi N Moore	54762
12	jack	Jack	2989227
5502902	chrispa	Christopher Payne	765
3339171	dsearls	Doc Searls	22104
961589635	MathMeetsFball	John Urschel	28625
6238012	mvanhorn	Matt Van Horn	9767
1054551	tikkers	Tikva Morowati	4427
4603771	shafferj	Justin Shaffer	2871
16378093	JillFilipovic	Jill Filipovic	25126
105895323	ricmac	Richard MacManus	6190
47455112	lrozen	Laura Rozen	55384
47448886	JeffreyGoldberg	Jeffrey Goldberg	74400
453319164	EJDionne	EJ Dionne	83817
7141302	conz	Conz Preti	18676
17657037	barneyp	Barney Pell	4453
14156054	djabatt	Anthony Batt	3843
17886409	alexqgb	Alex Bowles	1012
1539758460	sanjaydastoor	Sanjay Dastoor	257
12819682	mitchellh	Mitchell Hashimoto	17206
24622734	AlexJamesFitz	Alex Fitzpatrick	16227
26283468	spmaloney	Sean Patrick Maloney	1778
360912781	Joseph_DeSimone	Joseph DeSimone	2100
22426311	AllisonMuni	Allison Munichiello	347
298049520	williamcrowder	William Crowder	1532
255347490	MarlonCNichols	Marlon C. Nichols	1207
33961500	98arthurj	Arthur Johnson	416
1644427472	adrianfenty	Adrian	383
50063134	anuhariharan	Anu Hariharan	424
883821067	MalinkaWal	Malinka Walaliyadde	131
2394681145	labusharr	Leila Abu-Sharr	59
1333074642	obes00	Matt Oberhardt	104
19084020	rayaytonjones	Ray Ayton Jones	592
96146890	jfbuss	Jaimie Buss	166
2260941301	awwwjessie	Jessica Hansen	209
24775410	sequoia	Sequoia Capital	265223
322220178	PhDeSimone	Phil DeSimone	519
3061104274	Carbon3D	Carbon3D	2548
22429979	nycsouthpaw	southpaw	17278
1337271	darth	darth 	33991
10022312	avh	Arthur van Hoff	1995
14897303	kayvz	Kayvon Beykpour	6982
188468721	DesignUXUI	Jonathan Shariat	10048
780256	yezzer	iestyn lloyd	3815
22808580	kydoh	Kyle Doherty	1086
277853976	perlberg	Steven Perlberg	5676
2723713757	AmznMovieRevws	Amazon Movie Reviews	126649
2477083290	drewmikb	drewmikb	323
1392699961	getringly	RINGLY	3853
112946392	findingcam	Cameron Walker	4837
20013191	nvshah	Neil Shah	1386
372480639	justmadhu	Madhu	1091
1293051	aneel	Aneel	4301
1888208708	xapo	Xapo	6770
2294954370	BitGo	BitGo	3882
915465450	BitPay	BitPay	38355
2287471915	PanteraCapital	Pantera Capital	5294
3074259883	terraformsf	Terraform	477
14267244	logangreen	logangreen	1621
17930811	johnzimmer	johnzimmer	3911
1497	harper	harper	30437
19459100	rmhrisk	Ryan Hurst	1128
18715225	nsuttner	Nick Suttner	18265
92281665	mikejcasey	Michael Casey	5209
117652722	HIDEO_KOJIMA_EN	HIDEO_KOJIMA	586254
35406821	yosp	Shuhei Yoshida	170781
15222083	Naughty_Dog	Naughty Dog	790909
17088394	JamesCurrier	JamesCurrier	2269
146733	R	Rex Hammock	43660
14896592	commagere	Blake Commagere	41966
20551857	darrinbutters	darrin butters	2548
17888932	TylerKupferer	Tyler Kupferer	2103
1228373448	DisneyAnimators	Disney Animators	13161
20169711	heybrucewright	Bruce Wright	4910
22522178	ReformedBroker	Downtown Josh Brown	107014
2458844640	tzhongg	Tiffany Zhong	4829
19219421	RolfeWinkler	Rolfe Winkler	7460
16799897	leighalexander	Leigh Alexander	112886
42332035	zimmermaneric	Eric Zimmerman	11377
6825792	ibogost	Ian Bogost	79525
5388852	hrheingold	Howard Rheingold	39089
15441965	AriMelber	Ari Melber	77247
16312576	EW	Entertainment Weekly	3666516
17525171	Variety	Variety	887393
477898117	marco_org	Marco.org	7535
14248451	Joshmedia	Josh Felser	19274
1582853809	HistoryInPics	History In Pictures	2454357
29033600	davejagoda	Dave Jagoda	415
39384997	beller	Morgan Beller	2119
14320997	pjain	Pankaj Jain	14039
2468	dkhare	Dev Khare	8226
610873	rashmi	Rashmi Sinha	19809
137791968	indyguha	Indranil (Indy) Guha	1206
41976692	stacydamico	Stacy D'Amico	421
98032928	LaurenBerson	Lauren Berson	985
528700192	andnowtothemoon	Krutika Mallikarjuna	2083
17856596	Wayne	Wayne Chang	42424
14338147	SatoshiLite	Charlie Lee	4240
23145378	geoffreyfowler	Geoffrey Fowler	20247
15224867	andersoncooper	Anderson Cooper	5912918
15526110	janamal	Jana Messerschmidt	28349
19198257	andreasx	Andreas Raptopoulos	1174
2439177534	BrentNYT	Brent Staples 	5030
75850301	benrbn	Ben Rubin	6986
185190437	bossastudios	Bossa Studios	8724
16891384	KentBeck	Kent Beck	79622
43553	KevinCTofel	Kevin C. Tofel	19412
75117670	Anna_Rothschild	Anna Rothschild	1268
334921581	CHSommers	Christina H. Sommers	46997
47678782	megtirrell	Meg Tirrell	12006
12354252	nilofer	Nilofer Merchant	48194
2551081	auradeluxe	Tony Parisi	2004
15337726	maxstoller	maxstoller	1477
14999020	termsheet	Jeff Kearl	426
110445334	megynkelly	Megyn Kelly	973755
21166244	BrandonBeck	Brandon Beck	41530
216939636	AndrewYNg	Andrew Ng	33987
80660848	GregGuenthner	Greg Guenthner, CMT	1645
21518612	gilbertjasono	Jason O. Gilbert	8369
304932002	davidmackau	David Mack	2236
1666038950	BoredElonMusk	Bored Elon Musk	89789
10203	julien	Julien Smith	47846
47191293	RMac18	Ryan Mac	8295
2735631	lonelysandwich	Adam Lisagor	41654
24677327	Olifiers	Henrique Olifiers	1261
528956313	BestKickstarter	Best of Kickstarter	74034
266702463	SgtFelicity	Felicity Sargent	92201
2215461732	Improbableio	Improbable	1138
2529969614	HermanNarula	Herman Narula	567
2212802934	jauntvr	Jaunt	4151
2663858912	NextVR_app	NextVR	2038
14091431	jcro	J Crowley	3772
17904400	chelsa	Chelsa Crowley	4073
13081242	ElissaBeth	Elissa Shevinsky	6176
15540222	rauchg	Guillermo Rauch	15012
67958182	MicahGrimes	Micah Grimes	11381
754485	MatthewKeysLive	Matthew Keys	40118
15741036	katherinemiller	Katherine Miller	15306
2267241	passantino	Jon Passantino	11313
4215921	jasonlk	Jason M. Lemkin	11055
382685028	SRuhle	Stephanie Ruhle	25998
15818970	sanguit	Sangeet Paul C	5235
277855154	mvlkm	Melissa Volkmann	1142
14426272	JulesMaltz	Jules Maltz	5835
9627972	preillyme	Patrick Reilly	161650
2978205952	BuzzFeedSF	BuzzFeed SF	5486
35293	mrgan	Neven Mrgan	19009
41490158	vk2zay	Alan Yates	2236
15804274	joeludwig	Joe Ludwig	2472
15882323	mariabustillos	Maria Bustillos	5431
229523	jeffsand	Jeff Sandquist	22960
7259302	JoeTrippi	Joe Trippi	970479
17611064	libovness	Jonathan Libov	2018
10725	avneron	Avner Ronen	3912
15976697	michellemalkin	Michelle Malkin	817239
50769180	IngrahamAngle	Laura Ingraham	532370
18646108	BretBaier	Bret Baier	568432
36452050	AndreaTantaros	Andrea Tantaros	375496
196168350	AnnCoulter	Ann Coulter	601869
27744185	krauthammer	Charles Krauthammer	562310
35474809	Peggynoonannyc	Peggy Noonan	105120
890641	MattDevost	Matt Devost	23178
15859033	ivanoransky	Ivan Oransky	25149
15931959	davidberreby	davidberreby	516
67427757	jimchines	Jim C. Hines	10587
62513246	jk_rowling	J.K. Rowling	4698189
2233154425	StephenKing	Stephen King	724262
2729061	doctorow	Cory Doctorow	377792
1206581	RonenV	Ronen.gif	3151
2400261	mwseibel	Michael Seibel	4507
6209002	chrisjohanesen	Chris  Johanesen	978
22197926	aaronkoblin	Aaron Koblin	23526
12618872	summeranne	Summer Anne Burton	6850
17042078	virginiahughes	Virginia Hughes	16995
6132422	jonrussell	Jon Russell	17038
39680464	ClickNothing	Clint Hocking	11671
50850314	kylepulver	kyle pulver	9625
16104418	SteveSwink	SteveSwink	4859
18920834	jurieongames	Jurie Horneman	3785
20119483	raphkoster	Raph Koster	13219
35611404	TammyFabulous	Tammy Han	2005
4004901	alexhern	Alex Hern	10928
8442372	HirokoTabuchi	Hiroko Tabuchi	83430
615360996	Antonelli_Law	jeffrey antonelli	481
804412506	Diana_M_Cooper	Diana Marina Cooper	1133
65845659	0xcharlie	Charlie Miller	42839
76980293	moxie	Moxie Marlinspike	36212
59949396	AnnaKendrick47	Anna Kendrick	4203576
16370782	overlawyered	overlawyered	9923
27924593	byandreachang	Andrea Chang	7939
14097951	jguynn	Jessica Guynn	18375
14402027	troywolv	Troy Wolverton	6485
20173468	liedtkesfc	Michael Liedtke	6495
13986572	deborahgage	Deborah Gage	6094
3471	dylan20	Dylan Tweney 	17291
18278364	laureninspace	Lauren Orsini	4755
9203182	nolimits	adora cheung	4171
100266394	vero_greenwood	Veronique Greenwood	2034
124690469	yanisvaroufakis	Yanis Varoufakis	422932
14730925	thuddwhirr	John Wolthuis	692
38054852	brucevc	Bruce Cleveland	2525
1407123218	DroneDeploy	DroneDeploy	2863
7243252	bijans	Bijan Salehizadeh	4509
27674040	keltonlynn	Kelton Lynn	16765
4265731	aunder	April Underwood	25005
19767193	edyong209	Ed Yong 	67602
14335160	halvorson	Kristina Halvorson	35116
35943	karenmcgrane	Karen McGrane	27994
9463382	aarron	Aarron Walter	35074
849101	jmspool	Jared Spool	57201
14274132	JPBarlow	John Perry Barlow	51388
106463784	VilliSpeaks	Villi Iltchev	3598
1634629316	puiwingtam	Pui-Wing Tam	4223
14701449	koomen	Pete Koomen	1268
16318378	jamiedavidson	Jamie Davidson	1853
17476825	MissRomania	Olivia Opdahl	1605
123439064	self_shadow	Stephen Hill	4462
271965688	idSoftwareTiago	Tiago Sousa	5316
243095677	nickbuttonbrown	Nick Button-Brown	787
14874637	Hicks_206	Brian Hicks	27642
520680837	DatGuyLirik	LIRIK	120633
773430073	rocket2guns	Dean Hall	107937
17431654	johnroderick	john roderick	30481
749863	hotdogsladies	Merlin Mann	343950
15827690	HarrisonWeber	Harrison Weber	8179
12901712	bchesky	Brian Chesky	73596
37917164	billkeller2014	Bill Keller	62972
18645812	jimpoco	jim impoco	5358
160123057	_Cooper	Cooper Fleishman	3777
104692306	AlexMLeo	Alex Leo	9409
14597239	TonyRomm	Tony Romm	7427
370409954	GaelVaroquaux	Gael Varoquaux	3553
471550563	t3kcit	Andreas Mueller	5142
16067035	ogrisel	Olivier Grisel	10492
798227418	fastml	fastml	2137
29843511	NandoDF	Nando de Freitas	2472
48008938	ylecun	Yann LeCun	7245
17243582	blakehounshell	Blake Hounshell	96255
114870265	PeterBeinart	Peter Beinart	32568
15752235	zackwhittaker	Zack Whittaker	10684
5817372	robinchan	Robin Chan	4610
21982720	ariannahuff	Arianna Huffington	1919688
14478614	JeffElder	Jeff Elder	101801
10609	superamit	Amit superamit Gupta	37561
1919231	cabel	Cabel Sasser	65333
14697392	tejus_sawjiani	Tejus Sawjiani	2210
208725869	TaylorLorenz	Taylor Lorenz	9318
1784181	taavet	taavet hinrikus	9885
118917461	ryaneshea	Ryan Shea	2870
564919357	iamdevloper	I Am Devloper	110462
9395312	tqbf	Thomas H. Ptacek	13214
5381582	julien51	Julien Genestoux	11357
20148176	annadahlstrom	Anna Dahlstrm	2304
23289019	moskov	Dustin Moskovitz	12838
164335063	ryanjsweeney	Ryan Sweeney	2712
43976252	benchmark	Benchmark	30475
42826771	aneelb	aneel bhusri	13389
682463	willsmith	Will Smith	81317
281099443	OfficialKeanu	Keanu Reeves	44227
15204082	aminatou	Aminatou Sow	10899
14454645	vivian	Vivian Schiller	17605
122848033	ThatAmelia	Amelia Lester	3888
17714681	filloux	filloux	4479
14439168	tcarmody	Tim Carmody	20179
1370508554	jkallman85	Jesse Kallman	388
23117374	rcalo	Ryan Calo	8396
621583	BBCTech	BBC Technology	425009
7905122	guardiantech	Guardian Tech	2417862
1068831	slashdot	Slashdot	144467
717313	arstechnica	Ars Technica	947672
10876852	TheNextWeb	The Next Web	1542624
28708146	emilybazelon	Emily Bazelon	37080
36171004	davidplotz	David Plotz	22642
93957809	ericschmidt	Eric Schmidt	1104927
15833470	FABNEWYORK	FAB 5 FREDDY	61809
2718051804	NYCDRONEFF	NYC Drone Film Fest	2180
1370948239	SkywardIO	Skyward	1594
1497559171	TheDroneGirl	Drone Girl	5550
21221103	gawherry	Gretchen West	875
747822822	BklynMiddleton	Brooklyn Middleton	13221
14749070	Chad_Hurley	Chad Hurley	652980
17837051	shaneferro	Shane	5265
37718165	ronlieber	Ron Lieber	16899
16242112	laurahazardowen	Laura Hazard Owen	12628
23262217	xpangler	Todd Spangler	6574
11818292	jank0	Janko Roettgers	6260
123666417	bizcarson	Biz Carson	1726
893211	sw	susan wu	11025
14426771	SeanEllis	Sean Ellis	86200
1378	MParekh	Michael Parekh	17101
17904829	ranimolla	Rani Molla	8372
1835411	Ihnatko	Andy Ihnatko	90005
88975905	shanesmith30	shane smith	133181
323691386	stephencwan	Stephen Wan	476
16286932	m_evans	Mike Evans 	2202
15626406	michael_nielsen	michael_nielsen	7606
247785677	mattturck	Matt Turck	6470
13567	codepo8	Christian Heilmann 	45869
1421521	adamnash	Adam Nash	14963
1133351336	jinyoungenglund	Jinyoung Lee Englund	3323
49629418	TinaAmini	Tina Amini	12890
16222904	amandahess	Amanda Hess	24532
546135718	DouthatNYT	Ross Douthat	46825
1083499621	umlautmag	The mlaut	832
22078230	michaelpryor	Michael Pryor	3065
78194111	ChelseaVPeretti	Chelsea Peretti	435312
111441302	dkberman	Dennis K. Berman	26978
73194395	ktbenner	katie benner	5641
14714825	smalera	Paul Smalera	5399
130922325	kristenschaaled	Kristen Schaal	653270
6186392	chrismichel	Christopher Michel	8773
20543509	CalebGarling	Caleb Garling	5411
16299754	RamCNN	Ram Ramgopal	23285
33098821	johnsonwhitney	Whitney Johnson	48246
18453278	darlin	Damon Darlin 	8158
18580432	b_fung	Brian Fung	10373
21696279	brianbeutler	Brian Beutler	32990
97474887	CapehartJ	Jonathan Capehart	115529
16006592	BenjySarlin	Benjy Sarlin	20680
21268897	joshtpm	Josh Marshall	96737
15922433	scottharrison	Scott Harrison	75029
29358079	NoreenMalone	Noreen Malone	6709
20876350	BostonVC	David Skok	36673
71028010	ScottEdWalker	Scott Edward Walker	3703
7120552	jny	Josh Young	2827
211208938	myurow	Mat Yurow	5151
28251153	lbennett	Laura Bennett	2593
249469549	noamscheiber	Noam Scheiber	16840
204547123	ChloeSchama	Chloe Schama	3360
1427134189	cyanogenone	Kirt McMaster	1345
25558212	nzmuda	Natalie Zmuda	5009
13940392	amklaassen	amklaassen	8222
5502502	scrawford	Susan Crawford	16706
1318301	bmorrissey	Brian Morrissey	32030
14958607	learmonth	Michael Learmonth	17056
24927996	digitalshields	Mike Shields	10652
5558552	lazerow	michael lazerow	26211
358566293	mkonnikova	Maria Konnikova	14152
7386292	fdestin	Fred Destin	23646
9270952	mari18	Mari Sheibley	7007
7748752	robinhanson	robinhanson	3386
15241557	reedhastings	Reed Hastings	6455
43176741	adaugelli	Adam D'Augelli	7371
13461	waxpancake	Andy Baio	30692
46213956	JamilSmith	Jamil Smith	40805
260022048	curiousoctopus	Paola Antonelli	33326
22260999	lisatozzi	Lisa Tozzi	14943
6941	jyri	Jyri Engestrm	12048
17845467	NickTaranto	Nick Taranto	2761
822571	SG	Sean Garrett	26301
53	sara	sara m. williams	91980
21051129	lifeofc	Chikai Ohazama	798
2226061	alexiskold	Alex Iskold 	10872
2528575534	nycbuilt	NYC Built	628
119506909	MelisBuzzFeed	Melissa Rosenthal	11522
15119529	lisafleisher	Lisa Fleisher	11305
26616462	ctitusbrown	Titus Brown	5662
17469289	nypost	New York Post	782385
40712296	avdeev	Max Avdeev	9194
14085662	triciad	triciad	9670
19744978	LeenaRao	Leena K. Rao	34701
23487429	bfod	Bennett	68447
13590972	chandna	Asheem Chandna	5002
15129227	aaref	Aaref Hilaly	3165
29890630	vas	vas natarajan	1341
373564351	Khanoisseur	Adam Khan	22574
13235832	natfriedman	Nat Friedman	9635
283108742	nestmatt	Matt Rogers	12267
15816595	radleybalko	Radley Balko	38714
74523	mikeindustries	Mike Davidson	19244
2264191	vedrashko	Ilya Vedrashko	2295
33638476	skgreen	Sarah Green	16332
94143715	KatieS	Katie Jacobs Stanton	94234
259725229	ValaAfshar	Vala Afshar	70669
401625957	SteveRattner	Steven Rattner	15685
27557141	NTmoney	Nick Tomaino	1912
15892011	JBennet	James Bennet	11810
10922752	HugoLindgren	HugoLindgren	13759
4282171	page88	Virginia Heffernan	28609
121817564	ThisIsFusion	Fusion	169379
113047940	JebBush	Jeb Bush	190155
14370584	tewy	Alex Tew	12993
8288752	jamiesk	Jamie Kantrowitz	2819
774096	LuriaPetrucci	Luria (Cali Lewis)	223388
28602766	HoumanShadab	Houman Shadab	1837
7179142	DShankar	Darshan Shankar	2772
17872737	KatManalac	Kat Manalac	5542
691593	mjones	Michael Jones	15555
14480299	bling0	Benjamin Ling	14035
14207078	gralston	Geoff Ralston	5176
24222556	tylerwinklevoss	Tyler Winklevoss	110610
28961865	markkawano	Mark Kawano	8461
414	veen	Jeffrey Veen	39016
14839109	dpatil	dj patil	26858
211583400	chrissyfarr	Christina Farr	11492
14446695	ScottNolan	Scott Nolan	1525
1398479138	clairlemon	Claire Lehmann	6463
24021896	Huth	Sara Huth	4670
780991	amyjokim	Amy Jo Kim	12295
47207321	flantz	Frank Lantz	54644
11591662	jesseschell	JesseSchell	14057
3804	thomask	Thomas Korte	10424
1536811	markoff	John Markoff	55281
13521702	DavidKirkpatric	David Kirkpatrick	29139
28582680	bgarlinghouse	Brad Garlinghouse	5841
763893	chudson	Charles Hudson	13720
322	twang	Ted Wang	6294
2727051	maxvoltar	Tim Van Damme	36001
59143038	jeffbercovici	Jeff Bercovici	13253
24789175	JamesFallows	James Fallows	72195
1835951	craigmod	Craig Mod	26543
961132338	M_C_Klein	Matthew C. Klein	11733
18393773	neilhimself	Neil Gaiman	2237190
16227673	dfjjosh	Josh Stein	15131
185757755	digimuller	Sarah Muller	1896
97273195	DMWeisberg	Danielle Weisberg	1727
24111707	cbzakin	Carly	775
515034648	theskimm	theSkimm	88548
853101	kduggan	Kris Duggan	16433
14723405	markorgan	Mark Organ	2412
3003813372	yokymatsuoka	Yoky Matsuoka	2730
189184059	dwaxd	David Waxman	1533
17812066	justinpirie	Justin Pirie	6307
15200169	zanes	Zane Salim	564
18358060	davidbauer	David Bauer	9969
17293596	shaunsims	Shaun Sims	1059
110823121	badboyboyce	Peter Boyce	5972
50534000	marannelson	maran nelson	1122
756394	sbyrnes	Sean Byrnes	1294
15828408	SusanWojcicki	Susan Wojcicki	14471
6515122	fuelcut	Anand Babu	1180
6125262	Gkellogg	Gregg Kellogg	480
3110241	narphorium	Shawn Simister	587
74594552	AppStore	App Store 	3693463
14559211	DennisMortensen	Dennis R. Mortensen	5844
15507144	tombed	Tom Bedecarre AKQA	177590
16262391	brianmoran	Brian Moran	191153
9810192	barrylibert	Barry Libert	181809
15744118	demandrichard	Richard Rosenblatt	155430
76351820	louistheroux	Louis Theroux	1057015
17939037	ProfBrianCox	Brian Cox	1582611
1434164370	Mattermark	Mattermark	13203
709143	Basti	Bastian Lehmann	6792
95589124	kevingibbon	Kevin Gibbon	3117
1345580348	NinjaEconomics	Ninja Economics	56872
67035971	lmooredupuis	Lucie Dupuis	178
22001973	GuardianBooks	Guardian Books	1161827
17918704	latimesbooks	L.A. Times Books	476666
1434251	nytimesbooks	New York Times Books	1567463
928481	AmandaMarcotte	Amanda Marcotte	35714
20861943	AnnaHolmes	Anna Holmes	26682
71643224	conradhackett	Conrad Hackett	108988
21714538	benln	Ben Lang	11982
38630618	ChathamHouse	Chatham House	94988
21114659	ForeignAffairs	Foreign Affairs	419860
46671396	ProSyn	Project Syndicate	107406
10755542	vindugoel	Vindu Goel	13988
25375836	morninggloria	Erin Gloria Ryan	24061
282545479	mikiebarb	Michael Barbaro	16777
119491006	amychozick	Amy Chozick	18691
577367735	Oyster	Oyster	15593
1859981	flaneur	Matthew Ogle	3999
34759567	lilibalfour	Lili Balfour	1464
15808765	CoryBooker	Cory Booker	1552626
22677790	Jon_Favreau	Jon Favreau	1850674
272161437	Uber_SF	Uber San Francisco	16635
290890104	NellieBowles	Nellie Bowles	7501
59226107	MaxJCrowley	Max	2777
17854419	kraneland	David Krane	16880
18881035	TinaSharkey	TinaSharkey	4760
14173031	emilmichael	Emil Michael	5792
29944407	joekgreen	Joe Green	3205
16578083	KevinColleran	Kevin Colleran	5732
14261316	mirraj2	Jason Mirra	52
58550415	charlierose	Charlie Rose	127213
318063815	SebastianThrun	Sebastian Thrun	29766
330487743	AmandaHearst	amanda hearst	7471
14088828	travisv	Travis VanderZanden	722
18745330	austingeidt	Austin Geidt	1988
14298264	joemarchese	Joe Marchese	6372
1132010306	expa	Expa	6810
165944767	ashfein	Ashley Feinberg	6855
857473345	GabiViolin14	Gabi 	2603
16172747	charlie_savage	Charlie Savage	17035
991745802	CassSunstein	Cass Sunstein	24522
1071767384	NoahRFeldman	Noah Feldman	4441
545821170	BoostedBoards	Boosted	4460
6144702	ToriMacLean	Victoria MacLean	3365
14366637	chrisamccoy	Chris McCoy	5882
12193402	shaig	Shai Goldman	8323
34763	Eric_WVGG	ric Jacobsen	1082
11597512	eshmu	eshmu	2648
11381522	johnsheehan	John Sheehan	10625
1086485478	History_Pics	ClassicPics	1585451
8925322	crazyfoo	Josh McFarland	1870
56768257	femfreq	Feminist Frequency	287340
14097030	roblafave	Rob LaFave	107991
15102125	gduffy	gduffy	1198
755756	moth	tim shey	8298
2565589034	AltspaceVR	AltspaceVR	2130
107336879	Jonathan_Blow	Jonathan Blow	73288
18814041	WithDrake	Drake Martinet	10282
33333620	Kantrowitz	Alex Kantrowitz	5880
1754641	nytimesbusiness	NYT Business	637206
1344951	WIRED	WIRED	4596456
243390472	jorispoort	Joris Poort	424
15950086	dylanmatt	Dylan Matthews	17220
18686907	davidfrum	David Frum	107481
327577091	JustinWolfers	Justin Wolfers	80588
38975663	quinnnorton	Quinn Norton	18611
713263	defunkt	Chris Wanstrath	41897
33475281	Framestore	Framestore	31593
10955762	petecashmore	Pete Cashmore	68767
50446226	jonathanchait	Jonathan Chait	52792
14348594	hodgman	John Hodgman	1071230
15931663	edmundlee	Edmund Lee	5595
14992263	RichBTIG	Rich Greenfield	7540
2536593822	DroneVC	drone.vc	1711
1378117842	droneanalyst	Drone Analyst	6909
851361	elidourado	Eli Dourado	5111
12131132	jdalrymple	Jim Dalrymple	34714
10194392	reneritchie	Rene Ritchie	51724
20832113	gassee	Jean-Louis Gasse	12200
388364264	the_esc	Evan Stites-Clayton	608
7542902	cutting	Doug Cutting	14179
9430302	hughewilliams	Hugh E Williams	2085
23081060	maxsklar	Max Sklar	842
1746361	gabor	Gabor Cselle	6980
2185	buster	Buster	10824
32303724	distastee	Chris Horne	857
95030839	Nick_Craver	Nick Craver	3574
14497565	robsolomon1	Rob Solomon	1306
19387570	tsimonite	Tom Simonite	5497
20114002	DCkrantz	Jay Rosenkrantz	10385
24102242	KStoeffel	Kat Stoeffel	4437
579747564	IlvesToomas	toomas hendrik ilves	53538
817381	mariosundar	Mario Sundar	7901
749453	mhudack	Mike Hudack	3730
15137329	jdrive	@jdrive	5862
865427900	basche42	Ben Basche	1251
92124334	Kchaykowski	Kathleen Chaykowski	1762
53429839	jaredbkeller	Jared Keller	23400
2932786320	NeuroVR	Neuroscience of VR	132
21502055	evanrodgers	Evan Rodgers	3795
747	thepartycow	Brian Walsh	4567
7537892	johnmccrea	John McCrea	4464
10437802	DaveKerpen	Dave Kerpen	50257
38708874	lpolovets	Leo Polovets	1757
304042023	chadbyers	Chad Byers	1571
34231471	NickFoxNYT	Nick Fox	3214
30695346	annanorthtweets	Anna North	7431
76343911	jessicalustig	Jessica Lustig	4329
13017662	ChrisA9	Christian Arca	3372
10750	nichodges	Nic Hodges	4266
198186450	ReedRosenbluth	Reed Rosenbluth	211
2313894878	massatofo	Gianpiero Massa Tofo	360
474674320	dbulaevsky	Daniel	79
2879172089	actual_self	Lee Simmons	270
17474342	nevillespiteri	Neville Spiteri	361
18225633	provenself	Peter Rubin	4209
3393781	psygnisfive	Darryl McAdams	1099
17331549	liamcasey	liam casey	6957
17002185	nytmedia	NYT Media 	62146
461655834	MikeGranados	Michael Granados	72
771619	evanatmedium	Evan Hansen	9878
2634579258	Reload_Studios	Reload Studios	815
379400685	JeremyRubin	Jeremy Rubin	933
54756776	kelseymwhelan	Kelsey Whelan	865
8438932	dsa	Russ d'Sa	8102
243869548	Dteln	David Renteln	413
7125712	gte	Guy English	13615
2890961	Gizmodo	Gizmodo	1400255
22938914	stevewoz	Steve Wozniak	412223
34743251	SpaceX	SpaceX	815415
609241466	DeadlineDavidL	David Lieberman	7688
586032653	Deadline	Deadline Hollywood	204503
16440354	MartinBeck	Martin Beck	5226
38214858	ABurnett31	alex burnett	6068
30083050	Mullin_Around	Jessica Mullins	1903
17689864	LTCPeterLerner	Peter Lerner	31496
22278197	JessicaKRoy	Jessica Roy	14382
18248514	jebediahreed	Jebediah Reed	1144
13837052	christyrobinson	Christy Robinson	1357
216580328	mattbean1	Matt Bean	5660
77128292	TimTurnerMusic	Tim Turner	264309
13194	janinegibson	Janine Gibson	27115
339266274	ReuvenBlau	Reuven Blau	2543
106507569	Jamie_Merrill	Jamie Merrill	3647
39842866	lilsarg	Hilary Sargent	6146
16311483	VivekKundra	Vivek Kundra	11407
47912710	SriramVSharma	Sriram Sharma	1173
14975020	boygenius	Jonathan S. Geller	30696
1704101958	MSFTVenturesUK	Microsoft Ventures	4053
322356457	ilanagain	Ilan Ben-Meir	631
29241573	itsjina	@itsjina	6368
156337587	LuisANavia	Luis A. Navia	1102
196307328	ryannece	ryan nece	3475
24130824	Kia_Mak	Kia Makarechi	6325
268944886	heyfeifer	Jason Feifer	6473
14742504	Doener	Stephan Drner	15161
28093810	Clay1016	Clyde Eltzroth	762
66235118	JasonAbbruzzese	Jason Abbruzzese	3384
24246497	aghoshal	Abhimanyu Ghoshal	2199
82660006	alexbarinka	Alex Barinka	2182
228772684	smlyne	Susan Lyne	3296
813512	invoker	Ryan Holmes	54881
2158461	StarFire2258	Sean Hollister	7260
14157134	Peston	Robert Peston	541015
12557252	jeffmoriarty	jeffmoriarty	1406
17892496	jacknicas	Jack Nicas	2595
10545	flyosity	Mike Rundle	25550
2281506907	GeoffWeCan	Geoff Bachrodt	1077
20280065	HansRosling	Hans Rosling	232248
65671583	manoushz	Manoush Zomorodi	5152
35962650	allisonveronica	Allison Esposito	2822
17060020	Max_Fisher	Max Fisher	65214
451586190	rupertmurdoch	Rupert Murdoch 	578267
8622212	cindygallop	Cindy Gallop	35061
332617373	elerianm	Mohamed A. El-Erian	67042
691353	Joi	Joi Ito	104708
20844341	patio11	Patrick McKenzie	16152
25946632	rdevro	Ryan Devereaux	20462
14145296	susie_c	Susie Cagle	14459
8448552	netspencer	Spencer Schoeben	2805
467077704	sambrichards	Sam Richards	75
43979519	glennsolomon	Glenn Solomon	3017
5413	dustin	dustin senos	6819
602317143	SirPatStew	Patrick Stewart	1840559
49774820	thogge	Tyler Hogge	414
5778902	duncandavi	Duncan Davidson	770
14275411	birsic	Bryan Birsic	1966
86815217	tessagriffin	Tessa Griffin	559
14767730	ow	Owen Williams 	10506
42058918	DonaldRichard	Donald Richard	315
18710249	inaherlihy	Ina Herlihy	1011
771004880	kocodude	Grant	509
2586997621	justkelly_ok	Kelly Ellis	7488
204970988	michelletandler	Michelle Tandler	2332
16288000	ultimape	Nicholas Perry	557
80335962	sfiegerman	Seth Fiegerman	12555
428248880	dongatory	Dong Nguyen	145851
63485337	notch	Markus Persson	2224693
25827743	sspencer_smb	steven spencer	11531
161801527	melindagates	Melinda Gates	732110
15076390	Padmasree	Padmasree	1604245
19506790	sherylsandberg	Sheryl Sandberg	168903
114477539	stephane_m_	Stphane Martin	3246
14971237	jzy	Jin Yang	4286
621523	BBCBusiness	BBC Business	1342456
4898091	FinancialTimes	Financial Times	3259507
20562637	businessinsider	Business Insider	1088199
794238	aripap	Ari Paparo	7167
2735591	FastCompany	Fast Company	1800110
14763501	crashdev	Chris DeVore	6651
39362168	AndySack	Andy Sack	8160
11740902	tferriss	Tim Ferriss	1247382
3382	hnshah	Hiten Shah	182443
191098143	mamoonha	Mamoon Hamid	3891
60202806	schildkrout	Aaron Schildkrout	1756
14148308	_ericelliott	Eric Elliott	8141
136359464	laurenzcollins	Lauren Collins	8884
20607406	WiredFeed	Wired Top Stories	20026
22768264	issielapowsky	issie lapowsky	3015
2885786046	SkydioHQ	Skydio	315
14367761	mariachong	mariachong	1628
154016912	WillOremus	Will Oremus	9578
37716108	jbaksht	Jeremy Baksht	5707
197638849	Astrochieh	Chieh Huang	782
6145712	abatalion	Aaron Batalion	4964
6611482	peterpham	Peter Pham	22518
14098195	rosskimbarovsky	Ross Kimbarovsky	5359
1239971	BillSeitz	Bill Seitz	1313
814667	octal	Ryan Lackey	3863
149259399	mauroperetti	Mauro Peretti	301
979662576	tony_sheffler	Tony Sheffler	27845
14031032	AdamSinger	Adam Singer	19604
123323498	jashkenas	Jeremy Ashkenas	26417
3484751	arieldiaz	Ariel Diaz	3525
16855888	KBAndersen	Kurt Andersen	34714
571202103	Medium	Medium	1234297
14404508	signe	Signe Brewster	3409
2445481	gdibner	Gil Dibner	5685
14159158	jerrychen	Jerry Chen	3799
236526490	LHSummers	Lawrence H. Summers	37486
7852612	isaach	Isaac Hepworth	18213
37677496	EconTalker	Russell Roberts	17982
6273552	MCHammer	MC HAMMER	3507882
37114816	troutgirl	Joyce Park	1070
16018805	jswartz	Jon Swartz	21154
14773334	dittycheria	Dev Ittycheria	1281
529126022	thephysicsgirl	Physics Girl	8977
12096202	emilynussbaum	emilynussbaum	74211
14178012	jaygoldberg	Jay Goldberg	586
2821271525	curiousIO	curiousIO	106
502299344	FlyingBenji	Ben Marcus	1009
2404341	z	Zach Brock	32478
2888834510	abachrac	Abe	6
7533932	mdonahoe	Matt Donahoe	187
105705196	adampbry	Adam Bry	187
4519121	Oatmeal	Matthew Inman	493350
15463671	samsteinhp	Sam Stein	146785
14251225	jheil	John Heilemann	66412
15856882	bhargreaves	Brad Hargreaves	5316
610659001	MaxCRoser	Max Roser	23049
21107053	elleluna	elle luna	10248
155339182	caracaleo	Maryam 	68494
14097091	emilylafave	Emily Olson LaFave	69833
340441440	PGourevitch	Philip Gourevitch	30751
54730258	MargaretAtwood	Margaret E. Atwood	789151
86613184	judyblume	Judy Blume	124509
5676102	shanselman	Scott Hanselman	134103
14435477	dingstweets	Sebastian Deterding	6959
14209664	rezendi	Jon Evans	5298
25246881	samsheffer	Sam Sheffer	11468
1095691	ischafer	Ian Schafer	19378
572478728	nejc_kodric	Nejc Kodri	4991
22883726	patkiernan	Pat Kiernan	37140
18978610	sallykohn	Sally Kohn	48253
267395430	takingpitches	Ketan Jhaveri	50201
8287602	jaltucher	James Altucher	129805
188768528	FAKEGRIMLOCK	FAKEGRIMLOCK	14260
1843791936	BuzzFeedScience	BuzzFeed Science	9106
16609416	supergalaxy	Kasia Galazka	1065
11604	torrez	Andre Torrez	7207
11928542	Kotaku	Kotaku	644451
47667972	gamasutra	Gamasutra	226968
14965981	davidtlang	David Lang	2547
17393219	Dereklowe	Derek Lowe	6944
2182141	cap	Cap Watkins	9851
792724	joshspear	Josh Spear	16982
263499551	Max_Horstmann	Max Horstmann	346
13523182	rossipedia	Bryan J. Ross	491
14254939	jc4p	Kasmanian Devil	531
17033147	benngurton	Benn Gurton	223
16629477	dgmacarthur	Daniel MacArthur	17367
615723	ethank	Ethan Kaplan	9364
15922651	daweiner	David Weiner	8025
1305940272	SlackHQ	Slack	91404
77304134	MatthewPhillips	Matt Phillips	14174
22810429	jdlahart	Justin Lahart	3773
2269392931	KateElazegui	kate elazegui	694
138141495	ForecasterEnten	Harry Enten	9402
2329385828	mariepdonoghue	Marie P Donoghue	1648
33397690	lisaechow	Lisa Chow	3052
83996344	RitchieSKing	Ritchie King	3967
57779415	andrewflowers	Andrew Flowers	4369
137512415	micahcohen	Micah Cohen	4603
59019225	philizzo	Phil Izzo	8229
235700566	WaltHickey	Walter Hickey	10326
16319594	bencasselman	Ben Casselman	21639
156016878	Neil_Irwin	Neil Irwin	34441
21312469	Reddy	Sudeep Reddy	27429
816532	gregory	Greg Galant	8879
44438256	matthewherper	Matthew Herper	53552
70174894	helengreiner	Helen Greiner	4193
19313995	lindaavey	Linda	8976
349816997	maxseddon	max seddon	45450
18295206	MiriamElder	Miriam Elder	33965
11336782	Carnage4Life	Dare Obasanjo	10287
488414196	HuaNancy	Nancy Hua	1122
3349531	kvogt	Kyle Vogt	662
84447535	acityinohio	Josh Cincinnati	607
18909861	CDiRusso	Christina DiRusso	4215
2420562080	riftarcade	The Rift Arcade	1261
2020351	palafo	Patrick LaForge, NYT	29860
14160121	awallenstein	Andrew Wallenstein	10275
29774570	Coffee_House_	Coffee House Press	39174
785	kfury	Kevin Fox	14991
167518667	ObsoleteDogma	Matt O'Brien	35464
15580417	jonathankennell	Jonathan Kennell	387
5768872	garyvee	Gary Vaynerchuk	1145975
863797014	youngdchris	Chris Young	1751
36093693	wattersjames	James Watters	16303
28506038	ROWGHANI	Ali Rowghani	26195
3926861	Sigalow	Ian Sigalow	4411
21668776	anm	Alex McCauley	201716
9946842	amac	Alex Macgillivray	33749
27070413	gabrielstricker	Gabriel Stricker	30006
264828029	odoudin	Ola Doudin	1816
2148071	danielbru	Daniel Brusilovsky	516789
19498265	hannaaase	Hanna Aase	3706
116669011	ilyasu	Ilya Sukhar	8676
152341106	RebeccaJarvis	Rebecca Jarvis	30847
38399009	bznotes	Bilal Zuberi	9107
8161232	richardbranson	Richard Branson	5708212
20169416	tracyalloway	Tracy Alloway	18327
353737617	SallieKrawcheck	Sallie Krawcheck	31019
16877374	paleofuture	Matt Novak	13790
156341661	mdc	Mary Childs	8976
52903	bdickason	Brad Dickason	1188
114782468	carlquintanilla	Carl Quintanilla	94765
18927821	herrod	Steve Herrod	11638
14267393	sfj	Sasha Frere-Jones	44282
192589318	DavidBrin	David Brin	21579
136688224	bonatsos	Niko Bonatsos	4165
6527972	randfish	Rand Fishkin	245368
1311476702	Ecquios	Michael J. Lewis	399
8192222	Jezebel	Jezebel	240439
13784642	nprbooks	NPR Books	353249
16929600	NYTmag	NYT Magazine	144726
32423136	Longreads	Longreads	169189
13215132	io9	io9	122411
40742821	TuurDemeester	Tuur Demeester	8356
23409407	alexrkonrad	Alex Konrad	8303
239570459	carmeldea	Carmel DeAmicis	4477
91213553	kbmdv	Katherine Barr	2131
2350289402	dadgumjames	James Hague	1747
69123976	Loh	Elliot Loh	5666
18967418	hunterw	Hunter Walker	11779
25803703	jessradio	Jess Hill	18890
176758255	rogerkver	Roger Ver	22395
3291691	chamath	Chamath Palihapitiya	27913
100531396	mccarthyryanj	Ryan McCarthy	10205
287541273	WittedHaddock	James Graham	11544
25734277	JamesGleick	James Gleick	15774
14254499	lacker	Kevin Lacker	2242
12920742	_pius	Pius	1296
15113324	wingod	Dennis Wingo	1282
1653442136	_youhadonejob	You had one job	627884
224180296	raju	Raju Narisetti	29038
7856562	kevinspain	Kevin Spain	9695
7380362	alex	Alex 	44048
19872718	JeremySF	Jeremy Gordon	4868
784148	superfem	Erin Pettigrew	2508
21316253	ZekeJMiller	Zeke Miller	66864
28182711	doracheng	Dora Cheng	760
97604976	jesseaaronbrown	Jesse Brown	390
17888143	JamieJWong	Jamie Wong	4428
17881467	rebeccagberg	Rebecca Berg	15015
222622640	dcbigjohn	john r stanton	25065
18697888	rubycramer	Ruby Cramer	12409
20632528	MichaelAusiello	Michael Ausiello	1201565
116341480	RosieGray	Rosie Gray	45728
10545772	televisionary	Jace Lacob	32171
946147015	Hugh_Son	Hugh Son	836
7764332	michaelhayes	Mike Hayes	21578
21630311	KateAurthur	Kate Aurthur	20958
42662397	adambvary	Adam B. Vary	8804
18205531	broderick	Ryan Broderick	18767
519601348	BethJinks	Beth Jinks	694
25645867	ifyouseekjaimie	Jaimie Etkin	2161
247104242	emilyorley	Emily Orley	2836
2383591	futt	erica	4404
84361938	RaymondSultan	Ray	2627
829442994	JCMcCracken	Jeffrey C. McCracken	3286
14653034	rachelzarrell	Rachel Zarrell	10264
29054836	sapna	Sapna Maheshwari	12785
20530716	joshmohrer	Josh Mohrer	1870
72842277	deborahblum	Deborah Blum	18879
52488565	OliverSacks	Oliver Sacks	97841
316327930	Neuro_Skeptic	Neuroskeptic	60011
20542737	vaughanbell	Vaughan Bell	31170
86065887	sjblakemore	Sarah-JayneBlakemore	18803
18985501	mocost	Mo Costandi	23487
26858764	maggiekb1	Maggie Koerth-Baker	20864
18655567	stevesilberman	Steve Silberman	41886
15008449	amcafee	Andrew McAfee	32167
24438551	MediaREDEF	MediaREDEF	14369
261546340	hipsterhacker	Hipster Hacker	46844
71117407	mjskok	Michael J Skok	4510
18588279	shanedawson	Shane Dawson	2537051
22110336	maureenoco	Maureen O'Connor	15143
128361193	swathyprithivi	Swathy Prithivi	4017
14323985	mulligan	Brenden Mulligan	114332
15692520	sarahrich	Sarah C. Rich	6942
145773567	silviakillings	Silvia Killingsworth	9104
11322372	holman	Zach Holman	34559
67363	RobertAndrews	Robert Andrews	7164
8475532	sdkstl	Staci D Kramer	11191
33846451	Accel	Accel Partners	115874
48431093	EghosaO	Eghosa Omoigui	6454
5568612	ryanspoon	Ryan Spoon	14274
56255882	SolfromBrooklyn	Sol Weinreich	664
18536658	amirhaleem	Amir Haleem	19617
1668	gustaf	Gustaf Alstrmer	5891
4106551	ikirigin	Ivan Kirigin	4544
13737	noahkagan	noah kagan	37523
662423	pm	Paul McKellar	6900
1114876050	JeremyShure	Jeremy Shure	3781
79919001	mileskimball	Miles Kimball	8074
10778572	delong	J. Bradford DeLong	37127
18950712	nickgillespie	Nick Gillespie	47769
16353245	asymmetricinfo	Megan McArdle	25564
19267390	vpostrel	Virginia Postrel	10418
14764915	charlesjo	Charles Jo	3052
32359921	EconBizFin	The Economist	1390538
17264476	Spacekatgal	Brianna Wu	40252
14515205	alexavontobel	Alexa von Tobel	16226
15389118	cpaik	Chris Paik	3045
937961	msg	Michael S Galpert	7302
579299426	stevenstrogatz	Steven Strogatz	20087
1475909736	billjaneway	Bill Janeway	2080
21266194	hayleybay	Hayley Barna	3160
15883042	juliahartz	Julia Hartz	7820
35867690	giltfounder	Alexis Maybank	18082
193031163	Jenn_RTR	Jennifer Hyman	5972
11503282	ladyxtel	Christel Quek	55824
5548952	AdrienneLaF	Adrienne LaFrance	6529
16244449	jbarro	Josh Barro	70269
2517988075	tanehisicoates	Ta-Nehisi Coates	153081
7805272	sarahleary	Sarah Leary	4860
14561327	dhh	DHH	138857
252672612	MargRev	Marginal Revolution	23398
27814665	GoogleVentures	Google Ventures	404029
19978655	teflonblondie	marcy simon	2076
114690248	collinmathilde	Mathilde Collin	2566
39761880	amystanden	amy standen	985
15006743	zpower	Chris Ziegler	34701
139638149	jmilinovich	John Milinovich	1425
41516710	EddyElfenbein	Eddy Elfenbein	19562
192784466	jrichlive	Jeff Richards	2304
17762196	williamallen	William Allen	2980
1183041	wilw	Wil Wheaton	2839253
168857946	500Startups	500 Startups	329220
18359716	edzitron	WARNING: Ed Zitron	23864
14120215	kottke	kottke.org	39090
34181507	dez_blanchfield	Dez Blanchfield	46408
86158118	jasongay	Jason Gay	39729
16906137	pourmecoffee	pourmecoffee	206275
281877818	Noahpinion	Noah Smith	25162
15492359	TEDTalks	TED Talks	5499394
19407053	Entrepreneur	Entrepreneur	1288327
23484039	WSJbreakingnews	WSJ Breaking News	338274
67358777	BW	Businessweek	1039151
15891430	jodikantor	jodikantor	28071
17838032	asmartbear	x: y	14180
14173930	s_m_i	stacy-marie ishmael	6816
14577594	MattRosoff	Matt Rosoff	8708
14074418	Grg	Greg Kumparak	14553
14269152	anthonyha	Anthony Ha	27742
788673	johnbiggs	John Biggs	28771
57084769	edhelms	Ed Helms	782241
44039298	sethmeyers	Seth Meyers	2873506
28644174	bjnovak	B.J. Novak	774231
19637934	rainnwilson	RainnWilson	4102253
15335709	zaoyang	Sizhao Yang	3291
17152685	lpolgreen	Lydia Polgreen	59114
7413762	davealevine	David Aron Levine	3983
353344542	NYTFridge	NYTFridge	11007
19113374	DVNJr	Don Van Natta Jr.	32684
28178127	arthurbrooks	Arthur Brooks	25094
20605481	AdrianChen	Adrian Chen	25057
22535726	dandarcy	Dan Darcy	5784
14869010	katherineabell	Katherine Bell	3055
15678926	leahfinnegan	Leah Finnegan	4340
9551792	solomonstre	Solomon Hykes	12652
19107878	GlennThrush	Glenn Thrush	36180
26233	xc	alex choi	5188
183279521	ScottMinerd	Scott Minerd	19585
36743910	CornelWest	Cornel West	635596
55334133	MichaelEDyson	Michael Eric Dyson	214769
45671898	finneyk	Karen Finney	100981
337432907	amaryllisfox	Amaryllis Fox	3574
234409558	greg_ip	Greg Ip	28578
7144422	lifehacker	Lifehacker	2531092
75052666	edshow	Ed Schultz	219711
4207961	chrislhayes	Christopher Hayes	426759
158426909	Lawrence	Lawrence O'Donnell	271177
48802204	hardball_chris	Chris Matthews	279840
21220931	LukeRussert	Luke Russert	198885
89820928	mitchellreports	Andrea Mitchell	263324
407933800	joyding	joy_ding.mov	1032
10162682	brett1211	Brett Martin	4232
19132398	brucefenton	Bruce Fenton	6268
544	peter	Peter Berg	10626
3137231	knguyen	Kevin Nguyen	4214
17412858	joshdsullivan	Josh Sullivan	16064
109977795	iamjoshuascott	Joshua Scott	1598
236026761	DylanByers	Dylan Byers	37347
14412533	TheFix	Chris Cillizza	262856
93069110	maggieNYT	Maggie Haberman	59234
63004503	mlcalderone	Michael Calderone	42483
133947893	jimtankersley	Jim Tankersley	9551
91283	amol	Amol Sarva	3842
19024627	joshgreenman	Josh Greenman	19050
21212087	Olivianuzzi	Olivia Nuzzi	16362
962394086	MsSapone	Marcela	1795
5411002	karanortman	Kara Nortman	1828
39191312	kirstenagreen	Kirsten Green	3796
60783724	ianbremmer	ian bremmer	109280
34719119	WalterIsaacson	Walter Isaacson	27917
784912	jsnell	Jason Snell	53171
251767189	bijanstephen	thirst merchant	3329
577124971	rustyk5	Rusty Foster	4908
398420337	EricDamier	Eric Damier	18507
19754193	covrter	Andrew Courter	561
5750512	gendal	Richard Gendal Brown	2872
154221292	CaseyNeistat	Casey Neistat	114720
423094645	jaltma	Jack Altman	1871
30914122	BenDoernberg	Ben Doernberg	3479
26387006	imcatnoone	Cat Noone	4833
87271106	BCAppelbaum	Binyamin Appelbaum	27898
3895021	jokull	Jkull Slberg	1359
793023	Suhail	Suhail	2054
37281592	AnnieLowrey	Annie Lowrey	42987
1262413328	TechCrunchOnion	TechCrunch Onion	11347
7138532	gabrielsnyder	Gabriel Snyder	12256
1305941	jkottke	Jason Kottke	263093
106205230	AlexandraUlmer	Alexandra Ulmer	3512
95806052	MSDavisVP	Mark Davis	562
16685069	warrenhogarth	Warren Hogarth	1226
25742478	jpressler	Jessica Pressler	7643
81965252	mekosoff	Maya Kosoff	2238
66025575	nathanjurgenson	nathanjurgenson	12131
224717630	watersNYC	Alex Waters	1699
14287094	Harpers	Harper's Magazine	94559
470847338	jmcduling	John McDuling	2964
4517721	declanm	Declan McCullagh	16247
1059273780	AdamMGrant	Adam Grant	37440
69004966	mattdpearce	Matt Pearce	42188
2217099931	ThingsWork	How Things Work	213431
619303	mattmatt	Matt Matteson	3249
18549100	internetrebecca	Rebecca Williams	3192
93547212	choppedonion	Kelly	9121
12696	dcancel	David Cancel	19587
232120274	Jesse_Livermore	Jesse Livermore	23464
18079631	mattmireles	Matt Mireles	3565
15705567	rafat	Rafat Ali	25024
12263542	MattZeitlin	Matthew Zeitlin	11949
41502749	EmilyGould	Emily Gould	21047
564686965	Brilliant_Ads	Brilliant Ads	749100
15458181	kate_sheppard	Kate Sheppard	56175
15220768	DavidCornDC	David Corn	186473
24431892	markos	Markos Moulitsas	127440
102581666	MacMcClelland	Mac McClelland	24137
43412697	ClaraJeffery	Clara Jeffery	25810
50279361	nickgraynews	Nick Gray	9625
279697896	fnxTX	JJ 	2012
24296208	BobMetcalfe	Bob Metcalfe	18088
6571962	cbracy	Catherine Bracy	5839
5431642	tobyd	Toby Daniels	9524
14849562	WesleyLowery	Wesley Lowery	115194
13	biz	Biz Stone	2457488
14375609	nickgrossman	Nick Grossman	5183
17108241	emeryim	Emery Lees	445
223701551	timothyjoreilly	Tagdh	1107
14892191	feltron	Nicholas Felton	30499
15692778	randyjhunt	Randy J. Hunt	7754
16176754	pickover	Cliff Pickover	17632
17547646	ellie	Ellie Wheeler	8566
11216662	dhaber	David Haber	2502
14820604	jamesproud	James Proud	4016
2493246408	EuropesHistory	Europe's History	23938
1074480192	SenTedCruz	Senator Ted Cruz	448025
17126234	navchatterji	Nav Chatterji	5491
419854605	TheGoodDeath	Caitlin Doughty	18723
46871334	elenaholodny	Elena Holodny	2819
2193616844	twobitidiot	Ryan Selkis	8098
246	blaine	Blaine Cook	14235
2150981	Rasiej	Andrew Rasiej	10284
18337283	pandemona	Sara Haider	53594
5512832	Rich_Barton	Rich Barton	11372
11621822	davidfolkenflik	David Folkenflik	42221
168606911	socarolinesays	Caro	12254
25786620	SarahNEmerson	Sarah N. Emerson	9237
17565514	shondarhimes	shonda rhimes	962229
5698342	markmcc	Mark McClusky	9455
14313712	mattbuchanan	matt	18356
2006261	maccaw	Alex MacCaw	16125
41754227	scottgu	Scott Guthrie	114551
45360799	delk	Ryan Delk	3085
768197	haacked	Boom Haackalacka	39100
46014775	df07	David Fullerton	839
18193572	jonskeet	Jon Skeet	40306
9692022	lheron	Liz Heron	48212
19430233	zseward	Zach Seward	23644
296052773	derek_j_morris	Derek Morris	222
71048726	juliaioffe	Julia Ioffe	38330
291	goldman	Jason Goldman	1193192
2481688891	edf_eu	EuropeanDigitalForum	935
79543	jowyang	Jeremiah Owyang	161724
14231571	marcoarment	Marco Arment	82340
5959342	charlesarthur	Charles Arthur	63061
50393960	BillGates	Bill Gates	22330227
302991385	ryanxcharles	Ryan X. Charles	3910
168295477	DLeonhardt	David Leonhardt	64913
20153725	annfriedman	ann friedman	36991
13367172	shani_o	Shani . Hilton	12053
15446531	mattyglesias	Matt Yglesias	136028
4503491	jason_pontin	Jason Pontin	24108
283734762	munilass	Kristi Culpepper	10990
89043072	jasonzweigwsj	Jason Zweig	35708
3764301	RyanHoliday	Ryan Holiday	38053
49753604	ritholtz	Barry Ritholtz	67793
33104659	farnamstreet	Shane Parrish	32226
321299775	MFordFuture	Martin Ford	32109
143699009	bballinger	Brandon Ballinger	817
12196	wilsonminer	Wilson Miner	14123
633980404	nytdavidbrooks	David Brooks	52004
149029214	AlokVasudev	Alok Vasudev	541
794532	jerrybrito	Jerry Brito	8349
150812765	kalvepuri	Kal Vepuri	1101
217284148	Austan_Goolsbee	Austan Goolsbee	51124
265957243	kirst	Kirsten Connell	4680
761628	RickWebb	Rick Webb	10118
13258512	dhof	Dom Hofmann	16176
14208617	robgo	Rob Go	30047
17503180	marissamayer	marissamayer	1004330
60498741	annarchyy	Anna Khan	2300
14666934	kevinmitnick	Kevin Mitnick	153980
1364930179	WarrenBuffett	Warren Buffett	1024637
635543	dburka	Daniel Burka	33996
1924391640	banksyny	banksy	73994
583938358	RobertJShiller	Robert J Shiller	53528
20599789	shanaglick	Shana Fisher	1990
5699	stewart	Stewart Butterfield	24682
692023	westcoastbill	bill lee	18782
42559115	joshm	Josh Miller	8436
7304782	jerrycolonna	Jerry Colonna	6677
14220991	gregbettinelli	Greg Bettinelli	5798
111267377	AMLG23	Alice Lloyd George	6730
47585529	gusfuldner	Gus Fuldner	1163
162124540	thegdb	Greg Brockman	4098
27457788	KevinSpacey	Kevin Spacey	4067981
1528675166	asm	Assembly	2576
379990616	MSMcDermid	Steve McDermid	98
23211822	Michael_Eisner	Michael Eisner	9825
33141453	lvojvodich	Lynn Vojvodich	2422
7426632	MikeElgan	Mike Elgan	27881
16164636	walterolson	Walter Olson	11328
14363893	Mazzeo	Matt Mazzeo	8035
10324882	sweetlew	Lew Cirne	4098
809192336	ViewFromtheHedg	View From the Hedge	1052
14092590	drwave	Michael B. Johnson	11908
143506878	michaelsderby	Michael S. Derby	4156
57048551	publicroad	Ruth Graham	4988
339977188	PayalKadakia	Payal Kadakia	3587
15432741	ArthurLevitt	Arthur Levitt	4597
316659505	robferdman	Roberto Ferdman	5109
17791926	laurenist	Lauren Jenkins	5017
130496027	jonfavs	Jon Favreau	41880
644863	nivi	Nivi	25334
12993892	shawnfanning	shawnfanning	5856
2201834664	JohnLOFarrell	John O'Farrell	38
1052961	dsifry	David Sifry	12883
14325035	crovitz	Gordon Crovitz	2951
28337263	mleslie45	Mark Leslie	1103
18412421	randomoracle	Cem Paya	718
15382584	ericharris	Eric Harris	3822
359772781	traviskorte	Travis Korte	997
712767574	Alan_Krueger	Alan B. Krueger	4294
11690	jamesjyu	James Yu	8118
2189541	starkness	elizabeth stark	9043
14087951	ericflo	Eric Florenzano	6275
2578504578	BitcoinBlake	Blake Anderson	1555
192824559	petersterne	Peter Sterne	2539
6642152	dinabass	Dina Bass	11953
1717348572	kristovatlas	Kristov Atlas	3466
41380155	patrickchung	Patrick Chung	1413
68299529	superguenter	Tobi Knaup	1464
18618298	flo	Florian Leibert	6265
36903049	DanielKrawisz	Daniel Krawisz	976
2516067432	PreNavInc	PreNav Inc.	538
2412807320	walkerteespring	Walker Williams	1095
18998438	dcstalder	Dana Stalder	5027
15228003	blakeross	Blake Ross	16069
13524182	daveweigel	daveweigel	157109
17062849	tomstandage	Tom Standage	18067
38271276	mtaibbi	Matt Taibbi	219269
17023436	guyvidra	guyvidra	596
20747011	chrishughes	Chris Hughes	39169
381739821	HeyHeyESJ	Eric Scott Johnson	4222
25863330	max_hodak	Max Hodak	613
6981492	ftrain	Paul Ford	24279
15695490	golubbe	Ben Golub	3055
17659162	jmonegro	Joel Monegro	2565
624683	Stammy	Paul Stamatiou	29774
168732434	sarahmishkin	Sarah Mishkin	2874
7433772	emilysteel	Emily Steel	32528
1963774100	animagraffs	Jacob O'Neal	2002
19725644	neiltyson	Neil deGrasse Tyson	3704018
14110443	muneeb	Muneeb Ali	2174
18749271	libbybrittain	Libby Brittain	5833
358377682	serenasaitto	serena saitto	3635
2358382820	amazinmaps	Amazing Maps	46742
6655612	ekp	Ellen Pao	8375
4300171	vandermy	Anne W. VanderMey	2174
56770312	noahchestnut	Noah Chestnut	2310
12245632	jackshafer	Jack Shafer	48619
3237831	stevedekorte	Steve Dekorte	1807
1392281	adrianholovaty	Adrian Holovaty	14200
14100237	Alfred_Lin	Alfred Lin	13530
109968678	Katie_Roof	Katie Roof	6312
28049003	GreatDismal	William Gibson	167898
5254851	BSchuler	Barry Schuler	4350
9395832	dcurtis	dustin curtis	48800
17367621	jennifersaba	jennifer saba	4224
385162204	dan_pantera	Dan Morehead	3621
100603066	Kellblog	Dave Kellogg	5892
107837944	_tessr	Tess Rinearson	6514
2436389418	SwiftOnSecurity	InfoSec Taylor Swift	73678
58524428	margarita	Margarita Noriega 	14338
99060377	mrgrim151	Alan Schaaf	753
158742985	dom__mon	Dominik K. Mo	120
266786132	benuretsky	Ben Uretsky	2016
2948211	rsg	Bobby Goodlatte	18570
1219630614	dollaraday	Dollar A Day	1100
9529752	nrmehta	Nick Mehta	3984
15962190	kevinhartz	Kevin Hartz	10571
3476	brit	Brit Morin	37925
14230772	matt_levine	Matt Levine	16575
37718217	TheDomino	Dominic Chu	22840
14810366	satpalparmar	Satpal Parmar	431
5988062	TheEconomist	The Economist	8679784
7184612	mdudas	Mike Dudas	5547
118613399	DannyCrichton	Danny Crichton	2754
92116069	erikbryn	Erik Brynjolfsson	36924
22680719	paulvigna	Paul Vigna	7596
70137186	julietasana	Juliet Nyatta	305
174934382	parkerconrad	Parker Conrad	1948
14399252	JPQ	James Queen	995
131683149	cqtang	Carol Tang	574
13350372	jedgar	John Edgar	17628
261515114	neurobongo	David Cox	1872
28618036	johndurant	John Durant	20288
18231563	tparekh	Tarak Parekh	1696
588797548	thedataroom	Michael T	980
12387072	SuB8u	Subrahmanyam KVJ	5472
2323067102	startuployalist	Bushra Farooqui	1127
2704894214	SantiaSua	Santiago Suarez	1292
14296102	minarad	mina	3180
788059556	calcsam	Sam Bhagwat	1318
1343784108	Atif_Rz	Atif Raza	1319
20565064	stephpalmeri	Steph Palmeri	6096
18446787	sarahkunst	sarah kunst	18808
22745680	Besvinick	Adam Besvinick	5225
8475852	zaid	Zaid Farooqui	2432
118779189	omosanzalette	Louis Anslow	2229
234857514	NaithanJones	Nait Jones	12148
3940201	JessicaMah	Jessica Mah	8699
13232322	DanielleFong	Danielle Fong	7593
30036227	andrewtrabulsi	Andrew Trabulsi	2364
78455406	ahsanhilal	Ahsan Rizvi	2080
6161062	stanine	Matt MacInnis	3209
2478756618	jerallaire	Jeremy Allaire	2687
14870670	KateNocera	Kate Nocera	17169
18521094	McCollumAshley	Ashley McCollum	9203
46223	bencasnocha	Ben Casnocha	12888
14251443	danroth	Daniel Roth	14070
6576862	adamac	Adam MacBeth	775
15865042	katienotopoulos	Katie Notopoulos	23095
145153732	chris_milk	Chris Milk	12051
104288093	kevinjonas	kevin jonas	4857558
169321761	PeterChernin	Peter Chernin	8629
20495814	othman	Othman Laraki	10109
12286362	ericmigi	Eric Migicovsky	9051
10155292	joshbuckley	joshbuckley	7542
25552514	arjunblj	Arjun Balaji	832
38743751	treehcapital	Rob Majteles	3015
15937756	akarve	Aneesh Karve	667
14182218	zooko	zooko	4672
30133564	rachelbotsman	rachel botsman	32399
17444309	joelgascoigne	Joel Gascoigne	48155
40826726	alexcampbell	Alex Campbell	2809
2205024632	SchoofsFeed	Mark Schoofs	2470
13666	mikebutcher	Mike Butcher	107289
228077059	beccarosen	Rebecca Rosen	7809
74972610	JamesTamplin	James Tamplin	2964
21330800	loftusbc	James Loftus	643
16443393	tadfriend	tad friend	13720
11648452	pentagoniac	Christopher Nguyen	718
76133	tim	Tim Bradshaw	93799
38586850	eyc	Eugene Chung	3633
14650805	paulbettner	Paul Bettner	1414
340930998	sknthla	Saku Panditharatne	771
23890475	jonoringer	Jon Oringer	13261
10064382	MartinSFP	Martin Bryant	20326
768632	ceonyc	Charlie O'Donnell	31644
14130408	hadip	Hadi Partovi	7132
133826235	HennsEggs	Stephen Henn	2121
1449951	rowantrollope	Rowan Trollope	6132
19395453	maxtaco	Max Krohn	2507
20569671	minimumnz	Richard Hall	165
19888257	ashbhoopathy	ash bhoopathy	1963
6204	abrams	Jonathan Abrams	14213
122860384	FeliciaHorowitz	Felicia Horowitz	815
30570632	kamalravikant	Kamal Ravikant	5817
1159251	shervin	Shervin Pishevar	64037
14328046	merijn481	Merijn Terheggen	551
11113	mat	mat	65989
22330739	Benioff	Marc Benioff	167688
5845492	tomgara	Tom Gara	33103
25160944	kashhill	Kashmir Hill	28287
37605443	smithmegan	Megan Smith	13650
13630902	daozers	Dao Nguyen	2724
14618863	anandshimpi	anandshimpi	18827
249888833	fazz	John Fazzolari	1384
258564439	tomschulz33	Thomas Schulz	821
157735379	alexmaccallum	alex maccallum	2406
18794329	jdh	Josh Hannah	8310
32718488	wadhwa	Vivek Wadhwa	53539
1020058453	BuzzFeedNews	BuzzFeed News	301906
28237213	cjpedregal	Christopher Pedregal	256
189045861	ibdknox	Chris Granger	7294
47243142	MaxWendkos	Max Wendkos	1597
19853	rk	Ryan King	243917
1140451	AntDeRosa	Anthony De Rosa	84870
7482	arainert	Alex Rainert	8713
1485248274	BuzzFeedWorld	BuzzFeed World	11271
14515799	brianstelter	Brian Stelter	285002
34145908	foxjust	Justin Fox	19226
30181235	sbermo	Seth Berman	1299
791300	alexwilliams	Alex Williams	10506
16253142	byjoelanderson	Joel D. Anderson	19303
8362412	blam	Brian Lam	26070
14137885	deantak	Dean Takahashi	20463
14538938	boonsri	Boonsri	5508
135032000	JenniferDewalt	Jen Dewalt	3744
43179757	mmfrackt	Mark Frackt	103
15581948	porteous	Will Porteous	1375
14217749	santopoliti	santopoliti	6053
7823142	okeefe	Dan O'Keefe	3180
142019458	GregBuzzFeed	Greg Coleman	3983
108432404	jkrim	Jonathan Krim	4562
828991	VCMike	Mike Hirshland	24406
8095292	asenkut	Aydin Senkut	35282
982341	tikhon	Tikhon Bernstam	21270
15833312	artpapas	Art Papas	2082
14260608	dharmesh	Dharmesh Shah	262058
6044272	ramez	Ramez Naam	12858
788524	guardiannews	Guardian news	1778073
28917111	justinkan	Justin Kan	14699
46959157	beaucronin	Beau Cronin	2137
6705512	mkeblx	blix	567
15279308	WillPao	Will Pao	31630
149763	sriramk	Sriram Krishnan	8127
56501671	jessmisener	Jessica Misener	21538
18691131	bussgang	Jeff Bussgang	33986
15281972	ericvishria	Eric Vishria	2009
22937232	mabb0tt	michael abbott	25224
1392095930	a16zNews	a16z news	175
7017692	DanielleMorrill	Danielle Morrill	33471
43201218	Maidenberg	Ted Maidenberg	1898
19048532	danielaperdomo	Daniela Perdomo	2462
7742162	soleio	Soleio	19781
2568108282	NickSzabo4	Nick Szabo	7241
28576448	amandapouchot	Amanda Pouchot	4097
22273667	sm	Sara Mauskopf	32027
183791347	apoorva_mehta	Apoorva Mehta	2609
30255531	wileycerilli	Wiley Cerilli	3093
27702153	Lefsetz	Bob Lefsetz	64196
47539748	Bill_Gross	Bill Gross	141978
98588767	ellenhuet	Ellen Huet	9219
9615352	dwr	Dan Romero	2314
14062869	davidcowan	davidcowan	18637
35739495	anthonynoto	Anthony Noto	18266
10221	drew	drew olanoff	26584
22255654	johndoerr	John Doerr	255529
14710664	rjonesy	Ryan Jones	1887
20088765	jsoltero	Javier Soltero	3315
14497568	EnriqueAllen	Enrique Allen	7001
57203	kevinmarks	Kevin Marks	25081
40574095	RachelAubrey	Rachel Rutherford	590
24328692	danielgraf	Daniel Graf	10419
24254084	noUpside	Renee DiResta	5318
3226561	davidsze	David Sze	18400
2161496719	NakamotoInst	Nakamoto Institute	1407
2182641	stevenbjohnson	Steven Johnson	1396312
94274445	jgarzik	Jeff Garzik	12495
173903474	eigenjoy	Nate Murray	3562
15958614	markgurman	Mark Gurman	38489
117338050	bgmasters	Blake Masters	4557
57502401	zatlyn	Michelle Zatlyn	3743
9207632	brainpicker	Maria Popova	564605
6585222	Moonalice	Roger McNamee	67587
64280784	jsphctrl	Joseph Cotterill	14031
15595832	jamesjoaquin	James Joaquin	4066
1769191	mims	Christopher Mims	38230
159124891	ruzwana	Ruzwana Bashir	12971
855444446	anjiecast	Andrea Castillo	4528
23818581	VICE	VICE	967219
277618799	Nivo0o0	Niv Dror	8201
74309638	mlymat	Molly Matthieson	1300
59557446	tnyCloseRead	Amy Davidson	34628
14546264	BenBajarin	Ben Bajarin	11536
8383592	Poynter	Poynter	129365
22387220	qhardy	Quentin Hardy	20583
18622869	ezraklein	Ezra Klein	765313
808627	StevenLevy	Steven Levy	90606
774310591	BuzzFeedBiz	BuzzFeed Business	13479
13652832	colerise	Cole Rise	73616
22964911	markkaganovich	Mark Kaganovich	544
14378343	judegomila	Jude Gomila	8264
17159977	mccoyspace	Kevin McCoy	666
14417215	rrhoover	Ryan Hoover	34839
1478433775	iam_preethi	Preethi Kasireddy	734
15329102	slothead	John Bennet	2593
7946092	vauhinivara	Vauhini Vara	3679
19040598	MikeIsaac	_	38246
16076125	bobbybaird	robert p. baird	1171
16036705	davemuni	Dave Munichiello	1295
47707475	jacobwe	Jacob Weisberg	27429
2883461	magger	Michael Agger	5926
599515941	alisongriswold	Alison Griswold	2387
12203522	seanduffy	Sean Duffy	1963
8067002	donohoe	Michael	4900
78400205	JohnCassidy	John Cassidy	22759
1355246442	soylent	Soylent	11855
16061930	hackingdata	Jeff Hammerbacher	21489
54129186	neil_conway	Neil Conway	3225
58069392	morcosa	Alex Morcos	214
15307727	firstround	First Round	108093
14196511	karrisaarinen	Karri Saarinen	3389
16849854	jorilallo	Jori Lallo	3302
25400704	widdikombe	Lizzie Widdicombe	2965
22222965	robrhinehart	Rob Rhinehart	8113
6645712	kentgoldman	Kent Goldman	18600
19924417	ted_livingston	Ted Livingston	1198
9533042	BrendanEich	BrendanEich	40362
14617117	chrysb	Chrys Bader	5336
342578839	lxbrun	Alexandre Lebrun	549
1691859852	WitNL	Wit.ai	2603
287781448	BartDessaint	Bart Dessaint	902
14711220	gilshafir	gilshafir	465
27810354	rjwile	Rob Wile	3373
150723226	yvesbehar	Yves Behar	32458
3475	davemorin	Dave Morin	453514
2347049341	voxdotcom	Vox	240787
78453	khoi	Khoi Vinh	341538
272871165	orionwl	Wladimir	1640
1963651	danielha	Daniel Ha	4971
83633030	michaelelmgreen	Mike Elmgreen	440
22301442	eileentso	Eileen Burbidge	46511
20423403	millsustwo	Mr Talky	11043
243293725	tom_forsyth	Tom Forsyth	6082
9544202	schlaf	Steve Schlafman	11242
263852695	StanfordVR	Stanford VR	3153
806689	austinhill	Austin Hill	11618
6476742	mollywood	Molly Wood	98810
8474512	conniechan	conniechan	165
16303106	StephenAtHome	Stephen Colbert	7903803
17425484	jessicarichman	Jessica Richman	58818
4327281	EconoScribe	Ludwig Siegele	2880
817209	davidcohen	David Cohen	111697
21271771	trengriffin	Tren Griffin	11110
607	mg	Matt Galligan	24023
1881168794	theinformation	The Information	13530
19902826	CarterD	Carter Dougherty	1071
14650130	EdFelten	Ed Felten	6985
807360	nikcub	nik cubrilovic	4791
13972932	bobmcmillan	Robert McMillan	11457
224	davepell	Dave Pell	27677
2913411	mitali	Mitali Pattnaik	4010
30628216	maxrogo	Mark Rogowsky	4227
76821872	WaterlooAlex	Alex Black	654
267485701	AriannaSimpson	Arianna Simpson	3635
1037639390	jbdowney83	Jonathan Downey	1042
7347012	polemitis	Antonis Polemitis	4629
6330012	shishirmehrotra	Shishir	1158
79949872	worstall	Tim Worstall	4228
14130366	sundarpichai	sundarpichai	133692
46825221	jimgoetz	jim goetz	9001
23809682	htaneja	Hemant Taneja	2152
9815252	btrenchard	Bill Trenchard	1961
96024356	Pv	Patrick Vlaskovits	12168
11435642	jeffjarvis	Jeff Jarvis	149587
17977475	shak	Shakil Khan	18403
16228398	mcuban	Mark Cuban	3044276
19317055	brianjcho	Brian Cho	703
14601165	MarcusWohlsen	Marcus Wohlsen	6893
14206068	tlrobinson	tom robinson	3859
20571756	satyanadella	Satya Nadella	434279
3108351	WSJ	Wall Street Journal	6407046
40273	benthompson	Ben Thompson	25621
36444204	TimFernholz	Tim Fernholz	8905
114602310	amir	Amir Efrati	14601
213236426	adam3us	Adam Back	4369
10963592	borismsilver	Boris Silver	2265
761975	mathowie	Matt Haughey	18538
17493187	aileenlee	aileenlee	22210
16099291	JasonHirschhorn	Jason Hirschhorn	26969
14288504	rajeshj	Rajesh Jayaraman	892
86736696	justGLew	Geoff Lewis	5131
15497928	rubenharris	Ruben Harris	36246
16399949	felixsalmon	Felix Salmon	150974
21485520	wmorein	Bill Morein	1104
13507252	jgilliam	Jim Gilliam	6500
824157	mathewi	Mathew Ingram	65137
46063	hunterwalk	Hunter Walk	90380
36823	anildash	Anil Dash	556423
13479	photomatt	Matt Mullenweg	78762
862681	ryan	Ryan Block	84751
56079466	srlake	Stephen Lake	2764
17198424	stevekovach	Steve Kovach	17600
14505932	stilenius	stilenius 	2480
17797951	sean_a_rose	sean rose	3256
390343030	RtoVR	Road to VR	10416
294306372	PalmerLuckey	Palmer Luckey	16812
109371631	brendaniribe	Brendan Iribe	7435
29732243	natemitchell	Nate Mitchell	5467
5469512	micah	Micah Baldwin	17439
3496641	reckless	nilay patel	80922
2154512879	MITBitcoinClub	MIT Bitcoin Club	2771
13198	markpinc	mark pincus	58016
16120265	inafried	Ina Fried	69389
817970	kwerb	Kevin Werbach	24286
2244340904	Recode	Re/code	166164
9269	simon	Simone Brunozzi	11825
123428539	virtuallylaw	Patrick Murck	4598
14165170	binarybits	Timothy B. Lee	18979
396045469	barrysilbert	Barry Silbert	14095
275686563	verge	The Verge	894258
6264512	mickymalka	Meyer Malka	3378
17412147	charlesamadeus	Charlie Amadeus	1817
4558	harryh	Harry Heymann	6013
714758552	oculus	Oculus	137560
14379660	brian_armstrong	Brian Armstrong 	11423
574032254	coinbase	Coinbase	53467
315991624	FEhrsam	Fred Ehrsam	7337
14348490	svbmark	Mark Lau	1255
1469101279	aantonop	AndreasMAntonopoulos	37209
143053926	gavinandresen	Gavin Andresen	27967
14427338	maraoz	Manuel Aroz	2345
14744734	bendavenport	Ben Davenport	4201
1333467482	coindesk	CoinDesk	63990
172641509	Adamcahan	Adam cahan	1288
2178012643	balajis	Balaji S. Srinivasan	24931
14270545	schreier	bryan schreier	2728
312479100	dflieb	David Lieb	1821
23976717	jeremysliew	jeremy liew	10589
24421464	nitashatiku	Nitasha Tiku	43234
19764179	hanstung	Hans Tung	480
3101571	timechange	tim chang	5548
19829693	danshipper	Dan Shipper	6670
14253109	adambain	adam bain	66931
2153366508	usvbot	USVbot	2270
14158830	brandee	Brandee Barker	49120
36515907	etzioni	Oren Etzioni	2681
14413529	MelodyMcC	Melody McCloskey	19248
14651539	jeffiel	jeffiel	7264
449588356	Kasparov63	Garry Kasparov	138473
15524875	SaraJChipps	SaraJo	26913
353789193	StartupLJackson	Startup L. Jackson	44002
255617445	worrydream	Bret Victor	33733
361289499	BitcoinMagazine	Bitcoin Magazine	36198
47	kellan	kellan	10084
817166	skidder	Scott Kidder	3258
20116095	davelerner	dave lerner	11146
4711	sippey	Michael Sippey	23259
12439322	jpm25	jamie mcgurk	1937
14501774	djhersh	djhersh	1883
21576543	tfadell	Tony Fadell	44213
3667651	egebhardt	Elizabeth Gebhardt	1760
970871	gerstenzang	Sam Gerstenzang	2326
15227849	semil	Semil	30073
1855351	seikatsu	Sten Tamkivi	12917
930061	ginatrapani	Gina Trapani	359146
17106845	kennethn	Ken Norton	8473
1636590253	tim_cook	Tim Cook	1205698
11969	zachklein	Zach Klein	20986
1504011	swissmiss	Tina Roth Eisenberg	424699
785691	zsims	zach sims	10917
799722	joyce	joyce kim	16280
322289998	bradsilverberg	Brad Silverberg	1619
175624200	ID_AA_Carmack	John Carmack	236393
781293	martinvars	Martin Varsavsky	97396
14400739	zalzally	Zal Bilimoria	3858
2397	daveg	David Galbraith	3084
296453816	LAAF	Arrillaga-Andreessen	9587
234062645	StupidFunWill	Will Wright	17950
15293504	msquinn	megan quinn	23354
1976841	jenny8lee	Jennifer 8. Lee	50395
21693060	cschweitz	Callie Schweitzer	60946
115396965	samir	samir mezrahi	27758
794340	Lock	Lockhart Steele	19527
16275037	joemfbrown	Joe Brown	17763
15319103	cmschroed	Chris Schroeder	6844
267366403	KevinSimler	Kevin Simler	604
21149327	pauljudge	Paul Judge, Ph.D.	10242
36768736	johnnie	Johnnie Manzari	8329
1175221	digiphile	Alex Howard	251377
586917046	airware	Airware	3115
23560999	tomkatis	Tom Katis	632
302134974	AlexanderPease	Alexander Pease	1455
16084841	kheussner	Ki Mae Heussner	4911
42331097	stevenjr76	Steven Rosenblatt	853
6213582	wences	Wences Casares	17241
225847395	AustinCarr	Austin Carr	9881
1454021	stevegillmor	Steve Gillmor	16542
41187603	Penenberg	Adam L. Penenberg	9776
14600116	johnbattelle	John Battelle	277915
10069172	ttunguz	Tomasz Tunguz	28281
72160337	bevenky	Venky	658
8584	Megan	Megan McCarthy	22200
13475802	JohnPaczkowski	John Paczkowski	31074
15823784	ryanlawler	Ryan Lawler	20235
14096763	TheStalwart	Joseph Weisenthal	91746
69426451	CaseyNewton	Casey Newton	20229
21700460	nchirls	Nicholas Chirls	2627
2408481	MarkUry	Mark Ury	521
14126365	basker	Jonathan Basker	1944
91236235	pgallagher99	Patrick Gallagher	363
59512534	pitaru	Amit Pitaru	4791
14391202	arsie	Arsie Jiwajinda	923
48188423	Runchal	Amit Runchal	706
20348377	jeffweiner	Jeff Weiner	239218
8072642	rr	Randy Reddig	4707
17973378	NickPinkston	Nick Pinkston	2228
9198832	MVC	Michael V. Copeland	4258
14393131	JudStephenson	Jud Stephenson	284
492609310	FiftyThree	FiftyThree	35244
130914103	hamburger	Ellis Hamburger	16438
150952359	julianwa	Julian Walker	1736
15412900	josephflaherty	Joseph Flaherty	4705
18031093	arjunsethi	Arjun Sethi	26765
42992633	karinklein	Karin	1690
107	pud	Philip Kaplan	43980
14270274	tjsnyder	TJ Snyder	695
16809794	billwasik	Bill Wasik	6792
1236101	BenedictEvans	Benedict Evans	74865
16444606	KatieBoehret	Katie Boehret	40697
16190278	amandahesser	amandahesser	231794
8885922	donal888	Don Clark	10429
15934579	JackGretz	Jack Groetzinger	2246
15525914	JPManga	JP Mangalindan	9323
24737919	stephaniemehta	Stephanie N. Mehta	10058
1045751	ahess247	Arik Hesseldahl	23529
19476868	nickwingfield	Nick Wingfield	14251
943751	jhuber	Jeff Huber	36042
14161568	smc90	sonal chokshi	4285
41143	YaronSamid	Yaron Samid	4466
14531315	nist	Scott Banister	5403
18816166	kevinroose	Kevin Roose	30813
133188015	adeoressi	Adeo Ressi	8849
44123487	samfbiddle	Sam Biddle	27265
10476462	adamdangelo	Adam D'Angelo	31512
3526	alexanderljung	Alexander Ljung	20595
15066958	rachelhaot	Rachel Sterne Haot	54750
20178419	cwarzel	Charlie Warzel	10548
16026783	dmac1	Doug MacMillan	26865
140872924	levynews	Ari Levy	8904
15823646	sarahfrier	Sarah Frier	10460
25053299	FortuneMagazine	Fortune	1697937
7589582	chrisyeh	Chris Yeh	9953
427036400	LarsLuv	Lars Dalgaard	9854
15753039	rjpittman	R.J. Pittman	2314
15987690	lagorio	Christine Lagorio	6584
19312115	panzer	Matthew Panzarino	21431
4310571	sdadich	Scott Dadich	13800
158135219	skupor	Scott Kupor	4241
16407251	richminer	Rich Miner	15558
45645493	davidbeisel	David Beisel	11497
7537712	immad	immad	2091
19556080	triketora	Tracy Chou	13195
11009852	benparr	Ben Parr	64551
89608638	strandby	Caitlin Strandberg	1687
34055382	AdamDraper	Adam	3587
15370019	wolfejosh	Josh Wolfe	3934
9866582	film_girl	Christina Warren	69198
35617432	tomrikert	Tom Rikert	1213
214333315	jjbeshara	James Beshara	3733
7095	Cookie	Connie Loizos	2902
202724099	dunn	Andy Dunn	14731
18046758	abracarioca	Anna	6103
39592581	ChrisLyons	Chris Lyons	2711
581053112	RickHertzberg	Hendrik Hertzberg	13428
23666890	mcarney	Michael Carney	8961
16878633	jessleber	Jessica Leber	5584
13416712	adamlashinsky	Adam Lashinsky	34760
52608240	elizanguyen	Eliza Nguyen	2342
30427815	simonjhughes	Simon J. Hughes	2332
5732432	saarsaar	saar gur	18566
18735441	davegilboa	davegilboa	3896
1532061	kevin2kelly	Kevin Kelly	28695
48166016	weijmarshausen	Peter Weijmarshausen	3355
16686583	zacktrak	Zack Schildhorn	1410
33792634	andrewrsorkin	Andrew Ross Sorkin	484143
817268	harrymccracken	Harry McCracken	79677
27046692	lorakolodny	Lora Kolodny	12581
14191945	Lammerding	Erik Lammerding	8886
266116717	lemnoslabs	Lemnos Labs Inc	2562
16063378	katelaurielee	Kate Lee	11485
804376	rstephens	Robert Stephens	13617
26609111	meredithperry	Meredith Perry	6744
6489102	arctictony	Tony Haile	6251
18348795	amandapey	amanda peyton	4172
6385432	dickc	dick costolo	1500823
13029	nicknotned	Nick Denton	29936
20704836	optian	Christian Gheorghe	2593
326255267	BuzzFeedAndrew	Andrew Kaczynski	119801
816214	sarahlane	Sarah Lane	89395
14688596	kimbatronic	Kim Milosevich	677
56640837	mattocko	Matthew Ocko	5182
177591582	AHolidayiii	Aaron Holiday	921
580172345	NickPaumgarten	Nick Paumgarten	1892
77076055	georgpetschnigg	Georg Petschnigg	3525
14877015	asallen	Andrew S Allen	2319
14247343	bretthellman	Brett Hellman	2097
23275456	eastdakota	Matthew Prince	13218
14211617	chrisfhoward	Chris Howard	1732
16893742	ksimm	Kristina Simmons	5389
21662638	ingridlunden	Ingrid	18819
14710129	PeterDiamandis	Peter Diamandis	66615
14616957	DelRey	Jason Del Rey	16875
9532402	BuzzFeedBen	Ben Smith	208751
13911852	stevejang	Steve	9175
12217	tconrad	Tom Conrad	159184
785027	RonP	Ron Palmeri	2125
15493123	jackdempsey	Jack Dempsey	385
951541	rozzie	Ray Ozzie	7823
16131833	adrjeffries	Adrianne Jeffries	15852
683113	sarahintampa	Sarah Perez	43175
52171246	nikesharora	Nikesh Arora	23828
35701040	mlevram	Michal Lev-Ram 	6514
6066692	mattblumberg	Matt Blumberg	3777
42877108	NickBeim	Nick Beim	1356
9184682	bubbam	Bubba Murarka	3616
44771048	RonConway	Ron Conway	79953
12089102	jasontanz	Jason Tanz	3881
8962882	Jessicalessin	Jessica Lessin	56887
486864604	techledes	Connie Guglielmo	4852
15199539	markmilian	Mark Milian	14453
14366976	bxchen	Brian X. Chen	24183
1320403075	tinyproof	Tiny Proof	3729
743452002	rodneyabrooks	Rodney Brooks	4014
57187580	chrishwiggins	chris wiggins	3444
37723353	DKThomp	Derek Thompson	29129
1270191	mmasnick	Mike Masnick	11529
243896198	atotalmonet	Caitlin Kelly	15462
14999454	samshank	Sam Shank	18256
105552664	rbeccazhou	Rebecca Zhou	1609
1605	sama	Sam Altman	81346
21687414	kevinjdelaney	Kevin Delaney	13204
15093212	metacool	Diego Rodriguez	9229
275400473	Sophia_Amoruso	SOPHIA AMORUSO	49429
626703	gentry	Gentry Underwood	6121
13192	avibryant	Avi Bryant	9475
14763721	davidfg	David Gallagher	13104
1102	davidu	 David Ulevitch 	8038
14850356	jjacobs22	Jason Jacobs	4962
14225267	drewhouston	Drew Houston	124764
7779902	ksegerstrale	kristian segerstrale	3681
11768582	garrytan	Garry Tan	28920
1137701	DavidSacks	David Sacks	39825
74130577	emilychangtv	Emily Chang	60383
16414347	emilepetrone	Emile Petrone	2533
10760422	daringfireball	Daring Fireball	76603
38962746	NolanBushnell	Nolan K Bushnell	13094
5502392	mojombo	Tom Preston-Werner	28228
657863	kevinrose	Kevin Rose	1572140
1237411	davidmarcus	David Marcus	18611
21434769	ashvinb	Ashvin Bachireddy	2637
24773177	carr2n	david carr	466349
5746452	waltmossberg	Walt Mossberg	720074
17877122	clairecm	Claire Cain Miller	52108
3034251	owenthomas	Owen Thomas	17428
397673792	hosain	Hosain Rahman	8037
18516986	garcegarce	Grace Chih Ellis	1474
6145622	m2jr	Mike Maples	32687
795649	rsarver	Ryan Sarver	284988
3452911	kevinweil	Kevin Weil	49970
12634502	amittm	Amitt Mahajan	995
35651440	louisberyl	Louis Beryl	871
1688	ifindkarma	Adam Rifkin	265903
148969874	newsyc20	Hacker News 20	14253
7746932	DanB	Dan Bricklin	5780
19919350	jlanzone	Jim Lanzone	10866
13418072	stevesi	Steven Sinofsky	34921
6504602	siberianfruit	Deena Varshavskaya	5583
110520327	asymco	Horace Dediu	48876
9341072	hirodusk	Adam Wiggins	3700
5251831	peterfenton	Peter Fenton	31841
633238141	mjmauboussin	Michael Mauboussin	10370
997629601	danieldennett	Daniel Dennett	118528
17595439	chr1sa	Chris Anderson	161249
18895794	bingfish	bing gordon	11609
28612255	aaron_epstein	Aaron Epstein	146386
15414807	johnmaeda	John Maeda	410291
14138167	mmccue	Mike McCue	17708
16370204	jyarow	Jay Yarow	18314
86862517	NeilBlumenthal	Neil Blumenthal	11128
9811502	jasonrapp	Jason Rapp	849
911621	rickychang	Ricky Chang	206
117122683	leppert	Greg Leppert	1059
9655282	tomiogeron	Tomio Geron	10002
12528	jw	Josh Williams	14539
16472748	caseyjohnston	Casey Johnston	21198
2829401	roybahat	Roy Bahat	6348
5518842	jesskah	Jess Lee	5691
25619110	evanreas	Evan Reas	3476
82494739	ping_accel	ping li	4527
16892481	nxthompson	Nicholas Thompson	37207
4653371	ccheever	Charlie Cheever	12765
381289719	nntaleb	Nassim NicholTaleb 	100040
5700442	katiemitic	katie mitic	585
18752449	sciarra	Paul Sciarra	2831
8491	elizabeth	Elizabeth Weil	25211
6935192	Enderdoon	Yujin Chung	1943
365111467	Peter_Levine	Peter Levine	7724
361228184	W_ScottWeiss	Scott Weiss	9371
26786964	johnofa	John O'Farrell	5903
65483021	mdcranney	Mark Cranney	3062
42226885	vkhosla	Vinod Khosla	447612
81935461	ericsarnold	Eric Arnold	352
19660469	mattcharris	Matt Harris	5739
79366215	frankrichny	Frank Rich	67583
14910629	annimaniac	Ann Miura-Ko	13008
15928389	johnhering	johnhering	2099
10042412	wennmachers	Margit Wennmachers	5863
12451812	withfries2	Frank Chen	2964
95129352	UrgentSpeed	Jeff Stewart	2206
324334862	glencoates	Glen Coates	348
173652921	mcbridesg	Sarah G McBride	1816
20750611	davidsoloff	David Soloff	1054
13293162	satyap	Satya Patel	15830
2565	nabeel	Nabeel Hyatt	11380
11417802	jgebbia	Joe Gebbia	34356
1966	danielraffel	Daniel Raffel	2012
14497940	englishpaulm	Paul English	3634
3283901	andrewchen	Andrew Chen	87360
21378560	shansinha	shan sinha	598
16199282	jasontan	Jason Tan	1066
992151	davidhornik	David Hornik	58673
67603078	betashop	Jason Goldberg	11935
14335498	newsycombinator	Hacker News	102056
14834340	jayrosen_nyu	Jay Rosen 	153395
15693261	af	anna frenkel	8379
10350	Veronica	Veronica Belmont	1747259
19165996	howard	Howard Lerman	3553
26759733	melodykoh	Melody Koh	2346
26895943	cjc	Cristina Cordova	5737
16005828	jeff_jordan	Jeff Jordan	16003
769254	paultoo	Paul Buchheit	34033
253595721	smkiv	Mark Kinney	288
59580078	mikeyavo	Michael Yavonditte	9292
19563366	JoshConstine	Josh Constine	33446
6568422	adamludwin	Adam Ludwin	5418
25259341	wesleyzhao	Wesley Zhao	1093
89321577	cenedella	Marc Cenedella	23255
16017475	NateSilver538	Nate Silver	1196608
811350	alexisohanian	Alexis Ohanian	87374
29795220	erichippeau	Eric Hippeau	25509
7101692	mm	Morgan Missen	25463
15129069	doreeshafrir	Doree Shafrir	17638
14935367	zerobeta	Justin Paterno	4748
64844802	a16z	a16z	159833
11107172	alexismadrigal	Alexis C. Madrigal	179468
5637652	codinghorror	Jeff Atwood	167092
3840	Jason	jason	229084
1190051	roelofbotha	Roelof Botha	28769
18412246	jeffwiss	jeffwiss	250
9863222	nathanfolkman	Nathan Folkman	2043
77319557	teamreboot	paul berry	8106
15469101	EvelynRusli	Evelyn Rusli	38118
1979921	joshelman	Josh Elman	46861
914061	levie	Aaron Levie	149396
80617430	RyanLizza	Ryan Lizza	43000
4828761	mmarshall	Matt Marshall	12824
61806685	BenjLerer	Ben Lerer	17067
14466878	donnie	Donnie Dinch	1477
12416352	bwertz	Boris Wertz	12194
13299972	infoarbitrage	Roger Ehrenberg	29736
243847008	loyalelectron	Colleen Taylor	14051
15242207	almostabc	Andrew Brown	716
234859616	devinwenig	Devin Wenig	3445
20	ev	Ev Williams	1810074
1422311	peterrojas	Peter Rojas	32792
80310122	vanlancker	Willem Van Lancker	1459
475190649	adamjgoldstein	Adam Goldstein	972
2195241	fmanjoo	Farhad Manjoo	100215
15219061	jmurz	Jonathan Murray	284
49736166	peterthiel	Peter Thiel	94229
24941044	ajs	Alyson Shontell	16465
380	kevin	Kevin S.	73084
16186995	kickstarter	Kickstarter	999615
32736815	lawrencelenihan	Lawrence Lenihan	2715
11094232	eldsjal	Daniel Ek	67093
251808575	tasooey	Tim Soo	324
353465248	Cojourneo	Cojourneo	1402
117094808	waikit	Waikit Lau	1385
54613	cadler	Charles Adler	7606
14367669	kimmaicutler	Kim-Mai Cutler	16963
14887150	sarahtavel	Sarah Tavel	7702
626973	innonate	Nate Westheimer	8912
74003	cm	chris muscarella	2076
22843337	LaurenGoode	Lauren Goode	34578
304963268	VCdelta	Neubot	3243
6331462	jess	Jessica Verrilli	376008
21652614	ystrickler	Yancey Strickler	13825
735983	gmc	Gmc	24176
5418912	collision	John Collison	15663
9088792	pelletk	Ken Pelletier	1555
8064682	ltibbets	Linden Tibbets	1630
18130874	Dagk	Dag Kittlaus	1983
7982802	eldon	Eric Rosser Eldon	20247
15903746	mokoyfman	Mo Koyfman	23617
4939401	patrickc	Patrick Collison	25722
7212252	jasonfreedman	Jason Freedman	5946
10168172	davidskidder	davidskidder	3380
27429139	thegothamgal	joanne wilson	11019
7650782	siobhanquinn	Siobhan Quinn	4516
83941972	noah_weiss	Noah Weiss	3397
420537199	BetaKit	BetaKit	11747
7456262	btaylor	Bret Taylor	37276
5252591	bgurley	Bill Gurley	329186
3713811	bijan	Bijan Sabet	53728
414352926	Hypernet	roger and mike	5237
15698507	scottbelsky	Scott Belsky	54034
3439831	8en	Ben Silbermann	17282
14392347	auerbach	Joshua Auerbach	2375
324	chrisfralic	Chris Fralic	9081
3674531	jeremyl	Jeremy Levine	5682
15158441	pakman	David Pakman	254632
21860500	mwalrath	Michael Walrath	1277
15119910	bubs	Bubs 'Darius Monsef'	137500
122080635	SebastianSeung	Sebastian Seung	7359
30109507	mcsweeneys	Timothy McSweeney	240795
54185484	trevoragilbert	Trevor Gilbert	1860
419710142	PandoDaily	Pando	79161
16261707	eringriffith	Erin Griffith	17127
22887743	mcgd	Michael Dearing	6059
8500962	vgr	Venkatesh Rao	5573
31210805	JocelynLeavitt	Jocelyn Leavitt	2295
455480451	cdixon_private	cdixon_private	19
19479427	artypapers	r.	5965
818340	marshallk	Marshall Kirkpatrick	58589
9151842	daltonc	Dalton Caldwell	9232
16985447	carlbyers	Carl Byers	355
44196397	elonmusk	Elon Musk	2160326
1468151	wroush	Wade Roush	7841
6535212	eladgil	Elad Gil	11663
6730222	hblodget	Henry Blodget	124881
28140646	WSJbusiness	WSJ Business News	818239
158414847	TheDailyShow	The Daily Show	3490359
13404292	nicoleperlroth	Nicole Perlroth	13960
856741	sethjs	seth sternberg	6139
4087691	EricaOgg	Erica Ogg	7745
28181012	oryankim	Ryan Kim	6699
16242081	bhorowitz	Ben Horowitz	178821
152476366	ripemp	rip empson	8405
115882166	Donahoe_John	John Donahoe	13673
9549942	nichcarlson	Nicholas Carlson	22689
19575406	gigastacey	Stacey Higginbotham	20988
5943622	pmarca	Marc Andreessen	326370
24958902	jaredhecht	Jared Hecht	4774
19810043	BillGaines	Bill Gaines	259
16412666	schwark	Schwark Satyavolu	353
12604342	merc	Andrew Mercando	1055
11382292	techdirt	techdirt	39357
54089650	THE_REAL_MOOT	THE_REAL_MOOT	202
22747624	sgblank	steve blank	135822
149931221	JoshuaBGreen	Josh Green	105
9723562	davidbalbert	David Albert	1596
14348157	crampell	Catherine Rampell	52816
25639473	radvani7	Raj Advani	180
796133	vinayp	Vinay Pulim	200
349767109	CondeElevator	Conde Elevator	71865
11900	bre	Bre Pettis	51179
14769001	mcarges	Mark Carges	1076
23504313	zachweinberg	Zach Weinberg	2640
10078	reidhoffman	Reid Hoffman	283935
50669114	steverecio	Steve Recio	110
15258376	LizScott	Liz	857
6813082	jollysonali	Sonali Sridhar	2386
206938213	arampell	Alex Rampell	2568
174886575	SplatF	SplatF	5994
9943312	glennkelman	glennkelman	7602
123273554	ribbonfarm	Ribbonfarm	2456
14541402	mlevchin	Max Levchin	128659
11965122	smart	Steve Martocci	12006
19094098	atomcats	Adam Katz	281
80632042	anh_nyc	anh vu	9
33423	gruber	John Gruber	355659
132518463	harris	Aaron Harris	3984
71424699	amykjain	Amy Jain	1494
11870332	malcolmcasey	Malcolm C. Ong	5854
5763262	karaswisher	Kara Swisher	1036119
27297597	HackerNews	News.YC	16356
9531302	dam00n	Danny Moon	667
13349	ryanchris	Ryan Freitas	9447
5901702	mikekarnj	Mike Karnjanaprakorn	10249
110755266	ScottMAustin	Scott Austin	8754
89990668	jetpea	Christina Mercando	1851
12115322	JohnMaloney	John Maloney	4880
3151421	nicholasbs	Nick	3282
2698711	DannyC	Danny Conway	1288
19413983	carterac	Carter Cleveland	5495
621713	robinwauters	Robin Wauters	41036
10711	Harjeet	Harjeet	11116
17027590	benpopper	Ben Popper	8985
22552614	ericstromberg	Eric Stromberg	2196
14946614	usv	USV	37401
5668942	sarahcuda	Sarah Lacy	101528
4733771	evco	Evan Cohen	2149
15778795	shaival	Shaival Shah	352
5695632	BuzzFeed	BuzzFeed	2264328
5506012	tfadp	Dan Porter	3755
6210962	geoff_yang	Geoff Yang	8097
116988614	foundersatwork	Jessica Livingston	15220
2893971	gigaom	Gigaom	301344
24617301	JoshuaKushner	Joshua Kushner	16745
25953324	silenok	elena silenok	2447
9729502	travisk	travis kalanick	80334
14677919	NewYorker	The New Yorker	4880078
14364049	jasonkincaid	Jason Kincaid	28896
6475722	davetisch	David Tisch	37452
183749519	paulg	Paul Graham	248065
3661961	phkeane	Patrick Keane	4373
745273	naval	Naval Ravikant	115938
652193	mgsiegler	M.G. Siegler	161501
113130846	ycombinator	Y Combinator	271951
21729957	volkangurel	Volkan Gurel	214
25047662	heatherharde	Heather Harde	10933
13348	Scobleizer	Robert Scoble	455104
7537222	jordancooper	Jordan Cooper	6553
817288	gaberivera	Gabe Rivera	54402
18327902	alexia	Alexia Tsotsis	157301
14278978	ericries	Eric Ries	221478
5215	naveen	naveen	32224
3754891	bfeld	Brad Feld	208843
29294520	christinacaci	Christina Cacioppo	14695
118114920	baetsie	Benjamin De Baets	240
18206161	tristanwalker	tristan walker	287072
14303261	ryangraves	Ryan Graves	15672
10950722	CodyBrown		5772
72403	ginab	Gina Bianchini	15946
10032112	sorayadarabi	Soraya Darabi	396251
16099100	gduverger	Georges Duverger	1321
31267919	svangel	SV Angel	13277
15510569	laurenleto	Lauren Leto	9426
14171507	dankantor	Dan Kantor	1025
16657274	sgreenwood	Steve Greenwood	2252
13041	elatable	Bradley Horowitz	50829
819999	jeff	Jeff Clavier	78990
5702	Caterina	Caterina Fake	115152
3839	davewiner	Dave Winer 	66379
11340982	zefrank	zefrank	115737
22175229	hrldcpr	harold cooper	553
14801863	espiers	Elizabeth Spiers	16413
1717291	pkedrosky	Paul Kedrosky	298483
14492722	yegg	Gabriel Weinberg	19206
16801053	ganeumann	Jerry Neumann	4973
1081	davemcclure	Dave McClure	278496
5520332	msuster	Mark Suster	206499
20495458	stevecheney	Steve Cheney	9259
36510877	carterkev	Kevin Carter	4046
768175	topherc	Topher C	2700
1048651	jenbee	Jen Bekman	13339
117571858	meanlittlechimp	meanlittlehchimp	42
770729	lizgannes	Liz Gannes	71922
15105000	agarwal	Sachin Agarwal	20726
10454572	jennydeluxe	Jenna //\\ Wortham	565204
108680790	jlruss	Jon Russell	183
16002665	satishd	Satish Dharmaraj	10244
11178902	nybooks	NY Review of Books	883402
807095	nytimes	The New York Times	16965475
17289881	gleitz	Benjamin Gleitzman	1418
5965332	davidlee	David Lee	44811
816653	TechCrunch	TechCrunch	5157687
16246929	danprimack	Dan Primack	49965
418	dens	Dennis Crowley	78723
879521	peretti	Jonah Peretti	54090
18196634	arijacoby	arijacoby	1673
1586501	nickbilton	Nick Bilton	250269
91252195	pinckny	tom pinckney	495
5408622	asmith	Adam Smith	3540
12798452	erickschonfeld	Erick Schonfeld	76614
16955870	UpshotNYT	The Upshot	123821
20594271	kellynealford	Kelly Ford	303
9672342	perrychen	perry chen	10308
20188434	gilelbaz	Gil Elbaz	4486
16498291	VictusFate	Mark Essel	1324
1308741	natsturner	Nat Turner	5458
7015112	albertwenger	Albert Wenger	31108
6160742	bryce	Bryce Roberts	35151
586	sacca	Chris Sacca	1574489
19575586	hackernewsbot	Hacker News Bot	26038
15934340	tonysphere	Tony Conrad	35773
85623871	dafrankel	David Frankel	4819
858051	dannysullivan	Danny Sullivan	465473
14434070	nytimesbits	NYTimes Bits	250148
14196449	jackabraham	Jack Abraham	7350
52821137	fcollective	Founder Collective	8417
202003	pkafka	Peter Kafka	64685
8883622	hershberg	Peter Hershberg	3329
15948437	spolsky	Joel Spolsky	106529
19410650	lethys	Peter Coles	439
21666033	forage	Forage.com	124
8731812	jstylman	Josh Stylman	3835
8479062	fromedome	Dan Frommer	37881
648	heif	Scott Heiferman	22257
20263710	rabois	Keith Rabois	91745
14424445	vacanti	Vinicius Vacanti	12736
19643315	vsagarv	v5v	446
16284386	teisenmann	Tom Eisenmann	15514
7517052	howardlindzon	howardlindzon	247695
9316032	jamescham	James Cham	3332
1374411	aweissman	Andy Weissman	19593
15673780	gbattle	Greg Battle: gbattle	1536
62119340	terryangelos	Terry Angelos	435
4488	Borthwick	John Borthwick	33349
817386	Techmeme	Techmeme	248399
1000591	fredwilson	Fred Wilson	392600
2384071	timoreilly	Tim O'Reilly	1929709
295	joshk	Josh Kopelman	89816
39507511	epaley	Eric Paley	16574
5697932	standers	standers	6370
4102571	patrickmoberg	Patrick Moberg	2276
44622184	micahjay1	Micah Rosenbloom	2856
14836588	joshreznick	Josh Reznick	553
37570179	arrington	Michael Arrington	198162
23087231	mattgattis	Matt Gattis	717
27309562	dochugo	Hugo Liu	1962
5807992	charlesforman	Charles Forman	6620
2857721	brianp	brian pokorny	16735
925361	thomasryan	Tom Ryan	2869
15931605	jonathanglick	Jonathan Glick	3820
7410742	BradUSV	Brad Burnham	9524
20023867	robstavis	Robert Stavis	3668
18715444	hunch	hunch	14113
