26703365	Scott_Wiener	Scott Wiener	7494
1536791610	POTUS	President Obama	2451700
14636374	superwuster	Tim Wu	12919
18619979	balletrusse	Maria Kochetkova	209054
15846407	TheEllenShow	Ellen DeGeneres	43630493
239512089	Donal_OKeeffe	Donal O'Keeffe	6298
38385999	interfluidity	Steve Randy Waldman	13116
14550221	xuhulk	Christina Xu	4082
1237757929	randoint	Stellar Interesting	164
14642495	sarahcpr	Sarah Cooper	15124
12	jack	Jack	2984678
116994659	SamHarrisOrg	Sam Harris	299595
2803995434	drewwest_press	Andrew Westmoreland	1183
1595338591	B_Millepied	Benjamin Millepied	11434
17104751	pschiller	Philip Schiller	159019
754500	cue	Eddy Cue	60257
1636590253	tim_cook	Tim Cook	1199666
2963983603	TheRealFuture	Real Future	2290
7017692	DanielleMorrill	Danielle Morrill	33376
2802316930	backchnnl	Backchannel	8199
10228272	YouTube	YouTube	51178006
295383489	fisherstevensbk	Fisher Stevens	430
24743408	choitotheworld	Mary H.K. Choi	7503
3051791664	HRHeady	Heather Heady	49
14404508	signe	Signe Brewster	3403
1530531	miradu	Michael Ducker	4255
2483047687	thgt_app	Thought for iPhone	266
3093831961	truthdarebot	Truth Or Dare	782
2830380518	onuniverse	Universe	371
94682674	AngelList	AngelList	200463
1305940272	SlackHQ	Slack	90310
22442943	DCoffeen	Daniel Coffeen	1069
2927758254	AppMeerkat	Meerkat	393507
564686965	Brilliant_Ads	Brilliant Ads	747489
21552710	GeneWillis	Gene Willis	1344
133188015	adeoressi	Adeo Ressi	8790
2208027565	ProductHunt	Product Hunt	76052
3016113934	fuzzyoctopusfee	Fuzzy Octopus	26
17735909	labusque	Leah Busque	10009
626703	gentry	Gentry Underwood	6123
190759417	JulietdeB1	Juliet de Baubigny	2079
14263366	lwalker	Laura Walker	1761
2281856156	SkipSchipper	Brian Schipper	2627
14617117	chrysb	Chrys Bader	5332
898371	andrewmason	Andrew Mason	36641
130513726	VivianHo	Vivian Ho	8383
541042800	foundersfund	Founders Fund	12060
2480079168	SavedYouAClick	Saved You A Click	192532
20736593	ramyadeeb	Ramy Adeeb	1003
131144091	Goldman44	Jason Goldman	72547
14367669	kimmaicutler	Kim-Mai Cutler	16924
2902546372	reportedly	reported.ly	13582
50575314	mattfischer415	Matt Fischer	566
6489102	arctictony	Tony Haile	6238
149180925	ThisAmerLife	This American Life	305727
2745692126	podcaststartup	StartUp	23595
94204295	thesophiapaloma	Sophia P. Chew	247
15892011	JBennet	James Bennet	11809
23778038	jlauf	Jay Lauf	1708
36623	jbenton	Joshua Benton	16564
276254736	Postmates	Postmates	28851
34719119	WalterIsaacson	Walter Isaacson	27830
2328002822	TwitterWomen	Twitter Women 	4161
17997789	danariely	Dan Ariely	92743
21652614	ystrickler	Yancey Strickler	13809
2883171442	VeryOldTweets	Very Old Tweets	448
22115056	icecubetray	icecubetray	5392
19070892	JoePurzycki	Joe Purzycki	455
316389142	iamjohnoliver	John Oliver	997625
30065770	aasif	aasif mandvi	122174
2379792955	MarinaAbramovi	Marina Abramovi 	127
54730258	MargaretAtwood	Margaret E. Atwood	786913
8413872	pedrovalente	Pedro Valente	1650
1653442136	_youhadonejob	You had one job	626011
232501933	jhedelstein	Jean Edelstein	2410
20651511	Rebeccamead_NYC	Rebecca Mead	11477
195738329	abexlumberg	Alex Blumberg	29589
14589511	iraglass	Ira Glass	148581
126146818	Chef_Keller	Thomas Keller	417625
624947324	Mailbox	Mailbox	66565
27530178	Pocket	Pocket	111100
15524875	SaraJChipps	SaraJo	26866
11461352	dwaldron	Daniel Waldron	3470
176893948	BartonFGraf9000	Barton F. Graf	3912
3917341	alexoid	Alex Schleifer	2245
47701302	saturnial	Kayvon Tehranian	396
93954161	aroetter	Alex Roetter	12724
117880684	caramev	Cara Meverden	3667
21932207	cohentomer	Tomer Cohen	563
646033	renn	Renato Valds Olmos	3916
26904444	dwadhwani	David Wadhwani	1803
18591927	Lishtf	alicia romano	1815
111415036	TeamID	ID 	8054
2439032786	jes_chastain	Jessica Chastain	100927
235654052	wyatt_earp_	Wyatt Jenkins	1013
774072	forgttenboy	Jeremy Britton	652
274119641	VanessaHudgens	Vanessa Hudgens	5266892
15279429	VanityFair	VANITY FAIR	2091430
275400473	Sophia_Amoruso	SOPHIA AMORUSO	49262
76209433	srwestin	Sherrie Westin	607
22954500	jjrosenberg	Jonathan Rosenberg	2171
2689067630	ReadReform	re:form	883
2800297675	CuepointMusic	Cuepoint	3815
49736166	peterthiel	Peter Thiel	93863
2205976656	magicpixx	Magic Pics	11726
1488	karl	Karl Jacob	3256
10264122	nicolewong	nicolewong	2620
5637652	codinghorror	Jeff Atwood	166874
5518842	jesskah	Jess Lee	5683
18816166	kevinroose	Kevin Roose	30781
9670142	ohheygreat	Leah Reich	8173
58550415	charlierose	Charlie Rose	126996
37605443	smithmegan	Megan Smith	13615
28644174	bjnovak	B.J. Novak	773275
178997867	IfYouOnly	If You Only...	10308
537883908	nmanekia5	Naureen	547
23289019	moskov	Dustin Moskovitz	12774
30084195	giawni	gianni	346
18030939	saulcarlin	Saul	998
1731764514	KabatzinnWill	Will Kabat-Zinn 	53
7009452	umiworkshop	jnlws	1376
34244178	DCGalactic	Dave Clark	3958
1605	sama	Sam Altman	80884
264007230	NicholasBritell	Nicholas Britell	1768
14352890	stephnbain	Steph Bain	2316
24401279	ewindram	Elizabeth Windram	1648
1603818258	TwitterIR	TwitterIR	22370
18635780	uberblond	heidi hackemer	6781
45708902	MeredithKendall	Meredith Kendall	1549
2591815063	WeirdMedium	Weird Medium	506
26123649	brianellin	Brian Ellin	7614
148420961	Jferrell03	Justin Ferrell	2719
14135641	dwjr	David Wright	2527
16197345	sarablask	Sara Blask	1868
818302873	IDEODigitalShop	IDEO Digital Shop	2235
16833812	Explodingdog	Explodingdog	9637
15601410	lightningboltz	Brad Simpson	770
24328692	danielgraf	Daniel Graf	10356
8798682	jeffseibert	Jeff Seibert	4109
12074712	Chrysi	Chrysi Philalithes	1363
17210459	swolleneyes	Albert Song	140
27620026	jornvandijk	Jorn van Dijk	3310
9532402	BuzzFeedBen	Ben Smith	208525
1326144546	ScannerSays	Scanner Says	7232
35014791	gem_ray	Cemre Gngr	4570
28482989	mimiconnery	Mimi Connery	7107
14288250	matthicks	matthicks	10174
876252024	regslc	Regan L Carrizales	1956
224	davepell	Dave Pell	27598
36659601	AlexisTryon	Alexis Tryon	3199
647403	codypeterson	Cody Peterson 	1876
137721142	kdekay	Kristin DeKay	762
35739495	anthonynoto	Anthony Noto	18099
1710401	tokenygaard	Toke Nygaard	2324
12143522	leila_c	Leila Janah	22979
26073350	mmolland	maria molland	413
339261041	saranormous	Sarah Guo	2246
720983636	jonathanlally	Jonathan Lally	1178
21033634	arbales	Austin	1478
804654	Kate8	Kate Imbach	6453
20532076	ted_irvine	Ted Irvine	1801
1282437601	Ovaice	Abdul Wahid Ovaice	238
2195241	fmanjoo	Farhad Manjoo	99763
11735032	jlax	Jon Lax	6084
148505770	digitalabstract	Digital Abstracts	14538
18971006	schneidertobias	Tobias van Schneider	22887
14595955	gee3	Guthrie Dolin	1211
17518448	bvelestuk	Brandon Velestuk	1139
12524622	jennschiffer	jennmoneydollars	12664
25480976	joreira	Jonathan Moreira	1179
120181944	ClimateDesk	Climate Desk	77026
20068053	EnvDefenseFund	EDF	100111
27911608	RockyMtnInst	Rocky Mountain Inst	24766
16963319	DonaldJohns	DONALD JOHNS	345
48178788	rydonahue	Ryan Donahue	857
60644920	edcatmull	Edwin Catmull	11999
948635953	mgupta	Mike Gupta	16524
5568142	ulm	Joshua Ulm	792
6131	Nida	Nida Zada	2666
15237605	taymanj	John Tayman	74118
12715	nathanborror	Nathan Borror	2294
45101477	bryanmeehan	Bryan Meehan	1074
14097434	kluo	Kay Luo	5170
9516982	trielly	Tom Rielly	4896
14454645	vivian	Vivian Schiller	17588
85143602	gtrix7	Suguna Subramaniam	256
901162760	peopIeofearth	People of Earth	83742
1233663476	stratechery	stratechery	12911
3141	nyff	Chris Nyffeler	6778
128185505	cweeldreyer	Chris Weeldreyer	103
40273	benthompson	Ben Thompson	25497
260741931	ThinkwithGoogle	Think with Google	134801
1968848258	guysgovegan	Guys Go Vegan	1935
2176998871	CameronDiaz	Cameron 	550082
48724390	DesignMeans	Erich Nagler	1312
5002	simonsmith001	Simon Smith	1241
597726943	JRart	JR	38155
2284800133	janel_az	Janel Torkington	431
109159309	ellengustafson	Ellen Gustafson	9743
2296854402	slingshotdoc	SlingShot	3206
1689419970	FacesPics	Faces in Things	500736
18622869	ezraklein	Ezra Klein	764568
10023552	mayafish	Maya Prohovnik	4472
1364930179	WarrenBuffett	Warren Buffett	1022084
14225267	drewhouston	Drew Houston	124379
15105000	agarwal	Sachin Agarwal	20730
63814570	gabekleinman	Gabe Kleinman	744
24409020	john_forte	John Forte	22421
11787492	katearonowitz	Kate Aronowitz	8487
5905612	chrisabad	Chris Abad	1726
130964167	houseofcoates	House of Coates	1387
14094882	brattray	Ben Rattray	5565
30594924	sagudo	Sarah Agudo	623
1262413328	TechCrunchOnion	TechCrunch Onion	11318
36768736	johnnie	Johnnie Manzari	8322
15469101	EvelynRusli	Evelyn Rusli	38098
607063	jcrosby	Jon Crosby	2200
198637595	yael	Yael Cohen Braun	56359
95823857	corrigankelly	Kelly Corrigan	2486
56015281	lesliemann	Leslie Mann	1667
2284246741	LearnedBuilding	Learned Building	96
2284266266	letsgetacoffee	Let's Get Coffee	48
1900720267	MakingOfs	Behind the Scenes	355548
19877186	chelseahandler	Chelsea Handler	5723824
8308622	kylemeyer	Kyle Meyer	7083
2170572632	Human_Parts	Human Parts	2509
117423359	andypuddicombe	Andy Puddicombe	29499
590439892	Designstory	Design Story	63
652953	jessedodds	Jesse Dodds	3140
230287527	evanspiegel	Evan Spiegel	32411
71155524	hellogeorgia	Georgia Cowley	1118
277517795	komickiller	Tyson Whiting	671
8955282	justinglow	Justin Glow	1890
5870082	simmy	Ryan Sims	9058
770505	keeg	Keegan Jones	11075
638773	soopa	Adam Michela	3672
468829985	SelfTwimage	witter bios	506
58621663	hpvigil	Hank Vigil	247
22067328	KatinkaMatson	Katinka Matson	920
16046824	kategreer	Kate Greer	2843
952624494	LucyLiu	Lucy Liu	155040
34713	gmh	Graham Hicks	665
2163400502	OldSanFrancisco	Old San Francisco	10844
14351818	bbergher	Bruno Bergher	1131
221170051	teganmierle	Tegan Mierle	908
769496	DanGrover	Dan Grover	2207
19315899	dbedingfield	Dave Bedingfield	2527
29018269	vijaya	Vijaya Gadde	17884
245239013	verohecko	Veronika Hecko Wu	107
33232611	huckphin	Chad Rhyner	376
296979153	googleideas	Google Ideas	59580
210967384	rosenfeld_j	Jonathan Rosenfeld	330
14949088	majelbstoat	Jamie Talbot	659
128738898	ktzhu	kt	2771
108334003	lexilewtan	Lexi Lewtan	3962
19035047	jmm	miranda mulligan	4256
80920768	hwharlan	Will Harlan	402
97760769	thebusyspice	claudia ceniceros	1240
317269048	MichaelOvitz	Michael Ovitz	1686
15935843	eshp	Evan Sharp	6348
8131272	unconed	Steven Wittens	5407
696333	krave	Kushal Dave	1718
349540312	omgthatspunny	PUNS 	748282
18128265	TylerFlorence	Tyler Florence	629712
150185852	baconmeteor	Maciej Ceglowski	3868
15828408	SusanWojcicki	Susan Wojcicki	14295
7729652	wynlim	Winnie Lim	10452
413544843	cru	Cru Stephen Stirman	89
30569817	dkroy	Deb Roy	11240
49912351	AlyMadrigan	Alyson Madrigan	675
21576543	tfadell	Tony Fadell	44023
966091	nickdenton	Nick Denton	2397
175770747	cadencestirman	Cadence Stirman	116
494518813	branch	Branch	59496
407977463	jasonsegel	Jason Segel	2484432
5976132	kimon	Kimon Tsinteris	3443
15235235	MaxTemkin	Max Temkin	68892
1395445934	potluck	Potluck	1019
107837944	_tessr	Tess Michiko	6512
443215941	Sethrogen	Seth Rogen	2847213
124335068	mark_wahlberg	Mark Wahlberg	2468211
91926107	greenley	greenley stirman	93
6480682	azizansari	Aziz Ansari	6008723
142157505	batemanjason	Jason Bateman	1612880
100534402	plscurrie	Peter Currie	4676
524396430	Upworthy	Upworthy	485250
14831562	stephyeung	Stephanie Yeung	581
1862579226	MadeForiOS7	Made for iOS 7	2926
255747911	EllenPage	Ellen Page	1290282
9295502	christianism	Christian Oestlien	4446
237548529	humansofny	Brandon Stanton	283991
259387161	erondu	Jared Erondu	7353
1332965304	roon_app	Roon	1173
76860994	EinsteinBOT	Albert Einstein	87839
6220862	Kevin_Ashton	Kevin Ashton	5678
1730464286	anncarta54	Ann Friedman	45
15248081	screenkapture	Travis Alber	1249
865308170	_chelsea_martin	Chelsea Martin	1246
1708577730	Q4HackWeek	Lost HackWeek	2920
21969650	NathanCHubbard	Nathan Hubbard	9863
1694743584	viapotluck	via @potluck	476
20890435	nlevchin	nellie levchin	773
1655353038	FalseMedium	False Medium	5661
1588486417	DrewBarrymore	Drew Barrymore	377136
1666038950	BoredElonMusk	Bored Elon Musk	88700
1393164308	epic	Epic Magazine	3319
1413275293	OneWordSFWthr	OneWordSFWeather	1856
18676177	jamieoliver	Jamie Oliver	4450926
454036436	PocketHits	PocketHits	32006
15624151	ddalton	Doug Dalton	1752
619303	mattmatt	Matt Matteson	3250
1411434049	eventparrot	Event Parrot	31314
24438551	MediaREDEF	MediaREDEF	14340
38380590	Evanish	Jason Evanish	8411
15207956	henrikberggren	Henrik Berggren	3833
16941646	greggrunberg	Greg Grunberg	1488578
409371254	KaporCenter	Kapor Center	4006
16318114	sfgov	City of SanFrancisco	69950
24193764	Shavone	Shavone Charles	4245
212088993	q_facebook	Facebook	262
10770012	xiaoma	Xiao Ma	1191
168264219	nest	Nest	136834
82492953	dpworks	Dolores Park Works	1253
15804941	DoloresPark	DoloresPark	1590
1566127194	MediumIdeas	Medium Ideas	52
33104659	farnamstreet	Shane Parrish	32182
1097781	ricki	ricki seidman	28
529817556	twoffice	Twoffice	43580
57963332	chfry	Chris Fry	13057
608686319	twentitled	Lawrence T. Bird	2505
14278978	ericries	Eric Ries	221091
14417215	rrhoover	Ryan Hoover	34595
8287602	jaltucher	James Altucher	129646
253578873	kfalter	Kelsey Falter	5228
1339835893	HillaryClinton	Hillary Clinton	3569652
14070968	nicksantos	Nick Santos	688
43943	infraredflower	Elizabeth Ford	1800
1162165585	mistyxicum	Misty Xicum Ku	364
771004880	kocodude	Grant	510
61558088	thebird	Brad	2181
23119507	JennaMannos	Jenna Mannos	7003
48075643	CoralMDavenport	Coral Davenport	17941
82950193	kateb	Kate Bowen	5445
8412262	wendymac	wendy macnaughton	8856
454244871	LadyBits	LadyBits	4249
27702153	Lefsetz	Bob Lefsetz	64130
118634348	briggles	Jeremy Briggs	11106
13145012	kissane	Erin Kissane	24017
27799349	larrybuch	Larry Buchanan	2619
16017475	NateSilver538	Nate Silver	1194837
43522180	Courtney	Courtney Love Cobain	1440765
23006794	LennyKravitz	Lenny Kravitz	4872782
1330457336	billclinton	Bill Clinton	3572153
17059535	PhizLair	Liz Phair	18999
104562181	priscillapham	Priscilla Pham	120
62661764	sashgordon	Jorge Gordon	109
607	mg	Matt Galligan	24032
35646585	rosa	Rosa Golijan	17865
381289719	nntaleb	Nassim NicholTaleb 	99801
17386551	natekontny	Nathan Kontny	10138
5971352	scrvnr	Daniel Scrivner	1565
16399949	felixsalmon	Felix Salmon	150889
2529971	cdixon	Chris Dixon	177073
11331082	cassiemc	Cassie McDaniel	3207
353789193	StartupLJackson	Startup L. Jackson	43619
514613499	ProfJeffJarvis	Prof Jeff Jarvis	13614
14168561	wwayneee	Wayne Fan	974
14591526	ryjohnson	Ryan Johnson	568
14085284	atsealvl	James	198
19266001	henningfischer	Henning Fischer	960
6344032	UnaCatalina	Catalina Girald	1255
914061	levie	Aaron Levie	148814
115304519	aboutdotme	about.me	242752
238676977	greatdiscontent	The Great Discontent	21621
89384377	koop	Daryl Koopersmith	5248
15049883	pdavies	Pete Davies	1571
14097091	emilylafave	Emily Olson LaFave	69883
3288371	Clayman	Greg Clayman	8033
308963295	ThePhenomList	The PhenomList	733
21115638	CeCeCheng	CeCe Cheng	2667
668603	sylviayam	Sylvia Yam	320
19048585	etl	Edward Lichty	737
103920270	MrAlanCooper	Alan Cooper	17913
17162991	andreahong	Andrea Hong	3345
15888142	oliviamunn	oliviamunn	686188
14939981	questlove	Questlove Gomez	3379165
13258512	dhof	Dom Hofmann	16181
487905781	LeshikaSam	Leshika Samarasinghe	35
180494464	CLEAR_me	CLEAR	8763
14727207	nancyduarte	Nancy Duarte	41886
688483	jonsteinberg	Jon Steinberg	18061
19919350	jlanzone	Jim Lanzone	10861
85993428	TonyW	Tony Wang	20588
76611461	JShoee	Jackie Xu	7476
307648804	shitmerlinsays	Shit MerlinMann Says	560
949	pedraum	Pedraum Pardehpoosh	2265
28628425	SonyaPenn	Sonya Penn	444
243965913	TheAdamGoldberg	Adam Goldberg	16506
608411933	verbagetruck	Jessica Collier	912
72917035	ritu	Ritu Raj	39801
1113167976	robinwilliams	Robin Williams	1478412
26598593	danacarvey	Dana Carvey	138233
107857325	shamblanderson	Sam Anderson	11445
14634720	TreeHugger	TreeHugger.com	320669
898330082	Merlot4ever	Raymond Nasr	310
50425997	Leibonator	Marc Leibowitz	176
16350583	nadimraad	Nadim Raad	509
17611446	joulee	Julie Zhuo	30290
17718540	hollandale	David Holland Lee	379
1586501	nickbilton	Nick Bilton	250062
1724401	timyoung	Timothy Young	142595
756129	johnolilly	John Lilly	181303
158907678	gibbongal	xoxo gibbongal	1241
158865339	FastCoDesign	Co.Design	357562
11069462	OReillyMedia	O'Reilly Media	75681
20334833	papakipos	Matthew Papakipos	1417
214371920	tinochop	tina lee	240
333856555	Cobook	Cobook	46072
192354884	maudeapatow	Maude Apatow	201506
43464948	BabaRamDass	Ram Dass	119150
17346623	dhg	Dave Gamache	9676
10760422	daringfireball	Daring Fireball	76561
602936396	chillsm	Chill Sara Mauskopf	264
14223829	ylnt	You Look Nice Today	14166
158414847	TheDailyShow	The Daily Show	3482598
1882641	calebelston	Caleb Elston	2703
476256944	SenFeinstein	Sen Dianne Feinstein	54274
329746058	BenAffleck	Ben Affleck	1872865
757303975	ChelseaClinton	Chelsea Clinton	847584
544517731	BettyMWhite	Betty White	1199029
15349546	chenosaurus	David Chen	8479
31080039	lenadunham	Lena Dunham	2207752
19087450	edithzimmerman	Edith Zimmerman	12491
29914272	tetzeli	Rick Tetzeli	1383
16247026	jenniavins	jenni avins 	2488
74543	pahlkadot	Jennifer Pahlka	20928
8251812	UnthinkableAge	Joshua Cooper Ramo	1535
531411498	DanielArsham	Daniel Arsham	2719
24430035	cwadhwani	Chitra Wadhwani	593
18525171	tatiana	tatiana grace	17171
135122984	personalmetrics	Personal Metrics	332
3439831	8en	Ben Silbermann	17240
52482870	courtmj	Courtney J. Engel	231
29773	haiyan	haiyan zhang	5290
144552023	lindsaygellman	Lindsay Gellman	1900
361988832	GVDesignTeam	GV Design	13152
49353	kowitz	Braden Kowitz	15648
520060880	BrianAdamsPR	Brian Adams	672
150723226	yvesbehar	Yves Behar	32426
14320484	drewber	Drew Hoolhorst	4304
11407672	sunghu	Sung Hu Kim	14612
21687414	kevinjdelaney	Kevin Delaney	13157
19403796	shoshanaberger	Shoshana Berger	3176
273032894	valranum	Valerie Ranum	331
1523501	connors	Connor Sears	7387
16099291	JasonHirschhorn	Jason Hirschhorn	26909
591154831	owenmasaki	owenmasaki 	18
75357513	mediagazer	Mediagazer	42146
14058026	meowr	Tina Chen	1752
587680224	ChillBroAB	The Baininator	511
14985749	jonathandann	Jonathan Dann	1033
18885119	JoeDColeman	Joe	1717
219029005	contently	Contently	49331
161801527	melindagates	Melinda Gates	729990
153535819	jenniferjacquet	Jennifer Jacquet	1497
16063378	katelaurielee	Kate Lee	11490
12002532	jrdaly	Jim Daly	334
2967051	kthread	Kristen Taylor	2334
89593573	lexim	Lexi Mainland	28609
35943	karenmcgrane	Karen McGrane	27932
270855223	frankghali	Frank Ghali	120
1374411	aweissman	Andy Weissman	19554
17493187	aileenlee	aileenlee	22171
60308942	claychristensen	Clayton Christensen	114526
16521996	fat	jacob	26274
270527418	opennews	OpenNews	6881
20342875	LouWoodley	Lou Woodley	9643
391214052	ReadMatter	Matter	22283
7357082	maryspecht	Mary Specht	1803
86239754	mwichary	Marcin Wichary	3661
473202172	kerreybob	Bob Kerrey	3050
353195232	liftapp	Lift	12132
1835951	craigmod	Craig Mod	26519
114971521	omid	Omid Ashtari	41887
23775896	quincysmith	Quincy	1804
165511377	AndyRichter	Andy Richter	680417
22253	KuraFire	Faruk Ate	13356
8525402	Choire	choire	25999
16437529	skuwamoto	Sho Kuwamoto	962
14277752	marshallbock	Marshall Bock	1650
771619	evanatmedium	Evan Hansen	9872
63160596	danahboyd	danah boyd	1668
14397792	ScottBeale	Scott Beale	9202
20714592	gristmill	gristmill	817
8107232	megancytron	megan cytron	270
571202103	Medium	Medium	1228480
27070413	gabrielstricker	Gabriel Stricker	29803
83038331	megan_lamb	Megan Lamb	291
12196	wilsonminer	Wilson Miner	14118
595822244	larryellison	Larry Ellison	80503
566196903	readymag	Readymag	2402
772436	chadhurley	Chad E Hurley	703
9896832	markymark	Mark Hendrickson	4024
44196397	elonmusk	Elon Musk	2147378
234489024	twittercomms	Twitter Comms	249100
15293504	msquinn	megan quinn	23273
245177945	hursh	Hursh Agrawal	1415
42559115	joshm	Josh Miller	8423
541191773	zeen_com	Zeen	1442
18749271	libbybrittain	Libby Brittain	5834
505770467	Leanback_blog	The Economist Group	5519
1747381	adam_messinger	Adam Messinger	20963
601352210	GlassFrogApp	GlassFrog	347
305840110	awesomeculture	Dave Kashen	1121
16804119	Brian_Eno	C. S. J. Bofop	24428
19436496	davidbyttow	David Byttow	6566
500042487	SteveCarell	Steve Carell	4165232
2829401	roybahat	Roy Bahat	6298
14895163	onesnowclimber	Sharon Ly	3502
9779032	ilovetypography	I Love Typography	432254
11133442	aworkinglibrary	Mandy Brown	12715
569714177	BeyondMeat	Beyond Meat	19982
485409945	HatchingOnTV	Hatching TV	6718
9554832	ashsmash	Ash Huang	5798
15752240	brianburt	Brian Burt	146
80733631	h1brian	Brian Robertson	1661
6345742	ryanessmaker	Ryan Essmaker	4574
13379222	jarques	Jarques	651
15090008	dnndarko	Grant Anderson	350
94378105	HolacracyOne	HolacracyOne	2614
551433993	MollyRingwald	Molly Ringwald	124845
7144422	lifehacker	Lifehacker	2510205
74793819	Chris_Scruggs	Chris Scruggs	609
34045434	mwardtweeting	M. Ward	32752
13124	genmon	Matt Webb	6968
229709694	Prismatic	Prismatic	21688
104323354	onefte	OneFTE	1568
15691423	baykidsmuseum	Bay Area Discovery M	6458
340280599	cemregungor	Cemre	300
793926	1Password	1Password	76320
13019862	NateWeiner	Nate Weiner	5806
36468395	kimathomas	kima thomas	1815
533627349	MediumEng	Medium Engineering	3621
22193381	jyhsu	Jean Hsu	4134
492609310	FiftyThree	FiftyThree	35213
8485332	JeremyDStanley	jeremy stanley	672
426595070	ListsOfNote	Lists of Note	16961
7786202	markarms	Mark Armstrong	5306
48053078	mxschiff	Mike Schiff	94
17474531	themediaisdying	themediaisdying	25840
17566932	dpup	Dan Pupius	5728
252531143	SlaughterAM	Anne-Marie Slaughter	117588
29905074	rouxbot	Jeremy Stanley	557
15085196	rushkoff	douglas rushkoff	29333
16581604	MikeBloomberg	Mike Bloomberg	722850
4119741	jdickerson	John Dickerson	1360132
112290748	mungerisms	Mungerisms	10243
97082147	SophiaBush	Sophia Bush	1152932
256573865	JonahHill	Jonah Hill	4805186
12555	jbrewer	Josh Brewer	22130
951541	rozzie	Ray Ozzie	7813
1532061	kevin2kelly	Kevin Kelly	28664
226976689	marcprecipice	Marc Hedlund	4527
356158929	Zeega	Zeega	2368
15019184	heyamberrae	Amber Rae	15427
366601858	saramdub	Sara Emilia	1
93547212	choppedonion	Kelly	9116
19725644	neiltyson	Neil deGrasse Tyson	3689836
15420902	jrw	jen reiber walsh	4580
352947624	GSElevator	GS Elevator Gossip	706299
15189391	CourtneyReimer	Courtney Reimer	4749
19512493	RichardWiseman	Richard Wiseman	137277
17013577	blprnt	blprnt	19223
20211090	prak_daddy	Prakash Janakiraman	1301
30863	Brilliantcrank	Greg Storey	6920
64455095	mickbirch	Michael Birch	6701
14801863	espiers	Elizabeth Spiers	16410
19983050	MichaelWolffNYC	Michael Wolff	25388
285282053	GwynethPaltrow	Gwyneth Paltrow	2146017
47571378	AlisonAdventure	Alison Teal	23992
77926504	smellyi	Charlyne Yi	20527
88749392	JuddApatow	Judd Apatow	1206879
172020392	TwitterSF	Twitter in The City	476942
255617445	worrydream	Bret Victor	33600
14334873	mikekus	Mike Kus	16503
125644689	OpenIDEO	OpenIDEO	63078
33213413	jnd1er	Don Norman	19856
110729352	energy_project	The Energy Project	14995
378223565	sparker	Sean Parker	420646
133884625	StevenBPhoto	Steven Branstetter	136
6735	rsa	Robert Andersen	11446
24773177	carr2n	david carr	466520
23206141	duplaselton	Katie Aselton	124218
17260073	danfuzz	Dan Bornstein	1100
7689112	philiprosedale	Philip Rosedale	11968
226707303	strides	Strides	170
341747539	methodofaction	Method of Action	11598
46190055	AmoryLovins	Amory Lovins	7997
24789175	JamesFallows	James Fallows	72026
19130153	house	Allison House	11724
14714170	lat	Leigh Taylor	2037
14111267	DanParham	Dan	1700
18961903	cpalmatier	Chris Palmatier	247
15859268	zen_habits	Leo Babauta	169318
755414	santheo	Sandor Weisz	1254
2146141	dtrinh	D A N N Y T R I N H	10937
188489537	stylehatch	Style Hatch	5723
6484432	destraynor	Des Traynor	13735
9926962	contrastie	Contrast	771
273735036	ramekinparty	Katrina	91
859	richziade	Rich Ziade	1505
70658617	BREAKFASTny	BREAKFAST	5359
19479427	artypapers	r.	5964
10609	superamit	Amit superamit Gupta	37492
280414245	growtheplanet	Grow the Planet	2951
257911756	JesseCWaits	Jesse Waits	40404
20420148	ChristieSean	Sean Christie	6841
64844802	a16z	a16z	159081
17219555	GoodGuide	GoodGuide	11089
3302	awilkinson	Andrew Wilkinson	13198
12376	jmk	Joshua Kaufman	5438
1063291	UIE	UIE	25580
16655768	gt	Geoff Teehan	16012
19738648	teehanlax	Teehan+Lax	25091
90922259	kevinprivate	Kevin.private	19
617373	Padday	Paul Adams	18927
22453	escapist	   	2333
203280182	flowapp	Flow	3339
21035409	michaelianblack	Michael Ian Black	1953202
20551303	SirKenRobinson	Sir Ken Robinson	301904
20348377	jeffweiner	Jeff Weiner	238265
57687353	wkleban	Warren Kleban	742
552733	ems	MICH3LA	1867
281736928	1percentof	1% of Nothing	905
294728278	JonHuntsman	Jon Huntsman	101230
5520332	msuster	Mark Suster	206098
5413	dustin	dustin senos	6800
14327478	jonbischke	Jon Bischke	8006
33923	cameronmoll	Cameron Moll	50089
60404290	connor	Connor Montgomery	3203
213038443	radishsf	Radish	134
18908456	dataliberation	dataliberation	17958
56547835	boxcar	Boxcar	17081
845871	sarahschneider	Sarah Schneider	22198
12047992	shauninman	Shaun Inman	26019
2039761	kylebragger	Kyle Bragger	10107
14775357	mracus	Marcus Phillips	6449
777784	thekooze	Gerald Sacca	1209
336116660	JerrySeinfeld	Jerry Seinfeld	2844264
19010715	hemeon	Marc Hemeon	9871
14914385	ferenstein	Greg Ferenstein	5424
119788592	HBRrecs	HBR Recommended	26061
18567018	bigthink	Big Think	73779
132690927	AJacksonTalent	Amy Jackson	830
19396923	CKummer	Corby Kummer	21594
47448886	JeffreyGoldberg	Jeffrey Goldberg	74330
116529568	aspenideas	Aspen Ideas Festival	15293
74130577	emilychangtv	Emily Chang	60282
322904764	obviousvc	Obvious Ventures	14518
40932856	SkollFoundation	Skoll Foundation	458762
61775619	bhockeyjesus	BLACK HOCKEY JESUS	2422
16573745	joywilliams	Joy Williams	108347
60818204	thecivilwars	The Civil Wars	231753
14258424	penelopetrunk	Penelope Trunk	134753
17196120	dnf	Don Neufeld	1443
82788404	expertlabs	Expert Labs	2989
233807883	Gravity_Eight	GravityEight	265
93557398	whatconsumesme	whatconsumesme.com	2221
17825445	ThisIsSethsBlog	Seth Godin	469349
5732432	saarsaar	saar gur	18537
72831048	LettersOfNote	Letters of Note	192026
169942861	lanyrd	Lanyrd	10695
45518586	LogoDesignLove	Logo Design Love	92478
18638800	jessicahische	Jessica Hische	94618
21594483	MrsZweibel	Robin Zweibel	128
805369	sfquake	Mr. Faultline	1246
133773201	leduwines	Le Du's Wines	1477
234489403	mayoredlee	Edwin Lee	35251
8668862	cgiller	Chip Giller	3349
30629087	lakebell	Lake Bell	123007
221641755	SuperBetterLabs	SuperBetter Labs	1788
21786618	billmckibben	Bill McKibben	151643
21622582	CharlesBest	Charles Best	6271
21122578	AdamS	Adam Sharp	27901
129367367	ElleExplains	Lindsay Ellenbogen	136
260780299	xooglr	Doug Edwards	1306
757502	weightshift	Weightshift	8037
145304976	duetme	Duet	429
9038822	nathanheleine	Nathan Heleine	1267
98431254	EpicenterNYC	Epicenter Consulting	292
18267597	gigaommedia	Gigaom Media	43439
52484614	tumblr	Tumblr	2018422
1874221	McAndrew	Andrew McLaughlin	16141
10976312	copylicious	Kelly Parkinson	2501
20949406	ryanmeehan	Ryan Meehan	254
67094067	miles	Miles Hideo Williams	48
8722	andrewparker	Andrew Parker	12167
270548301	northtechinc	North Technologies 	24347
21107053	elleluna	elle luna	10204
10076782	sfzoo	San Francisco Zoo	22892
64179075	JeremyPond	Jeremy Pond	7213
14180531	esbie	Sarah Brown	4346
14187249	kvanscha	Karina	7071
20172395	beastieboys	Beastie Boys	381346
214680621	Humblebrag	 Humblebrag	248458
272089039	CoryBookerSpeed	CoryBookerSpeed	561
22273667	sm	Sara Mauskopf	31996
57739496	simplenoteapp	Simplenote App	13129
15747570	methodtweet	method	18803
39364684	chrissyteigen	christine teigen	774880
19768193	mshowalter	Michael Showalter	360953
8552602	jessiechar	Jessie Char	9489
18014805	archforhumanity	Architecture for...	221032
143569237	thelancearthur	THE Lance Arthur	945
46048042	ClimateChangeUS	ClimateChangeUS	10373
16257853	OneWorld_News	OneWorld News	28445
17463923	UNFCCC	UNFCCC	178089
16958346	ClimateReality	Climate Reality	210283
16278286	laur	Lauren Verrilli	496
18089163	bogusky	Alex Bogusky	91784
84146985	FearLessForce	Fearless Cottage	10050
54984917	AndrewLShapiro	Andrew Shapiro	1185
136029484	Green_Order	GreenOrder	1462
18965327	henkrogers	henkrogers	271
18214111	Perkowitz	Perkowitz	141
692023	westcoastbill	bill lee	18771
14764686	loosetooth	Brandy Agerbeck	2568
17765561	graphicfacilit8	graphicfacilit8	1604
14629948	SunniBrown	Sunni Brown	11651
1414901	unofficialsquaw	unofficialsquaw	5546
28657802	climateprogress	Climate Progress	114591
43008762	GenslerOnWork	Gensler	16475
16353994	HOKNetwork	HOK	31656
27916865	GlobalHealthOrg	Global Health (GHC)	30314
14483403	PopulationMedia	PopulationMedia Ctr	1706
14561486	bsttrach	Bruce S Trachtenberg	1984
17431549	MartyKearns	MartyKearns	1179
20633239	storyofstuff	The Story of Stuff	40808
36543496	dkorten	David Korten	6125
84364416	NEF	NEF	45809
19912068	DoLectures	Do Lectures	19961
72642213	theignitesf	Ignite San Francisco	1381
130762663	PreschoolGems	Preschool Gems	200891
21829724	karenxcheng	Karen X. Cheng	5397
25400093	frenchbenny	Benedict Coulter	32
41073372	peeweeherman	Pee-wee Herman	1683298
188859672	LostAndFound	Lost & Found	29
5848412	gavinpurcell	Gavin Purcell	19980
14248315	errolmorris	errolmorris	50271
19885694	stevebmicrosoft	Steve Ballmer	7361
20109973	AnnCurry	Ann Curry	1545395
7410742	BradUSV	Brad Burnham	9520
30109507	mcsweeneys	Timothy McSweeney	240561
159377495	TwitterBusiness	Twitter Business	563492
14800270	HarvardBiz	Harvard Biz Review	2072902
17396212	summertomato	Darya Rose	52198
19905542	dannyrimer	danny rimer	18034
205926603	hackweek	HackWeek	43817
17899109	gatesfoundation	Gates Foundation	1477165
14591033	journalistics	Journalistics	48377
20339060	trueventures	True Ventures	78429
15234407	CERN	CERN	1167656
20686917	DanC	Dan Coughlin	2521
13486	psd	Paul Downey	3348
5708292	wseltzer	Wendy Seltzer	7164
1039531	zittrain	Jonathan Zittrain	32055
193390654	learnandlead	Learn and Lead	133
15460816	elunt	Eric Lunt	1841
4248211	mindyfinn	Mindy Finn	8790
180171433	Experch	Experch	42
38679388	gmail	Gmail	4619595
1113541	bruces	Bruce Sterling	31875
16739704	jennadawn	jenna	282489
11076652	vicgundotra	vicgundotra	16434
3551171	Moltz	Moltz	11881
15595832	jamesjoaquin	James Joaquin	4051
23454940	mando	Amanda Levy	3920
17859981	caseywasserman	Casey Wasserman	23708
38267932	georgezachary	George Zachary	32861
13521702	DavidKirkpatric	David Kirkpatrick	29144
5943622	pmarca	Marc Andreessen	324326
32575807	bendarnell	Ben Darnell	94
28582680	bgarlinghouse	Brad Garlinghouse	5838
14839109	dpatil	dj patil	26781
765548	hmason	Hilary Mason	57784
179339999	RonConwayFacts	Ron Conway Facts	11658
14319958	acasalena	Anthony Casalena	7362
5151	mdy	mdy	1643
68607086	fakechloe	Chloe Sladden	956
33838201	googleresearch	Google Research	854278
10476462	adamdangelo	Adam D'Angelo	31490
635543	dburka	Daniel Burka	33941
136879221	joindiaspora	Diaspora	64487
14824849	SteveMartinToGo	Steve Martin	5981693
16634635	MLNow	Mission Local	18872
69671781	thebolditalic	The Bold Italic	61429
18948541	SethMacFarlane	Seth MacFarlane	7103165
14834340	jayrosen_nyu	Jay Rosen 	153321
24008967	thesulk	Alec Sulkin	616767
16190898	RyanSeacrest	Ryan Seacrest	13495363
188001945	googlerealtime	Google Realtime	10007
14204287	jkolko	Jon Kolko	8096
3252	odannyboy	Dan Saffer	19180
82533	bobulate	Liz Danzico	19724
13416712	adamlashinsky	Adam Lashinsky	34701
5968272	jeremys	Jeremy Stoppelman	209004
16896060	buckhouse	James Buckhouse	12910
19002481	googlereader	Google Reader	149838
1692881	bhaggs	Bryan Haggerty	21583
183749519	paulg	Paul Graham	247292
28163	dolapo	dolapo	1429
5988062	TheEconomist	The Economist	8626975
14434070	nytimesbits	NYTimes Bits	249522
691593	mjones	Michael Jones	15528
10198712	videoegg	VideoEgg	2820
57758347	mymelia	Melia	11
2295061	GrahamJenkin	Graham Jenkin	10284
111690658	seanmhower	Sean Michael Hower	522
175102903	GoogleSMB	Google SMB	78517
23129300	googlesites	Google Sites	42583
27814665	GoogleVentures	Google Ventures	402266
62607297	googlepubpolicy	Google Public Policy	88211
136293558	GoogleMobile	Google Mobile	590247
19367815	googleapps	name	221350
122112318	hellooooonewman	Seinfeld Tweets	30043
14120215	kottke	kottke.org	39065
7694352	cpen	carolyn penner	25809
4519121	Oatmeal	Matthew Inman	493170
9624742	StateDept	Department of State	1369129
172442947	TwitterU	Twitter U Recruiting	103477
153698653	altavistaschool	Alta Vista School SF	1368
44423	cdibona	Chris DiBona	35896
87985669	tc	Travis Crawford	2526
42343110	BenFolds	benjamin folds	850766
140531628	secondverse	Second Verse	48
18261985	NoeValleySF	Noe Valley SF	5209
13212522	frank_chimero	Frank Chimero	49093
14120151	foursquare	Foursquare	683081
133880286	LeoDiCaprio	Leonardo DiCaprio	12864416
15485441	jimmyfallon	jimmy fallon	25471307
113130846	ycombinator	Y Combinator	270580
15225697	dylancasey	Dylan Casey	4900
17889970	Gladwell	Gladwell	281046
44771048	RonConway	Ron Conway	79705
85693518	Lowercase	Lowercase Capital	4903
22888677	rgbenson	Rob Benson	5566
14248451	Joshmedia	Josh Felser	19217
14138167	mmccue	Mike McCue	17656
90420314	ActuallyNPH	Neil Patrick Harris	16134127
15827269	BradStone	Brad Stone	68182
26668603	Retweets4Writer	Retweets for Writers	136851
25511364	jenniferbove	Jennifer Bove	1036
860281	ireneau	Irene Au	10152
15533800	tstocky	Tom Stocky	5056
166739404	EmWatson	Emma Watson	17956734
18486045	fflick	fflick	15608
42468577	PierreGarcon	Pierre Garon	154823
32630330	plemur	Nick Alias Plemur	4267
89052712	EncoreBeachClub	Encore Beach Club	65380
19554706	justdemi	Demi Moore	5357081
19552645	kfreed	Kevin Freedman	290
15509422	kmaney	Kevin Maney	1872
14631327	BusinessBooks	Soundview	2497
14013722	mgrooves	Matt Graves	6930
20749410	finkd	Mark Zuckerberg	336746
48797251	OldSpice	Old Spice	224011
169686021	kanyewest	KANYE WEST	12463826
5670662	montomos		591
18042754	globalzero	Global Zero	8262
19310109	clighty	Chris Lighty	47883
114870386	Flipboard	Flipboard	277786
48621999	RichterScales	Richter Scales	45
20086998	MarielHemingway	Mariel Hemingway	440654
19330043	llcoolj	LipSyncBattle#Rouse 	4612463
21131816	kevinpollak	Kevin Pollak	349361
37774152	kaj33	Kareem Abdul-Jabbar	1707310
102782288	geo	Geo Team	48993
66561957	ZooeyDeschanel	zooey deschanel	6648365
25053299	FortuneMagazine	Fortune	1692555
52042469	JaredgarciaLv	Jared Garcia	11536
153661855	samcglone	Stephanie Mcglone	85
90614651	buzdm	BuzzDM	1121
23631859	davidblaine	David Blaine	798698
14710369	mikerelm	Mike Relm	17071
112962217	isaiahmustafa	Isaiah Mustafa	88973
16744602	btrplc	Better Place	8999
3671051	traviscrawford	Travis Crawford	2111
133824534	twittersearch	Twitter Search	2054540
22657153	DavidSpade	David Spade	2272678
7320972	boblord	Bob Lord	9988
85493294	zennerhabits	LB	1414
21926959	che	Cheryl P.	292618
3520	seth	seth goldstein	18320
14253109	adambain	adam bain	66624
17424053	fitbit	Fitbit	178132
17003765	GoogleforWork	Google for Work	548924
652193	mgsiegler	M.G. Siegler	161404
11856072	eddie	Ed Gutman	10372
20692088	ponystasia	Anastasia Leng	1426
133085344	ShitMyDelSays	ShitMyDelSays	3969
89316977	webclient	WebClient	48
91845087	Twidows	Twidows	86
135664169	ark	Ark	2480
7852612	isaach	Isaac Hepworth	18081
14409856	iano	prince ian	6767
3163591	gknauss	Greg Knauss	5202
792690	hoverbird	Patrick Ewing	51591
6844292	TwitterEng	Twitter Engineering	765891
130649891	twittermedia	Twitter Media	6086336
158079127	Nonprofits	Twitter Nonprofits	1520808
119134771	TwitterStories	Stories	1095772
7698	marius	marius eriksen	8011
11739102	jinen	Jinen Kamdar	11367
89479300	Gastronaut	Gastronaut LLC	990
102814012	emocw	Emo Chris	10180
102806994	rappyzack	Rappy Zack	428
84379366	IamNoa	Noa Morishige	82
18259651	emaland	emaland	5388
6145622	m2jr	Mike Maples	32644
22255654	johndoerr	John Doerr	255011
13165	asotira	Angelo Sotira	4344
68328247	AYogaSociety	Gina Michele Murdock	2076
20609518	DalaiLama	Dalai Lama	11049324
754998	peterchane	Peter Chane	2246
8943	jesus	Jesus Christ	627921
107795399	adriangrenier	Adrian Grenier	338679
25475250	nickbaily	Nick Baily	1347
123067935	drashishcpatel	Ashish Patel DDS	786
8661052	kosmix	Kosmix	1226
103946194	globetrottgirl	suzanne	5459
27670940	VengaEmpanadas	Venga Empanadas	429
121542666	mtilsonthomas	M. Tilson Thomas	96803
11857072	msnbc_breaking	msnbc.com Breaking	185870
139162440	pattonoswalt	Patton Oswalt	2248254
36686415	galifianakisz	zach galifianakis	4078281
15170467	markweaver	Mark Weaver	13036
25047662	heatherharde	Heather Harde	10931
15583279	MrJohnRiley	John Riley	708
51518017	mike_matas	Mike Matas	31740
755	noaml	Noam Lovinsky	1845
9892692	DonDodge	Don Dodge	25216
19506790	sherylsandberg	Sheryl Sandberg	168546
5143221	upe	Upendra Shardanand	1003
74523	mikeindustries	Mike Davidson	19238
745273	naval	Naval Ravikant	115714
3588081	tripadler	Trip Adler	4009
16364717	farhad667	Farhad Mohit	1762
21322090	jjbarnett	jim barnett	678
94143715	KatieS	Katie Jacobs Stanton	94031
14109827	bobbuch	Bob Buch	1413
37784836	lukester	Luke Esterkyn	24402
16150669	JadeEmily	Jade 	2327
22699508	gideonyu	Gideon Yu	16075
12185542	fruux	fruux	1960
51643	corporate	Corporate	1
91586468	Notgregory	Gregory	2
10239	nikete	Nikete	2487
16205983	gercheq	Gercek Karakus	874
142317240	bugrazzi	Bug Check	269
21586418	danawhite	Dana White	3156250
22937232	mabb0tt	michael abbott	25210
28074588	garfunkeloates	Garfunkel and Oates	92965
62290422	RedHourBen	Ben Stiller	4933265
129073048	therealjess	Jessica Verreally?	598
14405393	dalepd	Dale Dougherty	19151
2087371	iA	iA Inc.	61307
16461246	FrankQuattrone	Frank Quattrone	9322
133902185	Softdickc	Soft Dick	529
16867621	cayley	Cayley	4395
64482503	codeforamerica	Code for America	34315
2735591	FastCompany	Fast Company	1797137
18044341	tweetie	Tweetie	43801
83883736	FakeAPStylebook	Fake AP Stylebook	278476
9576402	anywhere	Anywhere	141782
49573859	iamwill	will.i.am	13197214
432093	BT	BT	709153
14674690	seanpower	Sean Power	12711
9943672	lorenb	Loren Brichter	35937
78789634	TwitCleaner	Twit Cleaner	97430
34932726	mixero	Mixero	8196
16242081	bhorowitz	Ben Horowitz	177891
128377311	wolfe585senior	fuzzy trace	143
14990751	AlisonAgosti	Alison Agosti	224264
25657401	SarahBrownUK	Sarah Brown	1222944
8365772	benholz	benholz	165
25088519	NissanElectric	Nissan Electric	45692
14258044	jensmccabe	Jen S. McCabe	8480
24516804	timhutton	Timothy Hutton	64535
18753325	NeilDiamond	Neil Diamond	847897
14227938	crispycracka	Christy Ann	3077
7478612	theresa_lauren	Theresa Couchman	9419
30065033	typekit	Adobe Typekit	82326
19829755	eCommConf	eComm	1913
22596895	SheckyGreen	Jonathan Shecter	13923
33778311	shimshimagic	Shimshi	1010
16068792	wynnwu	Wynn Xiao Wu	1150
31240434	WynnLasVegas	Wynn Las Vegas	595790
36016742	cyan	Cyan Banister	75
18002296	moonfrye	soleil moon frye	1505410
74534435	janetvh	janet van huysse	17255
53153263	tyrabanks	Tyra Banks	12562178
89250495	geoapi	GeoAPI.com	710
7902612	EspreeDevora	 Espree Devora	12557
15693261	af	anna frenkel	8371
2054511	Remiel	Remiel	3682
14771728	yobetts	Richard Betts	7606
121887978	QueenNoor	Noor Al Hussein	510563
14049880	noushskaugen	Noush Skaugen	1070591
115734106	kris	kris	17492
879521	peretti	Jonah Peretti	53845
58560480	MichaelDell	Michael Dell	864115
18009781	joshgroban	josh groban	818606
50476895	NorahJones	Norah Jones	221667
12563492	_Reg	Mike Regina	477
631603	cassiestirman	Cassie	710
8438932	dsa	Russ d'Sa	8098
187	thatstacy	Stacy Jenson	2680
95731075	safety	Safety	2380697
115485051	ConanOBrien	Conan O'Brien	16606269
28506038	ROWGHANI	Ali Rowghani	26180
6210882	TheBosha	hey Bosh	12299
14632806	fubini	Ross Fubini	1529
103770785	TwitterIndia	Twitter India	1334671
37676790	Malecopywriter	Lawson Clarke	7350
73531107	deptofchaos	Kateri O'Neil	1261
36298938	Flirt140	Flirt140	1469
68837369	aspenjfm	jerry murdock	2793
22872643	kellyoxford	kelly oxford	621469
27066408	berncoh	Bern Coh	7660
822571	SG	Sean Garrett	26293
109184306	JoinTheFlock	Join The Flock	435045
38076664	Emicus	EMICUS	89
110692863	longestmarried	Longest Married  	6072
19562228	rustyrockets	Russell Brand	9845491
15808765	CoryBooker	Cory Booker	1551816
24752484	OpenGov	Open Government	770777
25166595	UnitedAirlines	United Airlines	153071
84351228	timberners_lee	Tim Berners-Lee	205256
1416711	felixhaas	Felix Haas	3249
18124625	casinclair	Cameron Sinclair	21796
40227205	YGLvoices	Young Global Leaders	42113
792724	joshspear	Josh Spear	16976
33792634	andrewrsorkin	Andrew Ross Sorkin	483990
6941	jyri	Jyri Engestrm	12044
66116095	webfinger	webfinger	93
16801904	shaunwhite	Shaun White	1492854
50393960	BillGates	Bill Gates	22253194
16458319	MusicForRelief	Music for Relief 	56522
66528154	mikeshinoda	Mike Shinoda	598683
33039483	JaredCohen	Jared Cohen	290151
95802291	blippy	Blippy	4389
103137087	umwhatdyasay	Jessica Verrilli	5
103181497	Coccyzus_ev	Abdur	33
45639860	blaze	Blaze	32
15075035	colbay	Coleen Baik	9147
87532773	design	Twitter Design	1576226
14230524	ladygaga	Lady Gaga	46923951
15269298	tweetstory	tweetstory	760
4102571	patrickmoberg	Patrick Moberg	2271
94375369	teuxdeux	TeuxDeux	5715
19886347	davidrock101	David Rock	10816
94952375	Coccyzus	Abdur Chowdhury	2185
22935006	iamnotdiddy	iamnotdiddy	6844
15060582	luckyshirt	Darin Ross	66389
25244942	wattvision	wattvision	1736
14973154	aboodman	Aaron Boodman	982
19406070	myen	myEN (Evernote)	148522
17006157	NYTimeskrugman	Paul Krugman	1356156
56436449	brizzly	Brizzly	13652
13837292	evernote	evernote	371945
93957809	ericschmidt	Eric Schmidt	1102299
5994452	jfarmer	Jesse Farmer	3335
21136289	peerpong	PeerPong	1379
91195581	hoot	Hootenanny	37
28247129	OliRyan	Oli 	4078
5517	jeanpaul	Jean-Paul Cozzatti	8201
1683071	tanyaryno	Tanya Ryno	11469
15626912	HalfPintIngalls	Laura Ingalls Wilder	16287
86174300	jazzydolapo	Jazzy Dolapo	465
7493	leland	leland rechis	8801
14207040	JeffClark	Jeff Clark	4086
14156581	wfs	Wil Fucking Shipley 	911
3963481	twittermobile	Twitter Mobile	3363853
8491	elizabeth	Elizabeth Weil	25175
6535212	eladgil	Elad Gil	11655
20495814	othman	Othman Laraki	10103
11336782	Carnage4Life	Dare Obasanjo	10282
25778215	mv	Mary Verrilli	1075
14719656	sftechbroker	Jenny Haeg	582
65992743	lindsaylohan	Lindsay Lohan	8994111
55887612	IGetTo	IGetTo:	358
30450685	AimeeMullins	Aimee Mullins	7475
70890946	christieburson	Christie Burson	586
87280906	TypekitTeam	Typekit Team	8
35662666	soniavaldez	sonia valdez	58
39429286	misdme	Loverbird	47
16910591	arjunbasu	Arjun Basu	174227
52544275	IvankaTrump	Ivanka Trump	1644485
23561672	mishadynin	Misha Dynin	324
16014840	GirlsinTech	Girls in Tech	35998
54682125	BillCosby	Bill Cosby	4102003
52551600	JimCarrey	Jim Carrey	14453864
18337283	pandemona	Sara Haider	53408
748353	kmonkeyjam	Tina Huang	6491
14527804	rohitkhare	Rohit Khare	1757
22747624	sgblank	steve blank	135612
79797834	ebertchicago	Roger Ebert	791156
19064312	Emmabarnett	Emma Barnett	35916
9337792	web2summit	web2summit	10167
62591681	EdwardNorton	Edward Norton	2064698
1051171	EthanZ	Ethan Zuckerman	39063
22330739	Benioff	Marc Benioff	167127
22938914	stevewoz	Steve Wozniak	410817
3094401	jayadelson	Jay Adelson	21356
25959629	fabricegrinda	Fabrice Grinda	8120
25388028	essentially_me	Essentially Me	1375
18047517	HotAmishChick	HotAmishChick	6719
42226885	vkhosla	Vinod Khosla	447177
15661871	donttrythis	Adam Savage	1217830
74523632	tweetimages	Tweet Images	225
28196433	DougCoupland	Doug Coupland	458405
35541592	yitan	Yi-Tan Tech Call	747
13919072	robinsloan	Robin Sloan	320541
23492901	StephenRCovey	Stephen R. Covey	596572
17297668	larrybrilliant	Larry Brilliant	23816
29256864	chartoftheday	BI Chart of the Day	27762
57371662	PadmaLakshmi	Padma Lakshmi	473567
14876536	thedayhascome	Josh Hopkins	8424
15414807	johnmaeda	John Maeda	410004
15211564	sam	Sam Luckenbill	17091
32238237	sisternlaw	Kristi Williams	243
11388132	lessig	Lessig	342357
49113683	birdbrain	BirdBrain	66
17163514	gennayaitanes	gennayaitanes	314
16952499	Zaius13	Damn Dirty Ape	7535
74614066	twiredtalk	S J Levy	6
24223641	michaelpollan	Michael Pollan	450308
25489250	DerrenBrown	Derren Brown	2038504
14871080	yoda	Yoda	118634
9946842	amac	Alex Macgillivray	33749
287713	crystale	Crystal English	8993
15968297	kurnit	Scott Kurnit	4659
5663062	jasonkilar	Jason Kilar	5916
39757887	IvyBean104	Ivy Bean	36983
767191	skitch	Skitch	10242
14645531	ashadornfest	Asha Dornfest	213892
62581962	shitmydadsays	Justin	2835421
44039298	sethmeyers	Seth Meyers	2869506
14506253	joelmchale	Joel McHale	3668738
12303682	friendfeed	friendfeed	9673
40959360	SF311	SF311	13523
63796828	verified	Verified Accounts	1460800
32171318	JasonBinn	Jason Binn	186229
7456262	btaylor	Bret Taylor	37247
12886272	CamBowman	Cam Bowman	2238
15492359	TEDTalks	TED Talks	5449876
17503180	marissamayer	marissamayer	999709
817062	mags	Margaret Stewart	9935
38729010	twtotd	TwtOTD.com	1007
23544268	OfficialKat	Kat Dennings	821001
30614676	alydenisof	alyson hannigan	1049561
13889622	lukew	Luke Wroblewski	124751
16939148	delbius	Del Harvey	315671
735983	gmc	Gmc	24166
14372143	jasonfried	Jason Fried	149247
8285392	raffi	uo 	25467
43788141	Steve_C_D	Steve D.	114
72403	ginab	Gina Bianchini	15939
3355001	Devon	Devon	5227
14192329	kvox	Karen Wickre	13885
1317661	scottros	Scott Rosenberg	7145
16102829	_srslainey	Lain Brain	575
52672768	annieleibovitz	Annie Leibovitz	97053
19658826	newscientist	New Scientist	1664334
1979921	joshelman	Josh Elman	46749
44702416	hosebird	hosebird	56
15458767	Hitwise_US	Find us @ExperianMkt	12658
47430404	KaylaCagan	Kayla Cagan	2143
21982720	ariannahuff	Arianna Huffington	1912743
9534522	Pogue	David Pogue	1561778
50374439	tomhanks	Tom Hanks	9825786
44570946	MrTeller	Teller	360095
20221159	jeremypiven	Jeremy Piven	2556307
16721263	LindaStone	Linda Stone	12416
10078	reidhoffman	Reid Hoffman	283103
1010171	eyal	Eyal Hertzog	951
17113670	FakeYossiVardi	Fake Yossi Vardi	1110
19608739	autoreverse	Nate Auerbach	2966
46565466	marquez140	Michael Marquez	1756
9465382	sandramp	Sandra Ponce de Leon	3959
793130	rion	Rion	588
795244	mattknox	matt knox	8405
3191321	noradio	Marcel Molina	54688
47365363	britneybindel	Britney Bindel	248
795649	rsarver	Ryan Sarver	285004
45587838	thinglabs	Thing Labs	1867
45880233	tiger	Emily	15202
44687868	sporksf	Spork Restaurant	1901
42964533	maples_invest	Maples Investments	2131
23217821	ashishgoel	Ashish Goel	3643
17622336	the_api_book	Twi++er API: UAR	856
44427829	flockthemovie	Flock: The Movie	12
6776612	MODAT	Modat	3491
6623742	JellyHelm	Jelly Helm	3563
5746452	waltmossberg	Walt Mossberg	718940
14541402	mlevchin	Max Levchin	128358
20992354	zeitheist	zeitheist	218
13136932	polleverywhere	polleverywhere	4922
29330966	jenna	Jenna Bilotta	10451
43481346	lanceholter	Lance Holter	285
14164801	kbhaley	kbhaley	12
21324258	MarthaStewart	Martha Stewart	3065555
26565946	jtimberlake	Justin Timberlake	45642550
14749070	Chad_Hurley	Chad Hurley	651855
36412963	QueenRania	Rania Al Abdullah	3793377
38109950	shimshamshimmy	Jun Murai	8889
14269673	poeks	Jen Oslislo	2782
39784977	BoPelini	Bo Pelini	90654
15934340	tonysphere	Tony Conrad	35758
17545037	sethsimonds	seth simonds	46389
11178592	atebits	atebits	30780
7872242	maryrosedunton	Maryrose Dunton	431
24996939	MaryLynnRajskub	Mary Lynn Rajskub	149231
3452911	kevinweil	Kevin Weil	49764
15575251	MorganWebb	Morgan Webb	199193
23680913	kevin_nealon	Kevin Nealon	1523830
23641180	IMshopping	IMshopping	939
17854419	kraneland	David Krane	16848
10267312	thuske	thuske	4546
855171	jfray	Josh Fraser	4956
25039266	mikelimondba	Mike Passover Thee	3807
19193392	Pointomatic	Pointomatic	130
15679149	Aimee_B_Loved	Aimee B	9793
23641040	SisleyM	Sisley Morishige	28
14351448	eoporto	Elizabeth Oporto	2935
30364057	SarahKSilverman	Sarah Silverman	6382410
26642006	Alyssa_Milano	Alyssa Milano	2826356
51573	Zhanna	Zhanna Shamis	22536
33514869	BarbaraJWalters	Barbara Walters	1400932
20921412	hydeparkmom	andrea wishom	21637
20788087	SheriSalata	sheri salata	115855
19397785	Oprah	Oprah Winfrey	27627481
29840295	JessicaSimpson	Jessica Simpson	7213923
16228398	mcuban	Mark Cuban	3027932
5763262	karaswisher	Kara Swisher	1035139
19299909	postsecret	PostSecret	543704
14520929	m_boyd	Matt Boyd	276
23544596	mindykaling	Mindy Kaling	4008920
16998020	lilyallen	lily	5156991
1344951	WIRED	WIRED	4577672
23859156	MIAuniverse	M.I.A 	633117
28396770	peasantpies	Peasant Pies	364
28424104	tweetname	Tweetname	1570
14392064	grahamfarrar	Graham Farrar	1200
28847774	TEAM_HEADLINE	Team Headline	246
16303106	StephenAtHome	Stephen Colbert	7876200
27457788	KevinSpacey	Kevin Spacey	4064681
1536811	markoff	John Markoff	55249
21125133	morgan_murphy	Morgan Murphy	123792
34883	liz	liz kozak	4041
18932756	toddchaffee	Todd Chaffee	5030
15125585	edge	John Brockman	43932
20736776	smallbatchinc	Small Batch Inc	331
17877122	clairecm	Claire Cain Miller	52086
46063	hunterwalk	Hunter Walk	90221
14054786	Janetti	Janetti !	2334
23923113	brownestate	Brown Estate	5364
17225211	OBEYGIANT	Shepard Fairey	170556
668473	sampullara	Sam Pullara	9495
2363571	ChloeS	Chloe Sladden	220633
24044360	colbyvogt	Colby Vogt	492
16089776	SashaGrey	Sasha Grey	899584
19079396	CharlieRoseShow	Charlie Rose Show	79530
14565621	maryfjenn	Mary Jenn	3484
19256563	djshadow	DJ Shadow	118233
15901190	trent_reznor	Trent Reznor	1795544
17392445	BertDecker	Bert Decker	11725
6331462	jess	Jessica Verrilli	375731
274	danarkind	Dan Arkind	2453
18028814	creativitykids	Creativity Museum	4073
15184804	Emergency_In_SF	Emergency_In_SF	31064
22940219	Eminem	Marshall Mathers	19364146
1054521	steepdecline	Tyler Crowley	7086
8315972	hoomanradfar	Hooman Radfar	5054
23129237	jessicajackley	jessicajackley	10990
1032	msanchez	Matt Sanchez	1434
21879024	tonyhawk	Tony Hawk	3957585
20067354	JohnDonvan	John Donvan	1222018
20536157	google	Google	11189273
1176	herf	Michael Herf	4204
17112843	pankaj	Pankaj Gupta	9985
6141832	cshirky	Clay Shirky	349516
20429603	scpanza	scpanza	351
19853	rk	Ryan King	243950
21383671	rpyell	Rachel Pyell	84
21172954	drea	drea	8746
14520685	lg	Larry Gadea	10373
20333461	gtdguy	David Allen	1212925
18881578	animesexbomb	Mischa	1107
666073	trammell	Trammell	192316
632173	c	Coley Cheng	44119
14202711	mattcohler	Matt Cohler	35588
20012343	jillyface	Jillian West	11439
809760	badbanana	Tim Siedell	731536
16230180	mkaufmann	michelle kaufmann	9670
11347122	GavinNewsom	Gavin Newsom	1221782
10231042	kerah	kerah	231
14219617	DHMovementCEO	jenn lim	8323
19637934	rainnwilson	RainnWilson	4099340
15962096	DAVID_LYNCH	David Lynch	2451815
17279778	jonesarah	Sarah Jones	8471
19261791	zem	Zem Joaquin	10307
2372	clevergirl	Janice Fraser	6511
17595439	chr1sa	Chris Anderson	161116
15922433	scottharrison	Scott Harrison	75006
1401881	dougw	doug williams	293062
16403	merci	Merci Victoria Grace	2986
949521	stop	Doug Bowman	307964
19058681	aplusk	ashton kutcher	16910907
17266725	TonyRobbins	Tony Robbins	2600881
16848539	DaveSFoley	Dave Foley	155844
17137916	agentpu	Jaime Chen	111
7650782	siobhanquinn	Siobhan Quinn	4514
18780567	Blogger	Blogger	245779
16133048	TweetReport	TweetReport	5078
6611482	peterpham	Peter Pham	22491
14075928	TheOnion	The Onion	7507440
17853343	chardonnay650	chardonnay650	593
14220991	gregbettinelli	Greg Bettinelli	5787
14241468	stoya	Stoya	199596
12093282	anamitra	anamitra banerji	100883
13820672	richardroeper	Richard Roeper	171994
13058232	noaheverett	Noah Everett	4158471
14749383	pennjillette	Penn Jillette	2040661
17408993	fakesacca	fakesacca	3366
1970	bonforte	Jeff Bonforte	9806
20903	davidman	David Mandelbrot	344
10803182	rescuetime	RescueTime	5577
8161232	richardbranson	Richard Branson	5679795
17874544	Support	Twitter Support	3942037
14346209	sean	Sean Matsuno	10858
5819322	mutgoff	Maggie Utgoff	247584
16957618	GregYaitanes	g	311844
15068491	JoplinSean	Sean Beebe	64
17696989	clark092002	domenick	18
12498052	jillregina	jillregina	245
17696559	lauriejo	lauriejo	15
16444606	KatieBoehret	Katie Boehret	40615
7419512	broy	Bhaskar Roy	3564
14749606	Dropbox	Dropbox	4048733
17461978	SHAQ	SHAQ	9873065
17194296	onambiguity	Ming / Ng	674973
9184282	springfever	Irene McGee	2437
15337502	Tanya77	JT Bateman	93
7746932	DanB	Dan Bricklin	5779
13141672	gmasterb	gmasterb	198
16149338	pxnola	Pableaux Johnson	2876
94733	carriewestlake	carrie cronkey	297
17220934	algore	Al Gore	2773067
655093	god	God	164951
2035631	ianmcall	Ian McAllister	3985
12217	tconrad	Tom Conrad	158743
673483	dewitt	DeWitt Clinton	6093
16727535	lancearmstrong	Lance Armstrong	3836084
2884771	Newsweek	Newsweek	2625110
14079576	kevinthau	Kevin Thau	187903
15395435	stephromanski	Stephanie Romanski	963
14345566	TheBloggess	TheBloggess	408844
16366710	Plodt	Plodt	1298
16381279	DaveJMatthews	DaveJMatthews	792981
7723092	mudpuddles	mudpuddles	77
804759	glassdog	Glassdog	475
14247004	ivegotzooms	ivegotzooms	1019
15111389	breagrant	Brea Grant	47142
16005828	jeff_jordan	Jeff Jordan	15985
14413529	MelodyMcC	Melody McCloskey	19262
15870311	vctips	vctips	4869
15948437	spolsky	Joel Spolsky	106353
309073	bs	Britt Selvitelle	217336
13925632	mrtall	Andy Lorek	237543
14928316	matthewrender	Matthew Render	144
7344012	FunSizeBytes	Fun Size Bytes	4689
14857534	smartasshat	s s s	2460
14896067	rondapepsi	Betty Winnacker	449
14468875	christopher_wu	Christopher Wu	1310
3290151	Rajil	Rajil Kapoor	8858
15921173	edyson	Esther Dyson	52479
16285834	NoOnProp8	No on Prop 8	10162
10759032	abdur	Abdur Chowdhury	226724
291	goldman	Jason Goldman	1193326
15124802	ginablaber	ginablaber	2397
14336349	CcSteff	Stephanie	5688
2425151	facebook	Facebook	13909150
14335498	newsycombinator	Hacker News	101798
13481302	hartshorne	Beau Hartshorne	527
3476	brit	Brit Morin	37859
257	rael	Rael Dornfest	16649
2560911	andygadiel	Andy Gadiel	8588
7064802	SeoulBrother	SeoulBrother	5778
2224331	strutting	Jay Hathaway	3244
633813	shamayn	sha-mayn	1815
9239622	niniane	niniane	3382
722	neha	Neha Narula	23537
14813320	tinybuddha	Tiny Buddha	464614
5445402	cluckcluckers	dr. casey hall	593
15485915	toddlevin	todd levin	27774
151933	textism	Dean Cameron Allen	4561
14019082	melissa	Melissa Sconyers	7664
15767907	done__	Done.	10
7808262	Ed	Ed Shahzade	52706
6095	briansacca	Brian Sacca	2317
7805232	niravtolia	Nirav Tolia	4506
12044602	Schwarzenegger	Arnold	3310281
12921042	Juleznet	Julia	266
14775787	Worldchanging	Worldchanging	12824
16	jeremy	Jeremy	12835
14209775	karen_m_poole	Karen	1455
13418552	cyantist	Cyan Banister	29141
15076390	Padmasree	Padmasree	1601811
1423971	Barak	Barak	898
13029	nicknotned	Nick Denton	29930
15300209	lindseykayh	lindseykayh	10
11444392	greghackett	greghackett	193
35293	mrgan	Neven Mrgan	18947
9822052	AinsleyofAttack	Ainsley Drew	3841
113963	Werner	Werner Vogels	69658
14163141	ironicsans	David Friedman	4445
14895312	ronpepsi	Rudy Winnacker	4539
14467131	sfparty	SF Party	3318
14561327	dhh	DHH	138680
8366312	FarkerPeaceboy	FarkerPeaceboy	1133
15128960	edandlupe	edandlupe	51
12052632	mzsanford	Matt Sanford	19274
13	biz	Biz Stone	2454173
5817372	robinchan	Robin Chan	4602
943751	jhuber	Jeff Huber	36035
2973971	maratriangle	Mara Conservancy	4605
761613	evan	Evan	1224
14228118	gregpass	Greg Pass	8674
14801937	Merbaby	Mara  Phillips 	58
760892	VL	Vtor	17525
7040932	tonyhsieh	Zappos.com CEO -Tony	2777121
1335031	stephen_hartley	Stephen Hartley	184
12993892	shawnfanning	shawnfanning	5853
2333071	sarawinge	Sara Winge	5266
1137701	DavidSacks	David Sacks	39748
12468982	ragsgupta	ragsgupta	1050
3860	nikolaj	Nikolaj Nyholm	4883
818992	pbausch	Paul Bausch	1158
9095022	michaelpcassidy	Mike Cassidy	2842
6171852	katiejstanton	katie jacobs stanton	188
14664315	junecohen	June Cohen	17029
14600116	johnbattelle	John Battelle	277403
11423	merrells	john merrells	743
14274132	JPBarlow	John Perry Barlow	51269
11435642	jeffjarvis	Jeff Jarvis	149500
2653	emilyd	Emily Davidow	1879
2397	daveg	David Galbraith	3082
14761795	TEDchris	Chris Anderson	1703590
145313	echuckles	Elizabeth Chuck	3060
5980702	psytsma	Paul Sytsma	179
14252523	ashellen	allie shellen	552
14100237	Alfred_Lin	Alfred Lin	13525
1468401	sockington	Sockamillion	1343512
759242	henning	not_henning	108
14109613	JuliaAllison	Julia Allison	178855
14597240	commenting	commenting	62
14596883	quoting	quoting	112
6273552	MCHammer	MC HAMMER	3507532
804204	twittervision	Dave Troy	32509
9480732	joshacagan	Josh A. Cagan	6463
14378113	DanielPink	Daniel Pink	327293
11212302	presentationzen	Garr Reynolds	26167
14299426	chefjesseminer	Jesse Miner	1380
14445325	betaworks	betaworks	16304
820890	ryanjunee	Ryan Junee	3740
3226561	davidsze	David Sze	18374
862681	ryan	Ryan Block	84733
14348594	hodgman	John Hodgman	1070017
5984072	meowrey	Meowrey	2386
10138192	having	FoodFeed	4218
7641582	twye	tweetwhatyoueat.com	16883
14200319	twitsig	twitsig	378
650013	bradfitz	Brad Fitzpatrick	15885
744463	daveman692	David Recordon	14087
14290597	howardh	Howard Hartenbaum	1293
1008591	Coudal	Jim Coudal	25848
9213742	robey	Robey (idle)	6990
1235521	timbray	Tim Bray	32743
14284856	evskeys	Ev's Keys	399
14127387	dollarshort	Mena Trott	4018
6140	brady	brady forrest	13685
7019822	CecilSeaside	Cecil Seaside	74
14106829	AlexSteffen	AlexSteffen	13797
641433	AmyJane	Amy Jane Gruber	64397
5768872	garyvee	Gary Vaynerchuk	1145048
14165186	julietweets	Julie Haddon	1964
7190742	jwz	Jamie Zawinski	9067
11340982	zefrank	zefrank	115685
1173281	lilich	Lili Cheng	3879
44643	pinkestblack	Jenna Bilotta	48
125033	tamar	Tamar Weinberg	42107
14100619	remhq	R.E.M. HQ	90216
13298072	TeslaMotors	Tesla Motors	612501
2426	monteiro	Mike Monteiro	51770
11740902	tferriss	Tim Ferriss	1246779
2911221	wilshipley	Wil Shipley	20887
12168282	carriee	carriee	33
6981492	ftrain	Paul Ford	24269
1919231	cabel	Cabel Sasser	65329
10771052	pamshore	pamshore	327
2735631	lonelysandwich	Adam Lisagor	41621
926981	scottsimpson	Scott Simpson	24805
816532	gregory	Greg Galant	8878
4708351	Poshy	Lynn	6616
817288	gaberivera	Gabe Rivera	54372
646533	meyerweb	Eric A. Meyer	86073
29283	tigerbeat	Steve Rhodes	8596
13461	waxpancake	Andy Baio	30686
11472	thomas	thomas marban	12646
6954	coachdotme	Coach.me	496759
5841	stirman	Jason Stirman	6822
418	dens	Dennis Crowley	78691
1090561	LeslieBradshaw	Leslie Bradshaw	13451
637763	voodootikigod	Chris Williams	5976
643653	rstevens	rstevens 3.141	23724
1091151	payne92	Andrew Payne	974
13174	aa	Andrew Anker	6859
6253282	twitterapi	Twitter API	3405922
9322792	Farley415	Farley415	21
5388852	hrheingold	Howard Rheingold	39085
11620792	venturehacks	Venture Hacks	160451
12146022	krisann	krisann	399
3080761	mattcutts	Matt Cutts	443219
2797401	Davidm	DavidM	87
594103	ChristopherA	Christopher Allen	2615
819510	dtchuck	Chuck Longanecker	1478
107	pud	Philip Kaplan	43981
799722	joyce	joyce kim	16261
2787551	CathyBrooks	Cathy Brooks	9043
657863	kevinrose	Kevin Rose	1571262
5669182	sadkids	geoffrey ellis	1500
740983	loic	Loic Le Meur	124627
7738402	elliotjaystocks	Elliot Jay Stocks	43927
1154	peterme	Peter Merholz	10576
305963	nanking	Nancy King	720
9591422	mombo	Richard McAniff	2615
2100521	jonathancoulton	Jonathan Coulton	115530
12514	tomcoates	Tom Coates	18464
7839422	mydesiree	mydesiree	188
5168531	afgascoigne	Adriana Gascoigne	4731
544	peter	Peter Berg	10626
2182641	stevenbjohnson	Steven Johnson	1396396
9079352	pmarcablog	pmarcablog	2814
5503882	brianstorms	Brian Dear	1218
9742912	amitk	Amit Kapur	3264
9729502	travisk	travis kalanick	80090
6708952	SteveCase	Steve Case	739542
94	alissa	Alissa	9460
4999	fraying	Derek Powazek	10132
858051	dannysullivan	Danny Sullivan	464680
2730791	mkapor	Mitch Kapor	102275
807506	jimydotorg	Jim Young	9231
740043	TejKD	Tej	169
1138431	miyukijane	Jane Eats Braaaaains	1324
1385401	btrott	Ben Trott	1364
7439432	juliehamwood	Julie Hamwood	1414
16023	jah	Justin Hall	5039
4396	evany	evany	4782
1048651	jenbee	Jen Bekman	13336
14763	ryancarson	Ryan Carson	56483
767909	rebeccablood	Rebecca Blood	1016
108	ilona	ilona	3424
12449	gstein	Greg Stein	1982
8372782	yukarim	Yukari Pass	94789
8372152	heater	Chad Heaton	255
767	xeni	Xeni	90611
989	om	Om Malik	1479198
3339171	dsearls	Doc Searls	22107
808627	StevenLevy	Steven Levy	90497
78833	rcarver	Ryan Carver	1314
644863	nivi	Nivi	25316
10191	Frauenfelder	Mark Frauenfelder	27800
509	jerrymichalski	Jerry Michalski	9006
671343	jenniakemi	Jenni	334
62443	davidporter	David Porter	2062
7615222	twii	twii	13
639643	fireland	Joshua Allen	37438
677873	alainabrowne	Alaina	2173
3563901	bracl	Brad Helpler	84
13198	markpinc	mark pincus	57968
6267962	dangillmor	Dan Gillmor	34450
3754891	bfeld	Brad Feld	208534
2696831	aaronsw	Aaron Swartz	16200
5965332	davidlee	David Lee	44746
2857721	brianp	brian pokorny	16732
24503	Bonanzinga	Roberto Bonanzinga	8582
783214	twitter	Twitter	39681597
3551301	twttr_chglog	TEH CHANGELOG	8
60273	jasonsantamaria	Jason Santa Maria	359901
6160742	bryce	Bryce Roberts	35121
5252591	bgurley	Bill Gurley	328078
12530	mattb	Matt Biddulph	6745
2391	mulegirl	Erika Hall	12528
816830	bryanboyer	bryan boyer	1784
322	twang	Ted Wang	6288
1753101	arlosaid	Arlo Robbins	49
869201	jenville	Jennifer Robbins	3188
809256	jjeff	Jeff Robbins	5428
7034402	bmonte	Monte Williams	433
6451032	jennyholzer	Jenny Holzer	53243
82883	Jish	Jish	797
33423	gruber	John Gruber	355037
819550	tine	Christine Songco Lau	881
12782	kimbalina	kimbalina	418
3713811	bijan	Bijan Sabet	53703
13041	elatable	Bradley Horowitz	50738
6385432	dickc	dick costolo	1497122
772386	WilloLovesYou	Willo O'Brien	8486
5391882	dooce	Heather B. Armstrong	1527959
66183	gregveen	Greg Veen	2183
1153	AndrewCrow	Andrew Crow	8367
1285451	dweinberger	David Weinberger	26522
3475	davemorin	Dave Morin	452907
5668942	sarahcuda	Sarah Lacy	101482
813286	BarackObama	Barack Obama	59660061
5534952	paulreddick	Paul Reddick	363
893211	sw	susan wu	11024
1121181	KiteVC	Bill Tai (KiteVC)	16536
1000591	fredwilson	Fred Wilson	392035
598083	santojay	Santosh Jayaram	5184
1568041	stefano_sf	Stefano Tarricone	599
2729061	doctorow	Cory Doctorow	377322
11113	mat	mat	65578
2384071	timoreilly	Tim O'Reilly	1928178
1305941	jkottke	Jason Kottke	262802
43593	mbostock	Mike Bostock	28987
817970	kwerb	Kevin Werbach	24268
890381	nbradbury	Nick Bradbury	2659
1058971	jhong	james hong	12255
878051	Halcyon	John Halcyon Styn	6429
10350	Veronica	Veronica Belmont	1746746
822966	cskott	Courtney Skott	742
22483	pinwheel	Jason Sutter	1027
446	rae	rae brune	168
10711	Harjeet	Harjeet	11113
66123	gen	Gen Kanai	4787
813491	DonMacAskill	Don MacAskill	9652
988	nitin	Nitin Borwankar	3976
3840	Jason	jason	228722
793572	ejovi	Ejovi Nuwere	1285
749963	pierre	Pierre Omidyar	520981
785449	richardyoo	Richard Yoo	1406
757664	jjg	Jesse James Garrett	19386
761975	mathowie	Matt Haughey	18518
30923	rands	rands	34257
10625	caffo	Rodrigo Franco	5823
716923	kirkwoo	laura kirkwood	538
749863	hotdogsladies	Merlin Mann	343587
10990	megnut	Meg Hourihan	5411
691353	Joi	Joi Ito	104624
615723	ethank	Ethan Kaplan	9369
11041	emilychang	Emily Chang	22567
673973	AdaptivePath	Adaptive Path	38299
13349	ryanchris	Ryan Freitas	9424
614603	jonathangrubb	Jonathan Grubb	1460
2494	robhayes	Rob Hayes	17253
2984	go	Michael Buffington	4363
5814	tempo	Thor Muller	10280
61133	zeldman	Jeffrey Zeldman	341186
1085	niall	Niall Kennedy	1535
56203	jayallen	Jay Allen	217
746	gshellen	Grant Shellen	1974
23763	kevinlynch	Kevin Lynch	2468
36823	anildash	Anil Dash	556011
34303	ErnieAtLYD	Ernie Hsiung	2957
11336	skampy	dana j. robinson	2124
13341	ekai	Eddie Codel	6012
13479	photomatt	Matt Mullenweg	78572
3936	allaboutgeorge	George Kelly	7035
686	ericost	Eric Costello	1116
11604	torrez	Andre Torrez	7204
12440	Pam	Pam Laird	781
12396	Tadskiis	Tad	133
5699	stewart	Stewart Butterfield	24502
4833	simplebits	Dan Cederholm	89175
5702	Caterina	Caterina Fake	115115
11848	debs	debs	8977
11756	sheila	sheila tran	4289
652	kohtz	Craig Kohtz	828
10365	h3athrow	Heath Row	436
11334	bethgo	Beth	2007
10887	alexthegirl	alex beauchamp	2337
5017	joshu	joshua schachter	40886
10051	nelson	Nelson Minar	6182
6722	MetaGrrrl	Dinah Sanders	1617
4711	sippey	Michael Sippey	23236
6856	ML	Morten Lund	29956
586	sacca	Chris Sacca	1573246
5525	mattrubens	Matt Rubens	551
4674	Angelique	Angelique	2334
2493	gleemie	Lilly Irani	1327
3682	shara	Shara	642
236	precipice	Marc Hedlund	46
1688	ifindkarma	Adam Rifkin	268111
987	lorna	lorna	3393
4244	CHW	Charles Warren	568
4488	Borthwick	John Borthwick	33319
4030	monstro	Lane Becker	10580
1075	narendra	Narendra Rocherolle	22653
978	ddukes	derek dukes	3921
2480	mason	bryan mason	6756
2796	kul	Kulveer Taggar	7185
2577	falameufilho	Bernardo Carvalho	1889
2442	chris	Chris	9376
936	karina	Karina Strangio	8312
633	zephoria	danah boyd	108770
2172	LaughingSquid	Laughing Squid	583352
997	tedr	Ted Rheingold	9815
885	Ross	Ross Mayfield	21180
89	al	Allison Williams	14854
150	stevej	Steve Jenson	16297
648	heif	Scott Heiferman	22258
64	livia	Livia	10351
642	phopkins	Pete Hopkins	3972
645	Angus	Angus	984
637	DickHardt	Dick Hardt	5102
456	davegray	Dave Gray	18880
450	LoriLoo	Lori McLeese	2474
448	Maggie	Maggie Mason	26337
422	shellen	Jason Shellen	24018
414	veen	Jeffrey Veen	39009
380	kevin	Kevin S.	73019
295	joshk	Josh Kopelman	89735
292	cw	Chris Wetherell	11391
57	SarahM	Sarah Milstein	18506
24	meredith	meredith	9571
66	dunstan	Dunstan Orchard	8223
53	sara	sara m. williams	91930
52	hook	Hook	4615
17	tonystubblebine	Tony Stubblebine	20504
23	timroberts	Tim Roberts	11005
15	crystal	crystal	41859
