2264167429	ReemaElGendy_	SOU.	94
178791026	MaiiOsama	Naked thoughts.	13289
974252196	occultes_		1041
349367809	ahmadpolski		809
246700818	Kottacius	KoTTa	349
107704850	hani_ezz	Hani Ezz	140588
369188235	Abusdairh	3essam 	716
124605499	ghost1227	Dan Griffiths	569
1874730756	OsaMuhammed	So3ad 	471
450328497	TiaMaher77F	Bohemian.	2546
3139730189	MullerSomaya	Somaya Mller	46
258295591	Nadawassef	Nada Wassef	43615
24137166	mahmoudmetwally	 	1836
253465144	Doaa22Saber	Doaa Saber	13556
493627062	HudaAljundi	Huda Al-Jundi	172
248145367	AmiraMasreya	Amira 	4043
17709178	marwarakha	marwarakha	22320
456980820	Sarcasmian	Haitham Wagih	14614
3371351	PLACEB0	Placebo	784
600064696	handlinghandle	. 	2817
1582341876	pakalupapito	pakalu papito	717674
558838027	MennaTariqq	Menna 	13460
59563991	a7med_abdelbaki	Ahmed Abd ElBaki 	24
174373119	BSAbdelrehim	B.	742
86385190	Tawfiles	Tawfiles	1876
326414283	Dina__M	Dina M. Mostafa	684
233973757	FarahSadek_	Farah Sadek	3400
1094276815	post_status	Post Status	3163
275519371	ragiaaaa	 .  . 	3192
94379247	ayaabdullah	 	111832
1216009297	DoniaHablas	. 	529
294079511	pippinsplugins	Pippinsplugins	11373
1071231	rosso	Sara Rosso	9621
315220726	mostafaalagouz	   	450
2841342520	_homesickness_	Asma.	192
186233543	samallam	Hossam Allam	569
1069064364	AhmedRaafat77	Ahmed Raafat	10354
258095773	kiccasinai	kicca sinai	480
243753008	Sar_Tarek	Sara 	898
288777162	AsalehPress	A.saleh press	543
760196413	hanaa_elsayed	Hanaa Elsayed	265
97181817	TheFarahKarim	Aphrodite.	4457
390949134	WordPressVIP	WordPress.com VIP	5920
261206372	saraGhabour	Sara	1002
180092934	HebaShalaby	Heba Shalaby	1830
53624343	HazemKhaled	Hazem Khaled	3746
166233133	HadeerAlMallah	XO	1602
279718371	Omnia_Masria	Omnia Mahmoud	916
123084763	OmarShoeb		21023
1548128502	Saudade_Mar	Saudade	556
2396677714	22mosalah	Mohamed Salah	500796
264172071	N0HAAAA	Noha Mustafa	403
14282124	collis	Collis	35432
60435696	mohamedismail	Mohamed Ismail Ghaly	2442
2390018289	SamhyMostafa	  - 	9276
380648579	AFP	Agence France-Presse	388539
376116677	IDSC_Egypt	IDSC - Egypt	1354
752673	jeresig	John Resig	191146
246202655	fadyashraf21	Fady Ashraf	1596
2942098415	UchihaShams	Shams L Deen	94
120415302	alaaKamhawi	Alaa Elkamhawi	2188
51096905	AhmedWagih		6663
274540959	KhaledXE	KhaledXE	813
51045295	AmrAladin	 	1407
208546349	Sarhan_	Ahmed Sarhan 	29456
844687123	3ttia_	    	2434
1072915220	KingSalman	  	3052905
2793225172	endless_misery_		288
342744372	ourmadeba	Nourhan 	430
2938673549	DinaAminGad	Dina Amin Gad	127
2162211631	ProjectAra	Project Ara	39285
18978610	sallykohn	Sally Kohn	48216
262856460	rezaaslan	Reza Aslan	128213
300901511	Wa7ed_SaYe3	  	13066
320049639	SamiElOstora	Ahmed Sami	175
37961630	saaiko	mahmoud elsayed	390
213430360	Rania_Ru	Rania 	2426
255635096	_Shorty__	Mariam	4551
205333460	Bassem_Tarek	Bassem Tarek	2095
251701929	ma7moudfelfel	Mahmoud Felfel	56
209811713	TheHackersNews	The Hacker News	205815
59134304	shamstarek	Shams ELdin	859
191499453	Salma6491	 	1387
247614936	Her_Randomness	Lala	22569
436292177	JamesFrancoTV	James Franco	3301816
60642052	VentureBeat	VentureBeat	502495
27814665	GoogleVentures	Google Ventures	405629
167193309	ken_wheeler	Ken Wheeler	1006
74015395	Ma_Hekal	Mahmoud Hekal 	3479
299867868	Rana3emad	  	9151
336721909	Neverrepeated01	Nermeen 3ayad	7216
249182101	MunaElMasriya	   	3707
151715996	AhmedEraqi	Ahmed Eraqi	691
1722307776	JuiceLabsME	JuiceLabs	561
14724363	CodeIgniter	CodeIgniter	17316
132416562	Shalabawi	Shalabawi | 	15803
246359145	mindyzahra	  	1069
301440448	laravelphp	Laravel	36647
245914666	Orjouan	ThirdNile	231
2775525418	NorwayAr	 	15946
155602178	rmss15	Mad Emad	61
101295367	MennaKhalil	 	550
302194096	saharkhamis1	  	6133
23576779	OmarSoudodi	Omar Soudodi	1753
260942063	MahinourBadrawi	#_ Mahino	2828
2721002414	FCOJohnCasson	British Amb in Egypt	22778
744820860	Beezboss	Beezboss	203
250107320	NohaaaNawar	Noha M. Nawar	888
532324830	DarAttanweer	 	3869
124335068	mark_wahlberg	Mark Wahlberg	2484639
133880286	LeoDiCaprio	Leonardo DiCaprio	12904511
339924410	MahaAzim_	 ..	4661
179285543	Nada_Sakr		6602
15919116	automattic	Automattic	17043
256573865	JonahHill	Jonah Hill	4810839
110105110	ihabmosby	Ihab Essam	3114
35761106	w3c	W3C	125416
14895831	html5	html5	95424
15715860	phonegap	PhoneGap	71549
26842343	Modernizr	Modernizr	58501
531428881	brackets	Brackets	27938
161383525	MayAbdelAsim	May Abdel Asim	4900
174189809	Hadeerzz_		13688
148908696	KareemFarid	  	46046
271947854	BikoB	B.	12679
51583876	ElGawadi		17148
275778158	3mo_shehab		19993
263963413	HanzadaFayez	 CheZ ZouZou 	463
273648058	hama_habib	+ve 	5820
793830	chriscoyier	Chris Coyier	134934
204049671	AbsurdChaos	. 	638
97616319	zerox_me	zero	960
242984576	MowSamy	Sam	839
130254038	3nkaboot	3nkaboot	585
263066221	tahrir_sqr	Tahrir	1871
158414467	Hadidy__	  	381
273683914	aboelsho2	Mohamed Shawky	330
218102380	dubizzleEgypt	dubizzle Egypt	21032
28089205	kanaafa	con o'donnell	6266
13334762	github	GitHub	587268
17839398	KenRoth	Kenneth Roth	115362
14538636	jqueryui	jqueryui	32015
14538601	jquery	jQuery	279385
3249	TripleM	Muhammad M. Mansour	13497
2419152120	zellikalex	oud	1993
246247512	NohaSaberAhmed	NOA	196
314615719	DiWassef	Dina Wassef	10238
311103557	Loooooooby	Lubna Maher	1073
66124383	meseali	Ali Mese	53608
552814233	EmanRAhmed	 	1081
225147418	S_Nassar	 	793
257721453	KhaledIMostafa	  	2585
275216908	GoDaddyHelp	GoDaddy Help	7078
243260426	DaliaNewYork	 Om El Banat	6014
342537928	modydezin	Ahmed Abd El Halim 	429
518480682	mandooox	Mohamed Abd Elhalim	524
32848439	RaniaKeiy	Rania	16373
221456533	MTeeAmr	MA	16558
68130656	LINKDSL	linkdsl	80247
119892824	OmnyaMagdy	 	32314
409164982	Hamdaniat	  	61473
2244642001	SayidQotb	 	34336
358053078	Sosetto	S	13821
285019665	Real_CSS_Tricks	CSS-Tricks	200609
275988724	ALatif_	  	5717
180940609	marwa_zidan	Marwa Zidan	982
40621384	SummerNazif	summer.	14248
544045421	25hospital	 	31921
904180357	jozoor	Jozoor	571
18460294	mrxprt	 Yahia Ragae	717
1652541	Reuters	Reuters Top News	7152080
497956456	DurexArabia	Durex Arabia	3343
18376645	sarahalsherif	Sara Alsherif	11938
7857212	zgordon	Zac Gordon	3130
79293791	rihanna	Rihanna	46244871
227693249	MeritAlSayed	Merit Al-Sayed	1417
774528018	asyooty_el	Egypt  	6951
283547098	fara7ology	Farah	15726
130994130	LamisYoussef	Elle	463
67115591	OffTheHookPain	  	25745
144748652	JournalistsLike	StuffJournalistsLike	38146
613723912	TiCairo	Cairo Titanium	184
2357918491	codlyapp	Codly	189
210802515	G_A_B_R	Amira GABR	1123
2264314422	MalbasKhan	 	11815
296228709	Karima_Eldeeb	Karima Eldeeb	3553
251798129	lnegmeldin	.........	3168
482041309	Elshar2wy	  	257
2359926157	CIA	CIA	794807
204832963	TheTweetOfGod	God	1975515
91845987	saveZworld	Noura A. Rahman	370
444732162	EzzatSabryy	Is That Sabry?	5104
326912209	udacity	Udacity	99060
19394188	SenJohnMcCain	John McCain	1961553
236673614	Mondasalem	Monda	1076
299672608	Ternz		19780
503402271	_islamhussein	Islam Hussein	929
248636975	Flat6Labs	Flat6Labs	9203
39134584	MaiMedhat	Mai Medhat	38424
286892557	omniahafez	omniahafez	1602
16533448	waleedrashed	Waleed Rashed 	16875
14435252	oraclesocial	Oracle Social	59980
11805932	NatashaTynes	Natasha Tynes	7871
2419191913	AlsisiOfficial	Abdelfattah Elsisi	348217
1119466496	AhmedElderiny1	 	8949
2174044898	AdobeIndex	Adobe Digital Index	1749
32971931	M_ibr	  	8361
33344290	MhmdAbdelRahman	Mhmd AbdelRahman	22152
1040644212	comiccornerv	COMIC CORNER	9012
93711247	AndroidDev	Android Developers	1516767
357814486	_3omario_	Omar Adel	1164
382267114	Android	Android	7609926
109251092	eshraq	Eshraq	458
46744791	SultanAlQassemi	  	346907
22642788	pewresearch	Pew Research Center	211669
247502474	HalaShuk	Hala Shukrallah	22367
234084004	pepsimasr	Pepsi Masr	114791
5695632	BuzzFeed	BuzzFeed	2271738
610286971	Qaisiat	  	193629
118221824	essamheggy	.  	7073
18213834	LinasLunacy	Lina Ashour	7699
1468298095	thePieRide	PieRide	542
1204463438	SwedeninEgypt	Sweden in Egypt	1494
5637652	codinghorror	Jeff Atwood	167216
20571756	satyanadella	Satya Nadella	435816
130782155	AFPCairo	AFP Cairo Bureau	1943
175508595	ReemKhorshid	Reem Khorshid	2779
161911533	islamgawish	 	58061
228404888	tameemyouness	tameem youness	17491
14321097	AhmedSoliman	Ahmed Soliman	37956
219719193	SymbianSyMoh	Mohamed A. Baset	4766
827326902	Shorouk_Reyada	 	105225
79288918	elkoshary	El Koshary Today	6489
41783379	TheBoominati	Hyt Al-Ma'arri	2495
208484877	arabiaenquirer	Pan-Arabia Enquirer	8671
299752517	S3Geeks	S3Geeks -  	10586
241557923	IreneYanni	Irene Yanni	672
263325974	NoocR	 	13422
129175120	mabdelaziz77	Mohamed Abdelaziz	120
2250529147	AbolholNews	   	443
15302678	mo3aser	Fouad Badawy 	3587
122027238	AhmedllSaad	Ahmed Saad	153108
14353905	seobook	SEO Book	133450
572225652	SciencePorn	SciencePorn 	1581988
244898823	mqazzaz	Mona AlQazzaz	3812
248423584	FaridaEzzat	  	421
322480592	Sweden_AR	 	169846
2204284437	_Theay7aga_	.	150
47763245	HendSabry	Hend Sabry	1498861
268617729	shawkyelgenawy	mostafa shawky	13868
230287527	evanspiegel	Evan Spiegel	33102
1721495558	CareerAdvancer1	Career Advancers	551
62571207	KhalidMans	Khalid Mansour	90600
378881545	Zigoo0	Ebrahim Hegazy	1802
1972530380	AbajoraOfficial	Abajora Films	110
151949359	MayadaaMostafa	Mayada Mostafa 	8870
44335525	HHShkMohd	HH Sheikh Mohammed	4105888
1244834568	DinaAOrfy1		1616
159793391	Suheila_black	 	4344
310166756	shoroukhashem	Shorouk Hashem	19074
489296156	manticorion	   	6457
130072939	masreyab	AmalBakry#free_Sanaa	4203
1120810890	Badgalwiwi		9728
130424978	girifna	Girifna Media	18158
396206703	norhanBakr	 	5205
8620662	cakephp	CakePHP	13615
730684350	CCordahi	CCordahi	407
126891377	BCEgypt	Bright Creations	699
551869876	Ahmed_M6ar	  	301977
44653766	SaraGhazi	Sara Ghazi	176
369933139	Noha_Ahmed92	N.	2059
269598373	michaelegyptian	 	11982
384507734	DrScienceCat	Science Cat	371316
238612197	Alaaelsheikh	  	115101
236565225	HadeerMaged	Dee 	1146
1575875455	UnsolvabIe	Unsolved Mysteries	35172
1556340553	AhmedAbudraa	  	2875
283762804	ShazaZaher		211
56652308	HeshamHatem	Hesham Hatem	4686
14731569	youfi	youfi	609
35700851	WhoeverIMightBe	Ach!	85
589491734	mu_ss55	   	4591
17018130	Seldemerdash	Sara Eldemerdash	10605
262753129	nadawahba	Nada Rafik	488
256249410	Mirna_elhelbawi	Mirna El Helbawi	58416
261843920	MoudBarthez	Moud Barthez	20975
219827776	iaskmaie	maie	6353
418079540	Hend_ElGhazaly	 	938
219103141	MaiMostafa__	M.	4398
49062122	abkamal	  	83403
140181006	venus_elrayes	Vee we bas	2568
167747591	Hunzy_		312
474235548	ahmedSallam777	ahmed Sallam	364
40336052	A_ElghouL	Ahmed ElghouL	13994
799869116	YasserAli5867	.  	350334
313823969	TheJu81	   	9620
1570909214	MohammedMAHSOOB	 	332122
168093878	MawlanaAlRazi		3511
394050859	DooSquare	Dina Adel	21079
66591836	cnnarabic	CNN 	3529772
274209008	Yasmina_adly	Yasminoulla	2336
261228615	Haithamtabei	HaithamTabei 	22501
341949552	Dhahi_Khalfan	  	973797
246335879	amroabdelhamid	 	56117
191604845	KuwaitiSecular	 	7949
248618707	Nehal_ElSukkary	Nono	714
139250373	likejelly	Like Jelly  	5407
867801283	Shawkiat	  	228620
35360361	MissSecular	  Reema	19107
105915404	MahirZeynalov	Mahir Zeynalov	101127
77102162	LiKabary	 	2815
542359480	womenrightss	  	9009
440513977	salmaelsawy1	salma elsawy	610
632304281	amr_darrag	Amr Darrag	84886
266638901	ma7mod_badr	  	200032
104279473	SalmaDahab	S	1469
425898540	HassanEzzeldin	H.Malek |  	23628
418731150	SawsanBashier	Sawsan Bashier  	2836
190672332	mlnahas	#Free_Egypt 	10138
250721754	abjadhwz		1053
427814636	EgyStats	 	18249
250725680	darwish_twit	Dr. Ahmed M. Darwish	3764
79725786	JessAladdin	Twittr_DJ	7262
163144853	SaraLabib	Sara bib	7105
906734305	ahmedal68256244	AhmedAli	13
1177185770	HaninMajadli	Hanin Majadli	239
282657542	MariamAbdlGaber	  	22240
18601609	hebamorayef	Heba Morayef	53278
51536547	mzeld	Mae	33119
40561655	ahmadragheb	ahmed ragheb	45124
47086059	_Dalissima_	Dalissima	7067
420285181	ThameenaHusary	 	31157
328903649	Novytique	Novy	16044
46179391	NadaPrudence	 	1955
345432258	aalsa3idy	Al Saidy	2643
685513	WordPress	WordPress 	466965
421722881	YasserMehrez	Yasser Mehrez	12110
45709648	nayelshafei	Nayel Shafei	13924
426731620	nickdaloisio	Nick D'Aloisio	18180
63526565	SalmaShalaby	Salma Shalaby	812
287158330	sumerabdelnaser	Sumer Abd Elnasser	300
71383364	Nermbed	Nermeen	53026
108318525	amassouda	Amani Massoud	2147
8224252	NirvanaSaid	Nirvana 	4041
259828659	n_ternawly	Nevine	673
43484142	mental_diet	B	2934
16684086	we2am	Weaam Mokhtar	6402
255758200	MostafaIbrahim_		43612
69143635	mahmoudelhetta	mahmoud elhetta 	1542
1093428331	zyadel3laimy	zyad elelaimy	35343
524451677	HusamAbu	  	138716
1033926565	HarmfulIslam		1290
138168663	fatabwahab	fathy abdel wahab	225201
964372218	abdoshref	 	586
50850204	_Andeel_	:'-(	9350
281054331	mohasanad	Mohamed Sanad	2337
355085619	Shimaa_Yousry	Shimaa Yousry	3479
247781156	MookaElshamy	 ! 	1194
573022158	EgyptianPolice0	 	243123
1032965160	samehsamir898	  	2040
255412540	RahmaMM	 	339
269412345	Ali_Nasrat	Ali Khaled	80
67746750	nellyali	Nelly Ali	24141
85436197	JuliaGillard	Julia Gillard	613113
19337242	Samerbag	  	7836
219594539	HosamYahiaAJ	Hosam yahia	10925
232550448	motazattalla	Motaz Attalla	2680
1040286912	Dr_Mona_Mina	Mona Moen Mina	27275
52800906	monznomad	Monica Hanna	49044
337230683	DrAliGomaa	..  	587538
263475932	asoueif	Ahdaf Soueif	34129
293646278	KSallam	Kareem Sallam	1889
52705362	Dinabdelrahman	Dina A.Rahman	424991
289104857	Ahmad_Elhady	Ahmad Tawfek	553
237875684	Lobna_Hassan	Lobna Hassan	8717
105395016	3am_Mina	   	16061
234405932	jrMalek	Junior Malek	30705
249721816	tinamasr		6200
201315230	MennaK3y		11208
110482498	Hisham___	Etsh 	12042
60032756	Mtolba	Mohammed Tolba	27940
441391252	EL3WARY	MOHAMMED TALAAT	431
373925433	kingmotta	   	3655
161912892	AAbdoallah	 	13234
322012029	Abeer_elAssal	'	463
256125636	hassan_elshater	Hassan k. El-Shater	18644
927421452	PopeTawadros	Pope Tawadros II	120226
20120818	alhabibali	 	1930546
37412575	TheSecular	Secular	7417
139670833	ABakly	Amr Bakly  	6719
168507758	Karim__Omar	Karim Omar	1169
637388866	AlDostourP	 	251340
301926553	smqlad	 	9915
347565200	SamarAlGamal	Samar Al Gamal	18204
181746127	iTahrir		558
31083521	mazag	Mohamed Sultan	3084
277428875	wassim19701970	wassim kamal	86
228668519	alykhafagy	 	26890
254724548	Dodzym	Dina Magdi	701
321354818	AvichayAdraee	 	113639
65780303	ahmedeid_eg	ahmed eid	7079
257190136	WalaaGh	Walaa Al Ghussein	15912
261636064	khaledalsawy	Khaled Elsawy	1015587
258476846	ReemBahnassy	Reem Bahnassy	486
265963399	EShourbagy	Eman ElShourbagy	588
18020419	IJNetArabic	IJNet Arabic	4729
283386225	ofirgendelman	Ofir Gendelman	29592
49809877	Nada_Altuwaijri	 	14046
265923186	YasmineZohdi	 	6500
886724197	EgyArmySpox	Egy.Army.Spox	413460
735248876	Mauve_Ghost	Happy Creature 	1446
195144888	RamyAbbady	-	670
389415625	PPEgypt	Positive Parenting	1193
154292401	Andalusi_	Andalusi  	2334
52112333	nadeengamil	Nadeen Gamil	1269
332509594	noha_omar8	Noha Omar	526
100400922	shaher_ayad	Shaher ayad	3021
131405219	abanoubemad	 	3592
804805146	yosrihamad	  	6055
14398263	chadwarren	Chad Warren	1098
291672715	magedwahab	Maged Abdel Wahab	2544
126970084	HatemSaeed	Hatem Saeed	200
21091934	mohie84	Mostafa Mohie	8415
121693194	afteegypt	   	20879
823276502	IkhwanOfficial	 	43237
76945884	USEmbassyCairo	US Embassy Cairo	87124
8016242	ziadaly	ziadaly	71916
796838880	Sabry_Nakhnokh	   	7578
113474316	DaliaEzzat_	Dalia Ezzat	51358
97033227	gelhaddad	Gehad El-Haddad	70623
50627981	WaleedAbulkhair	  	80285
15143478	RichardDawkins	Richard Dawkins	1182190
570996245	IsraeliAffairs	 	231935
701134686	DigibuzzME	Digibuzz	1326
33162177	tamerwageeh	Tamer Wageeh	8357
6999982	ZacMoffatt	Zac Moffatt	14283
258307818	amremoussa	Amre Moussa	1340107
317685162	igeorgeus	George Ishak	15239
184895946	DigRepublic	Digital Republic	1084
288833179	MohAboelgheit	mohamed abo-elgheit	6804
134073667	ellozy	Ahmed El Lozy	12518
269787777	ReemMehanna	Reem Mehanna	26426
225488289	SFadell	Sarah Fadell	8792
333385355	FJparty	  	716053
303209611	Wattar__	Wattar	51114
224522382	7AZ1M	 	17842
382620365	Nature_Egypt	NCE  	4981
37282121	AhmedZaky	Zakovich | 	67297
40838461	PerihanA	Perihan AbouZeid	16915
49749690	JoeyRation	Joseph	12239
431930266	HamdyKandil	Hamdy Kandil	1467623
1183721	gharbeia	Amr Gharbeia	77121
159438963	radwa46	radwa ashour	10448
247436215	Mohamad_Hosam	Mohamad Hosam	399
35993261	EIPR	EIPR	27790
53234581	DinaFerg	Dina F. 	5987
340877984	JaberAl3atharat	  	7426
360531105	haitham_m7mdain	  	19557
532477616	almotanbby	  	291831
417089310	Essam_Elerian	 	673989
252154285	Ismail_Abouzid	Ismail Abouzid 	1218
324324094	S_Elwardany	Salma Elwardany	80482
12	jack	Jack	2994115
66085544	3ozaz	Azaz Shami	10262
248614638	Baho_egypt	Baho Bakhsh	27580
128514379	AliElBaradei	Ali ElBaradei	12350
265416359	AblaFahita	 	343826
167352466	sondosshabayek	sondos shabayek	34073
213679775	Haifa_Alzahrani	 	20573
51686076	gehan_shaaban	Gehan Shaaban	35098
250791294	NevineMossaad	Nevine Mossaad	6949
108805552	MOHSENse	Mohamed Mohsen	350050
419317113	SamehTweet	Dr. Sameh	537
279955952	AminFHaddad	 	83927
417068854	MuhammadMorsi	. 	2156975
592966202	Yasminekhouzam	 	6786
138618589	Amr_Tikha	Amr Mohamed Ghowiba	135
142827393	HamdeenSabahy	 	2709138
242917559	heba_yo	Heba Youssef	999
92656265	SMsry	......o.....	15887
20015215	bassemzakaria	  	4329
236952360	aboosala7	Aboosala7	563
139087462	Mohameddiab678	Mohamed Diab 	292320
261232011	taqadum	Taqadum Al-khatib	55370
104557267	GameelaIsmail	Gameela Ismail	1500746
149884648	ahmedadelnour	Ahmed Adel  	5594
413429444	Nesma204	Nesma Ismail	981
303749095	Bassel_adel	 	139045
70047844	elshamyme	Mohammed Elshamy	3625
74232288	minafayek	Mina Fayek	6961
168060002	naderbakkar	 	958101
3416591	NoraYounis	Nora Younis	94889
254456208	nerminbedeir	Nermin Bedeir	5248
449870019	Temo_Maverick14	    TEMO	13994
14315883	nevin_A	nevin	11842
421896583	MohmedAlbeltagy	Mohamed Albeltagy	148217
51755742	kalqazzaz	Khaled Al-Qazzaz	1198
86118838	Qoutb	Qoutb	6436
269505776	raniabed	Rania	10580
262125327	Moncef_Marzouki	  	345241
380868211	DalalElSayed	Dalal ElSayed	2893
45362075	3effat	Mohamed Effat	51302
8317952	ganobi	Amr Magdi	7602
14871153	ahmadfahmy	Maverick 	11090
79047782	Baraa_Ashraf	Baraa Ashraf	58244
15841758	maxstrasser	Max Strasser	5596
543854828	GamalHimdan	 	12786
410997210	SMChimps	Social Media Chimps	15140
500369696	EgyCapitalism	  	25976
184797101	Un_Ahmed	Ahmed Hussein	59
307506940	SalafyoCosta	SalafyoCosta	169337
163031229	HindElhinnawy	Hind Elhinnawy	12145
30330324	justicentric	justice-centric	16752
8220122	3yyash	Abdelrahman Ayyash	13606
156471929	YaraaEmam	  	4029
8821522	samehelbarqy	Sameh Albarqy	2341
70915536	Budzaya	Yusra  Badr	5427
191812421	abu_fajr	Massaad abufajr 	26348
204034227	SherifNagib	Sherif Nagib	36962
353720732	EventtusTweets	Eventtus	5302
157749555	alyaagaber	alyaa gaber mohamed	1601
89927527	Harbia	Ahmed Harbia	18410
6479252	TAFATEFO	Mustafa Ahmed	46059
504709290	EgyMarx	Karl Marx  	4291
108944698	sawyelsawy	Ahmad Al-Sawy	8118
260901065	reham_mohss		8877
226891483	Nadesque	The Ess	3452
280615076	egwomenunion	 	8595
230548844	i3atef		69637
498114218	El_sandara		1277
506715912	ShitEgyptianSay	Shit Egyptians Say	30712
164196433	Truthcaller	 	153785
130649891	twittermedia	Twitter Media	6221020
271295831	Yasmine_Jercy	 	2410
289927531	med_ashry	  	116
271364487	Dina_Mohammad	Dina Mohammad	1673
153052247	MWahab_	Mohamed Abdelwahab	912
40099065	TheSherio	Sherief Ahmed Hassan	13825
60961416	emmkaff	Emm Kay	4163
231722771	randamali	Randa Ali	2922
281474638	ZiadAlRahbani	Ziad Al Rahbani	488805
240745193	sallyzohney	Sally  	14375
329800015	Khaledali251	Khaled Ali	744902
1170101	wael	 Wael Khalil	311113
318723419	ahmedkhairy5	ahmed khairy	53593
95023423	UberFacts	UberFacts	10922433
19204281	BBCCollege	BBC Journalism	39024
9930302	om_elhol	  	35616
41795342	Ikhwanweb	Ikhwanweb	140553
20551303	SirKenRobinson	Sir Ken Robinson	302670
450916663	Soloisey	Mostafa Saman	1496
475198223	_Masrena_	Masrena	22202
439878961	Mohamed_Habib_T	Dr_Mohamed_Habib	256361
347390380	Essam_Sultan	Essam Sultan	788361
243412621	MAFouad	Mohamed A. Fouad	6822
46144269	Ateyya	Ahmed Ateyya 	19647
359361973	Saad_Elkatatny	  	629792
49251491	Assaadtaha	Assaad Taha  	142747
335113064	Sherif969	Sherif	491
468183947	Ma7liat		31021
181664259	7ely	Mostafa Helmy	67717
8752562	sana2	Sanaa	84393
330983732	MolyAly	Amal Ali	2020
17201382	Libraliyya	Libraliyya 	6511
12490562	BarackObama_Ar	  	308439
205887871	RawyaRageh	Rawya Rageh	79831
109842437	aktowfik	AKTowfik Blog	12529
156607069	marsafawy	mostafa elmarsafawy	21043
260655847	HindAleryani	    Hind	56576
18864435	MaieZeiny	 	15605
158067539	Elshaheeed	  	424699
257087137	nohabadr1985	noha badr	1255
66652679	emadeffat	emad effat	1401
8098562	AhmedFatah	Ahmed Abd El-Fatah	65395
131900327	elbaroudi	Ashraf El-Baroudi	32063
118111028	MariamKirollos	MK 	23497
221839630	SamSultan	Hossam Sultan	428
230908209	Rawai3Alshe3r	  	66610
279438019	DrAbolfotoh	  	2038418
48720006	hossambahgat	hossam bahgat	156067
237477533	ReemSaad10	Reem Saad	17329
85018579	TheMiinz	Menna  	74592
211932358	UNICEFinArabic	   	165955
210829635	stevenacook	Steven A. Cook	25810
50461242	basemfathy	Basem Fathy	37015
141641586	seifhamad	ahmed seif hamad	76143
416210271	almorshid	 	381989
14496918	jonjensenCNN	Jon Jensen	16182
37267983	seldeeb	Sarah El Deeb	49818
355463803	Shamuzy	Mostafa ElShamy	671
77745816	AzmiBishara	 	634149
16548023	9GAG	9GAG	4637609
95519487	TheonlyMica	Mica _ 	19286
16136528	AAAbdelhamid	Amira Abdelhamid	7531
205315932	hrw_ar	  	53978
9739482	Advox	Advox	7376
809760	badbanana	Tim Siedell	732296
130549988	hafezabuseada	hafez abuseada	176753
195263187	iMozdava	    :	12743
373289126	Dr_Heba_Raouf	Dr.Heba Raouf Ezzat	742940
327600044	Elmoshir	Mohamed Elmoshir	39546
14924738	Mohamdaziz	Mohamed Abdelaziz	56714
12745892	ahmada2	Ahmad Abdalla	130567
162500710	simonjhanna	Simon Hanna	7477
14321397	jmayton	Joseph Mayton	3979
18472983	hishamkassem	Hisham Kassem	52010
17018343	nasry	Nasry Esmat	21001
972651	mashable	Mashable	5340060
303482887	ArabicLetters	 	28528
163568261	EgySocialMed	EgySocialMed	495
251009806	cairowire	 	39008
130158114	Fo2ElSoto7	Ibrahim Gamal Eldin	7103
55312035	Bassem_Sabry	Bassem Sabry 	114557
47634588	amirahoweidy	Amira Howeidy	51288
80274550	msheshtawy	Mostafa Sheshtawy	34032
33475795	yaseralzayat	yaser alzayat	137406
130130814	AD_Shosha	Ahmed atia aboshosha	29735
265259116	adab		964861
257278894	MaysAlsuwaidan	 	180588
130273505	FarahSaafan	Farah Saafan	87436
261361326	hemoalimizo1259	  	6049
265589000	Hishamgamall	Hisham	3234
10215102	elnadeem	 	146823
608583	Zeinobia	Zeinobia	194293
264162864	Massouny	 	27637
246540531	rago_legal	Ragia Omran	100202
269225854	AlaaAswany	  	1783139
14642277	GhostyMaher	Ahmed Maher	206585
51061750	tarekshalaby	Tarek Shalaby	65972
187876729	ihoudaiby	 	147241
269769697	noodlezzzzz	Nada El Gammal	5126
327411225	AnasNagati	 	671
259270730	nazlyhussein	 	34616
88220075	EsraaFehead	 	21699
55896553	mosaaberizing	Mosa'ab Elshamy	44835
73403867	HebaWadie	Heba Wadie	3394
335222177	toutaadam	Gehane Adam	445
751743	MaLek	MaLek	154971
195516356	ImanBadawi	Iman Badawi	10052
211459284	Heshoz	Hesham Mansour	110616
40166394	UnknownPhilosop	Unknown Philosopher	10301
16180909	designeek	Mohamed Azazy	4137
240151651	Emy_AL_	 	3189
47326500	TheBigPharaoh	The Big Pharaoh	67453
61479700	omertaher	 	990058
131840144	hartalation	Marwa Yahya	15831
7527852	lobna	Lobna Darwish	65364
30621862	shadysamir	Shady Samir	20490
137270270	EtisalatMisr	Etisalat Misr	630886
8135452	ARahman_Mansour	Abdelrahman Mansour	73250
242663500	WagdyMez	  	6476
139050027	TaherNagaty	 	30884
258009215	DrHigazy	El Mostafa Higazy	169591
12599812	AmrEzzat	Amr Ezzat   	192071
33485597	Ssirgany	Sarah El Sirgany	85121
23079148	RamyRaoof	Ramy Raoof	111223
3419141	Sandmonkey	 	158729
14332713	Ahmed_Ragab	Ahmed Ragab	163606
133266187	negadelborai	Negad El Borai	138990
1924421	manal	#FreeAlaa	107000
277981191	islamistswatch	Islamists Watch	13580
109217863	mohap_20	mohab negm	10088
21589783	norashalaby	Nora Shalaby . 	81310
157792692	AidaElkashef	Aida Elkashef	61853
228046126	Radwan_Adam	 	11804
14368483	sherif_azer	  	29640
48104391	mohamedwaked	Mohamed Waked	26026
17017496	MAswad	maha	19147
256146405	amragamawi	Amr Agamawi	13845
211789036	sama_singer	 	32544
99602319	ahmedsamir1981	 	75890
796074	moftasa	Mostafa Hussein Omar	51538
18286001	AsmaaMahfouz	AsmaaMahfouz	417085
266093898	HamzawyAmr	Amr Hamzawy	2614350
2204711	BooDy	Abdelrahman Ghareeb	23102
8886412	Asadx	Omar Elhady	147976
140053842	NoorNoor1	Noor 	126386
265051300	Adhamalsafti	adham alsafti	1976
62481902	sarrahsworld		83501
165901642	GalalAmer	 	1553463
34430135	bothainakamel1	 	609471
61264994	waelgamal	Wael Gamal  	163053
15635108	torkyat	sayed torky	19560
94638396	aGharbeia	Ahmad Gharbeia	41732
8991212	CVirus	CVirus	10872
125700614	MouridBarghouti	 	348314
14159550	alnagar80	Mostafa Alnagar	809139
269578684	AmiraGhonim	 	613
9201822	Raafatology	 	48179
10870872	WaelNawara	Wael Nawara	73186
70864315	Sabrology	 Ahmed Sabry 	35376
7489012	Monasosh	Mona Seif	238793
21675256	evanchill	Evan Hill	46135
3416681	salmasaid	salma said	138322
1921671	alaa	Alaa Abd El Fattah	697446
262299947	DrBassemYoussef	Dr Bassem Youssef	4585342
269820330	ITWorxJobs	ITWorx Jobs	1260
24725418	oceandream2000	Eman El Gamal	2286
42205837	zelaky	 	69517
241543509	RashaPress	 	251240
268539030	IsraaElsakka	 Israa	17249
77302442	Mohanad_Mohamad	mohanad mohamad	513
169274239	NaguibSawiris	Naguib Sawiris	2011996
302683	Lastoadri	Eman 	71020
176797045	Egyptocracy	Egyptocracy	26791
102760961	ahmad_khalil	Ahmad	77466
259822238	Cabinet_eg	Egyptian Cabinet	170744
162248086	belalfadl	Belal Fadl	2161976
14368769	emanabdelmonem	  	19348
220145170	CompSciFact	Computer Science 	123950
242987073	TamimBarghouti	Tamim Al-Barghouti	467807
242540930	Alshaheeed	Alshaheed	10771
241707375	BikyaBookCafe	Bikya 	13297
237256137	tounsiahourra	tounsiahourra	104967
64688042	mand0z	Mohannad	27939
189591533	YosriFouda	Yosri Fouda	2259012
54346778	Esraa2008	   .	476801
37646474	khaledbghorab	Khaled Ghorab	1379
18729130	Dina_Hussein	Dina Hussein	6891
18621929	dinasaid	Dina Said	1053
15859268	zen_habits	Leo Babauta	169491
31292265	mathematicsprof	math prof	34803
89663070	Salmats2al	Salma Hegab	31531
129224693	ahdayem	Dayem 	8640
139770999	El_GindY	GindY	8854
37683819	NourhanElsayed	Nourhan Elsayed	1236
6075292	2insana		24340
121073098	TEDxNile	TEDxNile	202
112449795	_MohamadSafwat	Mohamad Safwat	782
37060788	lifeatgoogle	Life at Google	452529
49300565	amrmsalama	Amr Salama	947976
78626346	GoogleArabia	GoogleArabia	733572
43937371	BermoVet	Ahmed Bermawy	19467
153561041	iOrto	M	9939
40517345	MennaGamal	Menna G.	8144
62517238	mostafasiraj	Mostafa Siraj	1238
14634280	MSamy	Mohamed Samy	1250
47930889	mgafar	Mohamed Gaafar	2196
28784606	AlyaaGad	Lady AGad  	136283
14306042	Geeee	Geeee	2081
28352155	SarahMostafa	 	2289
94212649	NourAlhalabi	 	11607
106300511	Bahy_Aboelezz	Bahy Aboelezz	1277
118681509	NihalFares	Nihal Fares	133891
132518700	NahlaMohamed	Nahla Mohamed	1383
44456479	DrHatem	H.	641
101704542	Maboulazm	Mohamed Aboul-Azm	14120
114929719	SherifSharkawy	Sherif Sharkawy	396
33516401	yousrmostafa	 yousr	1222
2326671	melmorsy	Mohammed ElMorsy	1055
22498966	ahmadajmi	 	1054
25587910	NohaAtef	Noha Atef	97839
69321727	RadwaShalaby	Radwa Shalaby 	2096
119177712	Reem_Ahmed	Reem Ahmed Shalaby 	4026
18998314	AimanTarek	Aiman Tarek	1023
61146493	amira_salah	Amira Salah	59644
23049662	mowael	Wael Fakharany 	17837
57921761	NohaMahmoud	Noha Mahmoud	4950
30315557	googlestudents	Google Students	422657
28875929	aelsadek	Sadek	2415
39597201	hmeguid	Hanan Abdel Meguid	41635
43710596	wa7di	 	32772
58091515	kalnaga	Khaled Abol Naga	1230889
23188724	Ghonim	Wael Ghonim	1514392
119360445	ElBaradei	Mohamed ElBaradei	3366830
29829339	amrsalama	 -  	42617
16343883	simsimt	Usamah Mohamed 	9484
15788374	SeifSallam	Seif Sallam	809
39311918	AhmedHamouda	Hamo	979
21514498	alhussainym	Hussainy.	3321
101677248	mfatta7	Mohamed Abdelfattah	55181
60919433	lizardbill	Bill the Lizard	3967
52449753	AdelElgamal	  	3219
13547972	Bashmohandes	Mohamed Elsherif	825
8946142	Shabayek	Raouf Shabayek	9651
14252943	MehrdadA	Mehrdad Afshari	448
9469312	basus	Shrutarshi Basu	474
