17128905	sebastianstadil	Sebastian Stadil	1113
14079705	littleidea	Andrew Clay Shafer	6771
73774650	davidcrawshaw	David Crawshaw	600
27405573	radkat	Kate	181
225640047	itsAlanChan	Alan Chan	1374
26775859	IntelITCenter	Intel IT Center	164622
126652067	jophde	Josh Deffibaugh	341
3188061134	usejargon	Jargon	23
167234557	OpenStack	OpenStack	89471
255784266	geekwire	GeekWire	34708
3108426954	kubeweekly	KubeWeekly	181
3224564395	LovenYulia	 	7
107586555	eric_brewer	Cloud Native	5579
3091815107	irinka_karimova	irinka	5676
14977851	profjsb	Joshua Bloom	1441
12599552	dvellante	Dave Vellante	7013
19192943	SiliconANGLE	SiliconANGLE	8743
15058596	theCUBE	theCUBE	2193
28629996	BertLatamore	Bert Latamore	441
833071	furrier	John Furrier	18679
169666822	alexmbe	Alex Bello	101
16267459	LithiumTech	Lithium Technologies	11032
2398580725	SFCloudOps	SF CloudOps Meetup	34
2255482682	vkuusk	Vlad Kuusk	7
14075246	sallamar	Subbu Allamaraju	1527
14336623	mimizone	Jrmy Huylebroeck	114
981273865	coin	Coin	33442
16227829	lamw	William Lam	10425
361296282	begriffs	Joe Nelson	668
63527490	rackninja	Ryan Richard	341
649523	joonas	Joonas Bergius	463
20067229	TechAllyson	Allyson Klein	2193
34488596	michellenoorali	Michelle Noorali	418
8660312	jtroyer	John Mark Troyer	13376
14291011	andrew_randall	Andrew Randall	219
2350282536	WGF_Store	Wild Gazelle Fashion	451
14813827	stu	Stuart Miniman	9544
47314880	Kennjason	Jason Kennedy	820
1106801	mmakunas	Michael  Makunas	421
15488482	TechJournalist	Sean Kerner	9042
14639127	dberkholz	Donnie Berkholz	5297
456401484	erikmyerscomedy	Erik Myers	17141
17316684	barbaragrimes	Barbara Roos	554
25541932	justin_fenton	Justin Fenton	38421
29417304	deray	deray mckesson	133877
2916637432	lives4humanity	Edgar Brown	250
67625066	Flexxing_Hardxx	Nick Jones	4038
2416199407	shakamunyi	Alex Barreto	573
3072086167	coreosfest	CoreOSfest	108
290900886	hashicorp	HashiCorp	6430
2359947662	DockerCon	DockerCon	3313
995848285	nginx	NGINX, Inc.	10428
404137465	VeepHBO	Veep	55748
15196120	tekgrrl	Mandy Waite	1250
11807782	Kip_Hart	Kipp Hart	722
19260016	ImprovComedyLA	Hollywood Improv	27768
29838500	thelaughfactory	Laugh Factory	42613
18216186	kirkfox	Kirk Fox	33446
103158555	thatRamosgirl	Vanessa Ramos	26784
22517388	TheComedyStore	The Comedy Store	50946
178072150	TonyHinchcliffe	Tony Hinchcliffe	28304
72064503	livcannizz	oliviacannizzo	411
3059447183	Llauren323Smith	Lauren Smith	1426
2828286379	SMC_on_IoT	Sarah Cooper	377
1451520116	byHISgrace920	Michael Landstrom	1204
124866730	JonHall_	Jon Hall	626
137788577	Lemonjet	Alena Prokharchyk	261
795649	rsarver	Ryan Sarver	284981
173630577	bcantrill	Bryan Cantrill	5948
199148889	iteration1	Karthik Gaekwad	734
36354891	bboreham	Bryan Boreham	69
38717115	mattbates25	Matthew Bates	605
69304620	wikistrategies	Pete Forsyth	268
15498995	jnagal	Rohit Jnagal	208
37418699	danielbryantuk	Daniel Bryant	834
14459351	jstrachan	James Strachan	4863
120618378	milosgajdos	Milos Gajdos	514
2436138800	Taunya_Reilly	Taunya Reilly	272
215936693	OpenCredo	OpenCredo	362
233562845	techiewatt	Nicki Watt	103
14626185	chris_marino	Chris Marino	713
2687961841	brndnmtthws	Brenden Matthews	75
2589521504	grizzbaier	Jonathan Baier	29
20397695	stevie_chambers	Steve Chambers	6155
19138241	anshupande	Anshu Pande	396
1236101	BenedictEvans	Benedict Evans	75084
49436500	Rimusz	Rimas Mocevicius	32
3053062917	mchamberlain99	Mark Chamberlain	139
71029676	Mish_Lynn	Michelle Lynn	29255
14458258	Jesse_White	Jesse White	785
16063143	aarondelp	Aaron Delp	5296
2499424819	CloudBeers	#CloudBeers	52
369817064	sebgoa	Sebastien Goasguen	964
13648972	hysteresis	Dragos Manolescu	189
2573584254	signalfx	SignalFx	583
23006156	jdsboston	Josh Sanderson	1661
14614130	jodim	jodi mardesich smith	2487
86938585	paulbiggar	Paul Biggar	1246
2421423498	snapharmony	Snap Harmony	4782
14784892	RobKowalski	robkowalski	380
109224937	Unilever	Unilever News	89764
237434541	tjmcs1	Tom McSweeney	152
14277281	lynxbat	Nicholas Weaver	6317
2306990562	AWSSummits	AWS Summits	3175
168775611	BatteryVentures	Battery Ventures	22318
386170457	NetflixOSS	NetflixOSS	9446
13895242	adrianco	adrian cockcroft	17969
3121379060	TectonicStack	Tectonic	831
222553194	thecloudcastnet	The Cloudcast	1729
312897818	jayunit100	Jay Vyas	268
28112058	Avis	Avis Car Rental	17306
3074623656	KaelobR	Chillin	80
14055566	bgracely	Brian Gracely	6670
17738785	dubois	Lou	7007
82494739	ping_accel	ping li	4528
130327554	techmilind	Milind Bhandarkar	1735
14351575	dribbble	Dribbble	127523
334520055	mgboydcom	Mark Boyd	1113
2327560616	thenewstack	the new stack	2967
10907062	kylemathews	Kyle Mathews	1774
12708782	UberGeekGirl	Jessica DeVita	4512
282280747	gatesed	Gates Education	100436
215395941	el_ppires	Paulo Pires	301
1165716595	attilczuk	Justyna Ilczuk	218
88927746	samwe11er	Sam Weller	1302
2507436540	root_fs	Huamin Chen	19
33801277	zoeschlanger	Zo Schlanger	3125
2964803417	latticecf	Lattice	663
457033547	digitalocean	DigitalOcean	92640
263792919	cloud_opinion	..	4901
618480916	Instacart	Instacart	10808
31366824	kacieleaf	Catherine Kong	87
7390862	daisy	daisy barringer	7389
558109036	george_ezra	George E Z R A	342410
250831586	TheRock	Dwayne Johnson	8732311
28221296	nbcsnl	Saturday Night Live	1289065
2332631778	LastManFOX	Last Man On Earth	20751
839931	ddollar	David Dollar	1365
225509260	behemphi	Boyd E Hemphill	316
37387336	OrvilleIV	Will Forte	107316
3014883399	container_days	Container Days	59
16385118	duncanjw	Duncan Johnston-Watt	1446
100999829	vaibhavkhl	Vaibhav Kohli	43
14375325	rayray2030	Ray Rodriguez	173
3021777360	ApacheMyriad	 Apache Myriad	244
25858695	armon	Armon Dadgar	2395
12819682	mitchellh	Mitchell Hashimoto	17214
83896937	andrerom	Andr mcke	509
264392423	mattsavageland	Matt Savage	90
292618153	ifwe	if(we)	6186
46691793	ScarlettSieber	Scarlett Sieber	13228
48184627	rettori	Digenes G. Rettori	370
2557723309	smothiki	Sivaram	24
13334762	github	GitHub	586280
801402	bmadigan	Brad Madigan	368
3475	davemorin	Dave Morin	453830
1583331	evanm	Evan Meagher	2169
159203775	DEMO	DEMO	35043
908789372	bcwaldon	Brian Waldon	55
16580639	stevenmih	Steven Mih	136
1605	sama	Sam Altman	81542
10403812	wfarr	Will Farrington	1594
6035252	rhoml	Mr. Kel Varnsen	1089
52247685	kylebrussell	Kyle Russell	7052
3799821	sohear	Steve O'Hear	11306
2132641	fredericl	Frederic Lardinois	15913
37981571	BenGoldhaber	Ben Goldhaber	207
403086984	ArcherFX	Archer	111209
19140641	Adamalthus	Jonathan Murray	2452
133324057	_dancannon	Daniel Cannon	100
9549942	nichcarlson	Nicholas Carlson	22690
5699	stewart	Stewart Butterfield	24728
113130846	ycombinator	Y Combinator	272539
119983308	Noah_L	Noah Lichtenstein	2164
2832071580	MS_Ignite	Microsoft Ignite	49093
743585142	LeanInOrg	Lean In	114760
282789898	girlsHBO	Girls	361159
19506790	sherylsandberg	Sheryl Sandberg	169027
44388921	virtualizedgeek	Keith Townsend	1557
267692706	ric03uec	Devashish	134
274673392	Chase	Chase	302508
562198681	sobfoo	sobchak	44
348602269	alexsotob	Alex Soto	609
17346287	VeteransHealth	Veterans Health	61455
83922884	VAVetBenefits	Veterans Benefits	54753
242822343	SL_Schaeffer	Sabrina Schaeffer	85091
600386174	JerryCuomo	Jerry Cuomo	1672
227423290	simonlporter	SimonPorter	37666
78408666	DeptVetAffairs	Veterans Affairs	232871
19106419	slintes	Marc	204
1282442250	elipiwas	Eli Iwaszewicz	30
16942016	PilwonHuh	Pilwon Huh	79
170898452	pilwon		3
22455608	SandeepDinesh	Sandeep Dinesh	114
97597876	theshaunwalker	Shaun Walker	254
8271972	brightbox	Brightbox	3531
14627400	RedHatNews	Red Hat, Inc.	68382
505624877	MirantisIT	Mirantis OpenStack	5998
2927758254	AppMeerkat	Meerkat	398239
3004231	SnoopDogg	Snoop Dogg	12225231
1434164370	Mattermark	Mattermark	13246
27212264	KathViner	Katharine Viner	60377
14496744	adamierymenko	adamierymenko	261
11778992	johnleach	John Leach	937
19244652	sherylchamb	Sheryl Chamberlain	980
309890367	Rancher_Labs	Rancher Labs	871
22412376	deadmau5	deadmau5	3185421
133735759	MRGUMBALL3000	Maximillion Cooper	21484
22691385	13thwitness	13thWitness	37989
20647266	Alchemist	Alchemist	258764
34311069	gumball3000	Gumball 3000	90669
258032124	ChiefScientist	Alexy Khrabrov	1163
1425993918	polymer	Polymer	24069
3107271	randybias	Randy Bias	18152
1396003728	GopherCon	GopherCon	2988
282879536	goroutine	Go Routine	3314
1551361069	ApacheSpark	Apache Spark	6336
112658299	feshob	Vitaliy Shopov	882
12036852	fabianofranz	Fabiano Franz	615
4309311	michaelneale	Michael Neale	2473
66360559	sebineubauer	Sebastian Neubauer	64
237541322	ninefold	Ninefold	2300
897094944	icepaani	maaz	110
14845335	imikushin	Ivan Mikushin	239
2644418021	john_starmer	John Starmer	82
839108496	CarlSchachter	Carl Schachter	108
20536157	google	Google	11256956
28873233	sonoble	Steven Noble	806
19927676	michaelgoldrich	Michael J. Goldrich	32147
469545897	amanda_m_macias	Amanda Macias	1832
20192882	mikewhitmore	Mike Whitmore	110954
2651651450	Founders_Pledge	Founders Pledge	285
22330739	Benioff	Marc Benioff	167905
17059508	spinningmatt	matt	90
122053508	francesc	Francesc	3323
1830491	briandorsey	Brian Dorsey	1933
914061	levie	Aaron Levie	149636
1263967268	HackerNewsOnion	Hacker News Onion	33418
218232153	TamarBercovici	Tamar Bercovici	371
96998753	VojtechVitek	Vojtech Vitek	213
22455722	_rsc	Russ Cox	5580
197263266	rob_pike	Rob Pike	18323
14309166	enneff	Andrew Gerrand	8285
699263	davecheney	Dave Cheney	5517
210605959	startupandrew	Andrew Lee	1574
1747381	adam_messinger	Adam Messinger	21159
6656012	krarick	Keith Rarick	856
813402	sparkycollier	Mark Collier	7767
15076390	Padmasree	Padmasree	1605718
274586863	a_webtone	Antonio Rosales	36
14969810	kyleellicott	Kyle Ellicott	2765
14311039	annebot	annebot	8219
16493868	bryankramer	Bryan Kramer	120030
16261638	TedRubin	Ted Rubin	285674
16194705	johnshinal	johnshinal	1171
16018805	jswartz	Jon Swartz	21158
15349198	msmarypryor	EmPeezy	23038
23498415	lmigno	Laura Mignott	1754
24564013	sarajnwalker	Sara Walker-Santana	888
1608554718	HackLang	Hack	4969
2381445018	jvwatzman	Josh Watzman	160
15425183	etherington	Darrell Etherington	17749
121817564	ThisIsFusion	Fusion	169588
2893079865	theghodss	Sam Ghods	68
1632679345	brownonyou	Brown Boy	351
92367751	jessicaalba	Jessica Alba	8305661
6472332	grhmc	Graham Christensen	639
14640565	brendandburns	brendandburns	882
158824941	kevVader	Kevin Craft	96
9607502	ae6rt	Mark Petrovic	495
415859364	Nike	Nike	4974390
420557266	blinken_lichten	Jon Langemak	536
15227849	semil	Semil	30064
1000591	fredwilson	Fred Wilson	392908
1501471	LanceUlanoff	Lance Ulanoff	78744
107795399	adriangrenier	Adrian Grenier	340649
34181507	dez_blanchfield	Dez Blanchfield	46680
37776670	Kimsstevenson	Kim Stevenson	9073
74972610	JamesTamplin	James Tamplin	2968
2842863858	IntelSDILabs	Intel SDI Labs	2
25301806	jdonalds	Jonathan Donaldson	878
37793606	dkamhout	Das Kamhout	616
15767097	peterscraig	Craig Peters	563
10691772	zer0tweets	Boris Renski	1238
14475559	mfdii	Michael Ducy	2312
7736942	botchagalupe	botchagalupe	8290
15652782	ahmetalpbalkan	Ahmet Alp Balkan 	3919
15111360	brunobowden	Bruno Bowden	1524
43633655	beejonline	Beej Cong	54
23742780	mge_de	Michael	177
41003633	GreylockVC	Greylock Partners	106749
14159158	jerrychen	Jerry Chen	3802
2778611606	HighlandCapMgmt	Highland Capital	5893
1228738668	zsmithnyc	Zachary Smith	313
60055371	Cbeddis	Craig Beddis	275
21133007	OneRepublic	OneRepublic	2269000
1580631	adholden	Anne Holden	3408
35861740	Webpass	Webpass, Inc.	1308
16868564	thockin	thockin	354
2688531	TallMartin	Martin Buhr	1843
248988547	cmcluck	Craig McLuckie	365
21499318	grapesfrog	Grace	279
60915640	kalmanspeier	Kalman Speier	154
430925760	GEdesign	GE Design	4711
292515375	GEsoftware	GE Software	13585
38229327	networkstatic	Brent Salisbury	4020
7798232	benkepes	Ben Kepes	21079
44258478	dave_tucker	Dave Tucker	900
791300	alexwilliams	Alex Williams	10512
17870797	robholland	robholland	152
23493029	robszumski	Rob Szumski	324
19078241	avidl	Avid LarizadehDuggan	1815
16407251	richminer	Rich Miner	15568
1721677802	billmaris	Bill Maris	3319
28351350	kobalt	Kobalt Music	13026
33846451	Accel	Accel Partners	116088
27814665	GoogleVentures	Google Ventures	404945
26590284	lauramelahn	Laura Melahn	1641
25462857	karimfaris	Karim Faris	3406
16036705	davemuni	Dave Munichiello	1300
7591572	asmith83	Adam Smith	11339
4642951	swartzrock	Jason Swartz	836
8347372	dtcb	dtcb	286
2393825672	momunt	Momunt App	168
190292949	LAUNCH	LAUNCH	16082
15079758	tpetr	Tom Petr	502
10295842	velocityconf	O'Reilly Velocity	12747
2974416525	vaporio	Vapor IO	115
123844674	romonet	Romonet	319
6031	kartar	James Turnbull	7274
2272268940	herthemovie	Her	995
2586796098	packethost	Packet	474
93252443	lukaswelte	Lukas Welte	32
2167233606	Holt4Riley	Riley 4rmstrong Holt	120
42226885	vkhosla	Vinod Khosla	447868
16076032	ggreenwald	Glenn Greenwald	517138
14653404	HighlandCapital	Highland Capital	33068
22097962	ataussig	Alex Taussig	8428
15481606	realdanlyons	Dan Lyons	70831
1115148079	AstroTerry	Terry W. Virts	194333
42594041	iankent	Ian Kent	139
45131386	goodmachine	Patrick Bergel	1996
83981169	ssorallen	Ross Allen	356
294127712	BrandonPhilips	Brandon Philips	2502
557121528	Margaret_667	Jacquelin Nassimi	2
13535762	fxshaw	Frank X. Shaw	24682
3840	Jason	jason	229260
260044118	beerops	( sdoq	4421
820585	baratunde	Baratunde	171481
17394561	ManoMarks	ManoMarks	5667
27911944	michaelbuble	Michael Bubl	2242729
115489598	Stone_Wallace	Stone Wallace	77218
67141936	NuttySwiss	Nutty Swiss	713
17347755	hareemca	Hareem Haque	377
16955517	dealbook	DealBook	98023
6331462	jess	Jessica Verrilli	376116
17936793	G_Eazy	G-Eazy	540960
253760603	gregorydjohnsen	GregorydJohnsen	15770
148221086	rosskukulinski	Ross Kukulinski	601
2798524260	weaveworks	weave	1070
2571577512	ClusterHQ	ClusterHQ	996
21925637	lmarsden	Luke Marsden	1240
928961	rasmus	Rasmus Lerdorf	36322
122759220	PegFitzpatrick	Peg Fitzpatrick	41339
14521411	floydophone	Pete Hunt	8271
398200139	arangodb	arangodb	3026
9381512	jbeda	Joe Beda	1403
311750553	KitMerker	Kit Merker	322
563970041	DevOpsBrogrammr	Devops Brogrammer	10
17881816	colortheory	Brian Hazard	1316819
113419064	golang	Go	26867
791288	ferdy	Ferran Rodenas	1252
15813140	googlecloud	GoogleCloudPlatform	386540
557933634	SaltStackInc	SaltStack	4874
484166817	italktorocks	Elizabeth Upton	33
2936535312	regreen_tech	Regreen Technologies	1604
2813398537	kubernetesio	Kubernetes	3493
16099291	JasonHirschhorn	Jason Hirschhorn	26994
304628687	Planet_Maja	Maja	39764
2384934740	vrlosangeles	VRLA	2775
2858533652	UploadVR	UploadVR	3077
2886591398	kismatic	kismatic	1057
1447427168	MarciaPaglia	Marcia Paglia	157
14717503	chasseurmic	chasseurmic	196
13418072	stevesi	Steven Sinofsky	35012
2773451773	the_richer_man	the_richer_man	3
14692547	eryno	eryn o.	1788
15700058	geoffworth	Geoff Hollingworth	755
86890115	homakov	Egor Homakov	7019
22790881	briankrebs	briankrebs	98533
336788919	ChrisCopeComedy	Chris cope	20806
46666492	yevgeniy_s	Yevgeniy Sverdlik	2561
113593801	chriswolferts	Christian Wolferts	85468
378197959	3M	3M	464801
16707339	VladimirVivien	Vladimir Vivien	406
17793148	DavidMPollack	David Pollack	1046
22044444	paleochef	Mary Shenouda	3667
38737968	vRobM	Rob Markovi (Robi)	4499
1293051	aneel	Aneel	4301
41169953	jbecher	Jonathan Becher	16380
5980812	thecultureofme	Jeff IRL	13609
1122427309	jawshkruger	Josh Kruger	2053
15387839	TVMoJoe	Joe Adalian	29725
25019638	richarddeitsch	Richard Deitsch	142832
106111147	rilaws	Richard Lawson	33085
17198424	stevekovach	Steve Kovach	17615
81482674	ditzkoff	Dave Itzkoff	40787
14515799	brianstelter	Brian Stelter	285266
9507342	moneyries	Brian Ries	15043
22429979	nycsouthpaw	southpaw	17281
765548	hmason	Hilary Mason	57953
31422711	frankpallotta	Frank Pallotta	3201
2156951	Percival	Sean Percival	19809
14849562	WesleyLowery	Wesley Lowery	115263
1068831	slashdot	Slashdot	144477
16867627	ircmaxell	Anthony Ferrara	8805
2203359949	katstories	Kate Fedashko	100
24504850	ElSangito	Calamity Jain	4738
14336120	emmajanehw	emma jane	5178
73962161	danielwithmusic	Daniel Compton	261
19103481	Uber	Uber	278824
119933555	cpuguy83	Brian Goff	217
18810584	ehazlett	Evan Hazlett	384
14510231	bfirsh	Ben Firshman	1883
891894140	PatriciaHaman	Patricia Haman	18
441679284	thatguyBG	Brett Goldstein 	2833
2787482192	tkamyk_cph	Tomek Kamiski	1107
2034701	SaberTriki	Saber Triki	1033
3289961	arjun	arjun	1596
30252339	cdavisafc	Cornelia Davis	1158
668743	barakmich	Barak Michener	530
356930534	gabrtv	Gabriel Monroy	1204
231086859	Hosseinnorouzi	Hossein Norouzi	1008
16408759	flySFO	flySFO	26702
16636772	innoutburger	In-N-Out Burger	28234
33771282	coreykindberg	Corey Kindberg	3175
2844875742	socketplane	SocketPlane	767
536965103	haxor	Brett Slatkin	2201
16001350	elisewho	Elise Hu ( )	17116
5444392	evanphx	Evan Phoenix	6825
15914573	anchorlines	Heather Schmelzlen	3712
6650392	the1stein	Stefan Schimanski	148
943121462	TRxARMS	Danni Nutter	62
19097926	randomatom	Adam Morton	53
14248451	Joshmedia	Josh Felser	19292
147084708	andrewliebchen	Andrew Liebchen	283
14813790	_sunilrawat	Sunil Rawat	32187
64482503	codeforamerica	Code for America	34422
2904107388	Smart_Contract	Smart Contract	60
46238620	SergeyNazarov	Sergey Nazarov	363
312789382	PerianneDC	Perianne Boring	5645
19436496	davidbyttow	David Byttow	6564
279697896	fnxTX	JJ 	2016
9729502	travisk	travis kalanick	80465
2244765331	secretly	Secret	24652
217373819	SmartContracts	SmartContracts	89
45727108	prokopp	Christian Prokopp	4736
14461005	MFreitas	MFreitas	33
149763	sriramk	Sriram Krishnan	8139
14706299	linuxfoundation	The Linux Foundation	175300
605949273	TasteMYChina	M.Y. China	927
14800270	HarvardBiz	Harvard Biz Review	2080953
6697972	mchmarny	Mark Chmarny	3673
1138959692	docker	Docker	62256
14562685	rwang0	R Ray Wang ()	68087
519262288	ApacheMesos	Apache Mesos	10038
18075623	cpswan	Chris Swan	1270
12922082	ctrlzee	Mark Wilson	9405
13982132	medialab	MIT Media Lab	281025
22151193	qikipedia	The QI Elves	643277
14329880	Vinncent	Vincent Bevins	8853
27557141	NTmoney	Nick Tomaino	1914
101671923	coreypronman	Corey Pronman	19500
1586501	nickbilton	Nick Bilton	250381
2281199906	AndrewsNisa	Nisa Andrews	128
2832014738	Camp1Ventures	Camp1Ventures	11344
574032254	coinbase	Coinbase	53568
74184469	chuhnk	Asim Aslam	364
180505807	instagram	Instagram	39050751
19365210	CraigMilroy	Craig Milroy	1608
1023051954	TheInterview	The Interview	50019
1524036002	beameryoung	Brad Young	23
365111467	Peter_Levine	Peter Levine	7729
2319108198	serial	Serial	191661
2381133948	orlyatomics	OrlyAtomics	51
58226595	GordonBijelonic	Gordon Bijelonic	48918
5785502	burr86	Abe Hassan	944
633	zephoria	danah boyd	108886
6141832	cshirky	Clay Shirky	350146
29440305	Mark_Renshaw	Mark Renshaw	115478
14749070	Chad_Hurley	Chad Hurley	653654
352947624	GSElevator	GS Elevator Gossip	706562
60308942	claychristensen	Clayton Christensen	114939
73194395	ktbenner	katie benner	5645
4234581	joestump	Joe Stump	15277
16916799	joshjames	Josh James	46611
13198	markpinc	mark pincus	58024
5702	Caterina	Caterina Fake	115169
740983	loic	Loic Le Meur	124744
20	ev	Ev Williams	1811390
13	biz	Biz Stone	2459601
5668942	sarahcuda	Sarah Lacy	101550
2851372285	Muhdalvin	Mhmmad alvin	76
189950338	JasmineM___	JLM	871
3829151	leolaporte	Leo Laporte	569281
657863	kevinrose	Kevin Rose	1572703
418	dens	Dennis Crowley	78726
3754891	bfeld	Brad Feld	208988
2216411827	KDevroede	Kevin Devroede	173
18927821	herrod	Steve Herrod	11638
18744691	addvin	brian stevens	2632
1140801	sraney	Scott Raney	1936
865427900	basche42	Ben Basche	1251
16120736	wattsteve	Steve Watt	1892
18036441	Stanford	Stanford University	304183
159822053	kelseyhightower	Kelsey Hightower	4001
14819432	MegaRan	not meg ryan, thx	49028
34474923	davidrpoliti	David Politi	1207
9551792	solomonstre	Solomon Hykes	12674
85872035	scottcjohnston	Scott Johnston	451
114326949	elronxenu	Sally Green	1044
113420831	PressSec	Josh Earnest	600807
14062180	NPR	NPR	485789
14323985	mulligan	Brenden Mulligan	114305
542629933	kylry	Kyle Ryan	851
515034648	theskimm	theSkimm	88622
12576412	taylorbuley	Taylor Buley	11162
3058771	lxt	Laura Thomson	4582
605804404	Hired_HQ	Hired	6811
243798637	NeilMacFarquhar	Neil MacFarquhar	10989
438111039	BBCSteveR	Steve Rosenberg	24457
9670142	ohheygreat	Leah Reich	8163
440686069	akkateam	Akka Team	6628
15119140	maureenjohnson	Maureen Johnson	114258
46798897	SerpentineSF	SerpentineSF	1632
30628216	maxrogo	Mark Rogowsky	4232
59518046	handsonbayarea	HandsOn Bay Area	1129
1145991	jberrebi	Jeremie Berrebi	25293
67727882	KIPP	KIPP Foundation	32910
19658826	newscientist	New Scientist	1675635
15828408	SusanWojcicki	Susan Wojcicki	14543
939321	riklomas	Rik Lomas	6578
14335498	newsycombinator	Hacker News	102147
22461427	alyankovic	Al Yankovic	3848275
14647570	sciam	Scientific American	1060189
9019482	akashgarg	akashgarg	6377
25053299	FortuneMagazine	Fortune	1700858
14885549	ForbesTech	Forbes Tech News	2051457
588586596	DrKhouryCDC	Dr. Muin Khoury	4953
14738561	23andMe	23andMe	48683
275400473	Sophia_Amoruso	SOPHIA AMORUSO	49492
44438256	matthewherper	Matthew Herper	53650
195758882	vieux	 Victor Vieux 	1490
33514869	BarbaraJWalters	Barbara Walters	1401861
20109973	AnnCurry	Ann Curry	1546292
18812301	katiecouric	Katie Couric	1294876
14803701	TweetDeck	TweetDeck	2554649
159586103	lauraelizdavis	Laura E. Davis	4950
29546945	GayleKing	Gayle King	897452
14761795	TEDchris	Chris Anderson	1706003
254218516	SpikeLee	Spike Lee	645231
2148071	danielbru	Daniel Brusilovsky	517242
36743910	CornelWest	Cornel West	635498
10886522	tavissmiley	Tavis Smiley 	290936
14749606	Dropbox	Dropbox	4054796
19608297	HRC	HumanRightsCampaign	514503
10952962	obrien	Chris O'Brien	19328
54208274	alexwagner	Alex Wagner	130250
55334133	MichaelEDyson	Michael Eric Dyson	214984
1305940272	SlackHQ	Slack	91741
409456907	NowWithAlex	NowWithAlex	84824
14366976	bxchen	Brian X. Chen	24189
182503471	TheLastWord	The Last Word	109438
42389136	TheRevAl	Reverend Al Sharpton	459500
45671898	finneyk	Karen Finney	101047
21862217	krystalball	Krystal Ball	97376
69193833	upwithsteve	Up w/ Steve Kornacki	96893
244655353	davidaxelrod	David Axelrod	351420
15220768	DavidCornDC	David Corn	186553
18587457	MHarrisPerry	Melissa Harris-Perry	373626
17134268	CBSThisMorning	CBS This Morning	178045
75052666	edshow	Ed Schultz	219765
205864193	hardball	Hardball	84643
158426909	Lawrence	Lawrence O'Donnell	271297
20479813	MMFlint	Michael Moore	1836303
14251225	jheil	John Heilemann	66444
4207961	chrislhayes	Christopher Hayes	427076
21111896	NorahODonnell	Norah O'Donnell	128775
48802204	hardball_chris	Chris Matthews	279975
91180720	MaddowBlog	Maddow Blog	354386
15224867	andersoncooper	Anderson Cooper	5917509
50325797	chucktodd	Chuck Todd	479565
16129920	maddow	Rachel Maddow MSNBC	3195132
15695490	golubbe	Ben Golub	3063
564111558	bpolitics	Bloomberg Politics	29387
224320485	KellyO	Kelly O'Donnell	58171
17899109	gatesfoundation	Gates Foundation	1481185
491350825	MAKERSwomen	MAKERS	47274
89820928	mitchellreports	Andrea Mitchell	263514
47438401	RichardEngel	Richard Engel	184255
161801527	melindagates	Melinda Gates	733265
1511661055	Lauren_Hersh9	Lauren Hersh	1084
252835084	WuDunn	Sheryl WuDunn	15044
615443591	PeteWilliamsNBC	Pete Williams	41565
20562637	businessinsider	Business Insider	1091037
621523	BBCBusiness	BBC Business	1345506
28140646	WSJbusiness	WSJ Business News	819509
34713362	business	Bloomberg Business	2271058
2097571	cnni	CNN International	3607902
15110357	ReutersBiz	Reuters Business	1272286
742143	BBCWorld	BBC News (World)	10097927
2821417461	SiliconHBO	Silicon Valley	52716
23365014	rubinafillion	Rubina Madan Fillion	11555
3108351	WSJ	Wall Street Journal	6417899
15774741	george_chen	George Chen	23722
15803250	peterlattman	Peter Lattman	16684
15816595	radleybalko	Radley Balko	38735
15931663	edmundlee	Edmund Lee	5593
16020435	Pervaizistan	Pervaiz Shallwani	4987
16125224	ByronTau	Byron Tau	17473
16244449	jbarro	Josh Barro	70345
16253142	byjoelanderson	Joel D. Anderson	19293
16288269	mradamtaylor	Adam Taylor	7416
16443393	tadfriend	tad friend	13726
16553638	stevegiegerich	stevegiegerich	3763
16936858	valeriehahn	Valerie Schremp Hahn	5053
17060020	Max_Fisher	Max Fisher	65233
17073225	kodacohen	Robert Cohen	8400
17152685	lpolgreen	Lydia Polgreen	59164
17698956	moorehn	Heidi N Moore	54781
18080708	keachhagey	Keach Hagey	6409
19540949	AmyKNelson	Amy K. Nelson	67181
19871716	chesh	Tom Cheshire	4197
19817778	jonswaine	Jon Swaine	34249
19966557	alaindebotton	Alain de Botton	511642
20532987	malas_n	Nour Malas	6019
20742461	TimOBrien	Tim O'Brien	35285
21360626	BastardMachine	Tim Goodman	35262
22860921	HannaRosin	Hanna Rosin	20404
22891564	chrisgeidner	Chris Geidner	33675
23480093	poniewozik	James Poniewozik	45655
23892927	DanaMattioli	Dana Mattioli	14466
24266406	JBoorstin	Julia Boorstin	24641
24674124	gadyepstein	Gady Epstein	26599
25458129	1bobcohn	Bob Cohn	6026
25992562	jjasonchow	Jason Chow	3350
26957009	Alex_Ogle	Alex Ogle	14696
27000730	Timcast	Tim Pool	68203
27101698	Tom_Winter	Tom Winter	3854
27284203	JeromeTaylor	Jerome Taylor	12169
28708146	emilybazelon	Emily Bazelon	37122
29263488	juliebosman	Julie Bosman	34358
30043148	kaylatausche	Kayla Tausche	42272
33333620	Kantrowitz	Alex Kantrowitz	5886
31399121	ShaliniWSJ	Shalini Ramachandran	5708
32078497	hiltzikm	Michael Hiltzik	8310
36171004	davidplotz	David Plotz	22670
37280980	JimDalrympleII	Jim Dalrymple II	8475
40982362	KateKellyCNBC	Kate Kelly	19491
41225205	annairrera	Anna Irrera	5281
43412697	ClaraJeffery	Clara Jeffery	25826
45511355	emilyrauhala	Emily Rauhala	6324
59936143	DimiSevastopulo	Demetri Sevastopulo	27502
65277959	ShimonPro	Shimon Prokupecz	8126
65551087	HayesBrown	Hayes Brown	13611
66259130	dhpierson	David Pierson	6876
69004966	mattdpearce	Matt Pearce	42250
71340937	GZuckerman	Gregory Zuckerman	9000
76347918	paulmozur	Paul Mozur	6867
82660006	alexbarinka	Alex Barinka	2185
89043072	jasonzweigwsj	Jason Zweig	35750
89887215	Yamiche	Yamiche Alcindor	28093
90034304	ravisomaiya	Ravi Somaiya	18511
93963456	trymainelee	Trymaine Lee	25698
95048311	MattMcBradley	Matt Bradley	26666
97327765	alicesperi	Alice Speri	18092
114782468	carlquintanilla	Carl Quintanilla	94845
125400908	TamerELG	Tamer El-Ghobashy	15164
151911629	peterlauria3	Peter Lauria	9442
155952299	LaurenLyster	Lauren Lyster	21268
164425558	JonErlichman	Jon Erlichman	18633
166153613	whitegl	greg white	3840
184136149	MarkHalperin	Mark Halperin	100749
208155240	MariaBartiromo	Maria Bartiromo 	149976
215694545	bkesling	Ben Kesling	6399
217295265	haasbenjamin	Benjamin Haas 	2443
218129328	RobertKlemko	Robert Klemko	19740
222177693	MandyCNBC	Amanda Drury	57264
237871265	davidjshipley	David Shipley	4800
239570459	carmeldea	Carmel DeAmicis	4476
242793870	betsy_hiel	betsy hiel	11678
243725308	aaltman82	Alex Altman	2874
252663599	ChristinaKSDK	Christina Coleman	4885
254136706	CoryTV	Cory Johnson	24368
257661436	EamonJavers	Eamon Javers	11761
258885469	nickconfessore	Nick Confessore	54716
263197731	ScottWapnerCNBC	Scott Wapner	38062
269399083	jotted	Alexandra Stevenson	2393
275582390	MichaelKelleyBI	Michael B. Kelley	3941
296407169	AnthonyVenutolo	Anthony Venutolo	1031
313070057	jledbetter	James Ledbetter	5855
316659505	robferdman	Roberto Ferdman	5109
317253682	scranecolt	Sam Colt	1409
354948782	BillGriffeth	Bill Griffeth	12671
374687121	ElaineManios	Elaine Manios	727
394635011	LauraStevensWSJ	Laura Stevens	4489
395069899	Kate_OKeeffe	Kate O'Keeffe	4021
543445390	Judy_Ngao	Judy Ngao	2365
553036368	JoeSquawk	Joe Kernen	55133
898301664	michaelsantoli	Michael Santoli	13195
934646760	lauriehays11	Laurie Hays	2628
1038841076	natashakhanhk	Natasha Khan	3697
1060578475	lionelbarber	Lionel Barber	24327
1648282604	ShaleneGupta	Shalene Gupta	1107
2329395758	KoranAddo	Koran Addo	2235
28219278	laurawp	Laura Weidman Powers	5010
14132648	ssk2	Sunil Shah	435
151372155	ryanjordansf	Ryan Jordan	226
498345666	SammieMcGue	samventures	213
28400537	pmbauer	Paul Bauer	204
14075928	TheOnion	The Onion	7542337
2863856232	willfreiberg	Will Freiberg	11
18344457	cbogie	Christian Bgeberg	3412
14063232	ashenden	John Ashenden	1127
5560152	grampelberg	Thomas	192
11740902	tferriss	Tim Ferriss	1247814
15348074	airburst	Aaron Bell	303
21883589	jpampuch	John Pampuch	95
1648999932	asynchio	Joseph Jacks	2017
55269809	phil_zimmerman	Phil Zimmerman	268
1978599468	Charl0tt3B	Charlotte Bergan	40
17068692	PDPJ	David Carson	15117
403330174	quarfot	Niklas Nielsen	295
17004618	NickKristof	Nicholas Kristof	1610699
546533776	BenRWhitehead	Ben Whitehead	94
18618298	flo	Florian Leibert	6272
100265000	evonox	Dario R.	200
3392411	benh	Benjamin Hindman	2571
5874452	ron_miller	Ron Miller	8928
15759497	tnachen	Timothy Chen	410
274560483	nor0101	Connor Doyle	233
14945059	mtrifiro	Dr. Mesosphere	12016
68299529	superguenter	Tobi Knaup	1465
1872399366	mesosphere	Mesosphere	26322
15925663	kensipe	Ken Sipe	2152
19478716	lexnfx	alexei oreskovic	4507
1198537832	coreoslinux	CoreOS Linux	16326
774757	polvi	Alex Polvi	3490
299869637	1938loren	Loren Feldman	2488
337180420	suey_park	Suey Park	28489
27046692	lorakolodny	Lora Kolodny	12586
2476030532	mcypark	Michael Park	48
1689608689	notbedelia	amelia	12443
102812444	stripe	Stripe	39646
526316060	DaveChappelle	David Chappelle	470884
1518024493	layer	Layer	2585
85243004	IvanCNN	Ivan Watson	96420
113524118	bcbroussard	BC Broussard	46
27378998	sharonwaxman	Sharon Waxman	7646
88975905	shanesmith30	shane smith	133442
19575406	gigastacey	Stacey Higginbotham	21016
8207832	mdo	Mark Otto	45429
19654407	johnauthers	John Authers	14097
650013	bradfitz	Brad Fitzpatrick	15918
14417215	rrhoover	Ryan Hoover	34792
13416712	adamlashinsky	Adam Lashinsky	34782
42826771	aneelb	aneel bhusri	13395
15827269	BradStone	Brad Stone	68320
808627	StevenLevy	Steven Levy	90642
17877122	clairecm	Claire Cain Miller	52129
19476868	nickwingfield	Nick Wingfield	14258
2178012643	balajis	Balaji S. Srinivasan	24966
49736166	peterthiel	Peter Thiel	94469
14531315	nist	Scott Banister	5408
16892481	nxthompson	Nicholas Thompson	37251
486864604	techledes	Connie Guglielmo	4857
6535212	eladgil	Elad Gil	11667
24737919	stephaniemehta	Stephanie N. Mehta	10062
140872924	levynews	Ari Levy	8916
11768582	garrytan	Garry Tan	28928
15892011	JBennet	James Bennet	11807
17062849	tomstandage	Tom Standage	18074
33792634	andrewrsorkin	Andrew Ross Sorkin	484174
1634629316	puiwingtam	Pui-Wing Tam	4231
81961201	valleyhack	Ashlee Vance	17331
26819104	jonfortt	Jon Fortt	25160
16017475	NateSilver538	Nate Silver	1197704
18622869	ezraklein	Ezra Klein	765769
156783075	zackbeauchamp	Zack Beauchamp	7291
41159876	grossdm	Daniel Gross	24410
37723353	DKThomp	Derek Thompson	29139
756129	johnolilly	John Lilly	182214
21576543	tfadell	Tony Fadell	44320
24789175	JamesFallows	James Fallows	72368
249758564	eisingerj	Jesse Eisinger	14384
56640837	mattocko	Matthew Ocko	5194
13404292	nicoleperlroth	Nicole Perlroth	13971
296453816	LAAF	Arrillaga-Andreessen	9594
18986524	PaulSloan	Paul Sloan	3617
119372054	BeckyQuick	Becky Quick	93556
103087049	MCaruso_Cabrera	M. Caruso-Cabrera	41859
140912249	davidfaber	DAVID FABER	76998
21687414	kevinjdelaney	Kevin Delaney	13233
23145378	geoffreyfowler	Geoffrey Fowler	20252
108432404	jkrim	Jonathan Krim	4569
18453278	darlin	Damon Darlin 	8155
40532389	johngapper	John Gapper	22199
35701040	mlevram	Michal Lev-Ram 	6524
1979921	joshelman	Josh Elman	46915
24773177	carr2n	david carr	466230
166617624	tomkrazit	Tom Krazit	5494
17027590	benpopper	Ben Popper	8990
74130577	emilychangtv	Emily Chang	60448
151191872	Shayndi	Shayndi Raice	5064
25160944	kashhill	Kashmir Hill	28288
19744978	LeenaRao	Leena K. Rao	34705
14269152	anthonyha	Anthony Ha	27751
16242081	bhorowitz	Ben Horowitz	179362
59143038	jeffbercovici	Jeff Bercovici	13251
69426451	CaseyNewton	Casey Newton	20275
1093694846	homebrew	Homebrew	7908
19430233	zseward	Zach Seward	23634
16120265	inafried	Ina Fried	69402
20662440	philsturgeon	La Flama Blanca	14738
16370204	jyarow	Jay Yarow	18319
22387220	qhardy	Quentin Hardy	20613
5943622	pmarca	Marc Andreessen	327537
386815916	PaulSzoldra	Paul Szoldra	8031
14913702	jssmith	Johann S-S	240
18713254	simonpegg	Pegg News	6011727
19563366	JoshConstine	Josh Constine	33460
5746452	waltmossberg	Walt Mossberg	720659
8479062	fromedome	Dan Frommer	37901
6708952	SteveCase	Steve Case	740949
19219421	RolfeWinkler	Rolfe Winkler	7466
114602310	amir	Amir Efrati	14604
7017692	DanielleMorrill	Danielle Morrill	33509
154016912	WillOremus	Will Oremus	9582
16246929	danprimack	Dan Primack	50010
652193	mgsiegler	M.G. Siegler	161572
376502929	Snapchat	Snapchat	679464
15267898	stroughtonsmith	Steve T-S	32600
15384777	stevenbward	Steven Ward	52795
64844802	a16z	a16z	160176
185808487	kpcb	Kleiner Perkins	125535
17220934	algore	Al Gore	2774953
807095	nytimes	The New York Times	17009263
5988062	TheEconomist	The Economist	8714915
19040598	MikeIsaac	_	38318
18327902	alexia	Alexia Tsotsis	157495
63796828	verified	Verified Accounts	1464121
44196397	elonmusk	Elon Musk	2168026
211583400	chrissyfarr	Christina Farr	11502
1344951	WIRED	WIRED	4609873
168857946	500Startups	500 Startups	329899
93957809	ericschmidt	Eric Schmidt	1106790
5520332	msuster	Mark Suster	206715
94682674	AngelList	AngelList	201446
13293162	satyap	Satya Patel	15852
50055701	MittRomney	Mitt Romney	1636451
2529971	cdixon	Chris Dixon	177816
20339060	trueventures	True Ventures	78594
17503180	marissamayer	marissamayer	1007398
11069462	OReillyMedia	O'Reilly Media	75794
378223565	sparker	Sean Parker	420597
13076632	stevesarner	steve sarner	1553
46063	hunterwalk	Hunter Walk	90467
14492118	mtabini	Marco Tabini	5139
783214	twitter	Twitter	39965243
770729	lizgannes	Liz Gannes	71946
691353	Joi	Joi Ito	104780
644863	nivi	Nivi	25357
12	jack	Jack	2992655
