15285444	zusty	Karla  	3171
2244340904	Recode	Re/code	165836
38627114	joejwest	Joe West	14925
1253365489	kaceytron	kaceytron	50642
63188858	RandiLawson	Randi Lawson	25304
26538676	suellentrop	Chris Suellentrop	4200
476152894	katiechironis	Katie Chironis	1315
15622372	JunctionEight	JunctionEight	202
499468045	JumpjetTweets	Jumpjet	382
562708576	HowToBasic	HowToBasic	144093
1536791610	POTUS	President Obama	2498580
211899041	OpSupplyDrop	OperationSupplyDrop	13525
1129248440	NicholasHoult	Nicholas Hoult	380994
2851659813	RALBeerGarden	Raleigh Beer Garden	719
34547678	Middleditch	Thomas Middleditch	33837
15895115	HoldenLink	Holden Link	534
137939378	Feargus	Feargus Urquhart	2294
96286097	Babycastles	Babycastles	3288
3186964814	lucbesson	Luc Besson 	11682
1711414447	AndreaPessino	Andrea Pessino	3578
17816185	DamJess	Jess Damerst	3240
13658662	beverlynoelle	Beverly Reynolds	5866
57841792	GavinFree	Gavin Free	588468
632879584	uisdead99	Tyler	409
27957980	Azereki	Chris Morris	588
9199472	cuppy	Tami Sigmund	4410
3207591909	TedyRuxBin	Ted Smith	7
9316972	jedidiahgant	Jedidiah Gant	2032
2233225039	davidrautert	David Rautert	45
61615560	GinaRamirez	Gina Ramirez	335
296023958	TwoPaddocks	Sam Neill	74567
811449805	PlaytonicGames	Playtonic	51929
1686638119	TheMatthewRhode	Matthew Rhode	36214
517077573	markiplier	Markiplier	929715
126638340	CHSundberg	Christofer Sundberg	2420
340019230	AmandaCCrew	Amanda Crew	20196
35472060	tarastrong	tara strong	201804
2180163722	Daredevil	Daredevil	137442
20035593	nottjmiller	t.j. miller	225621
65647594	StationCDRKelly	Scott Kelly	155731
46060282	jonseel	Jon Seel	659
210944652	jnkboy	Junkboy	162079
1541221333	CornOnTheGoblin	Cat Damon	22612
26155776	SorenJohnson	Soren Johnson	5101
2172922045	OnePerfectShot	One. Perfect. Shot.	132473
82939583	rosariodawson	Rosario Dawson	514462
2997324590	SteamVR	SteamVR	3458
576687320	PornComnents	Stock Porn Comments	85712
31296704	Chupacaubrey	Aubrey Norris :D	8552
18622869	ezraklein	Ezra Klein	765125
18686907	davidfrum	David Frum	107467
25521307	MrPhilHarrison	Phil Harrison	7983
126205656	KenneyNC	Andrew Kenney	1500
25833666	AntlPop	Matt Lowe	213
568510920	GeorgeSokol	George Sokol	400
15410099	jasondeheras	Jason de Heras	809
2857479956	vincentdonofrio	Vincent D'Onofrio	52285
30920893	DylanTSnyder	Dylan Snyder	927
894552380	DavidAyerMovies	David Ayer	108890
3158325855	LeeHinds91	lee hinds	105
528158292	TheChrisSchneid	Christian Schneider	56
13602642	Matt_D_	Matt D	500
1401351241	EllohimeTwitch	Ellohime	55897
158383447	Doobivoos	Andrew Willans	419
52771449	Tmoney68	Tony	22524
14212465	thresh	Dennis Fong	263
378109636	metroscenes	Matt Robinson	622
478761610	SalmonMike	Mike Salmon	975
178808199	Miss_Murderlol	Miss Murder	1644
62454048	comingsoonnet	ComingSoon.net	73719
1338364729	Powerhoof	Powerhoof	6201
3026598491	BeyondEyes_	Beyond Eyes	419
39558552	SquirrelTweets	Squirrel Eiserloh	371
38126970	Crowpie	Alex Crowhurst	345
40620132	MikeNicolella	Mike Nicolella	1190
37997708	sarahcolonna	Sarah Colonna	172824
225826610	nchousedems	NC House Democrats	5110
19636255	AxiomVerge	Axiom Verge	5135
583852534	ArtcraftNC	Artcraft	148
19563357	JG_CHEFS	Jeremy Greiner	3621
84967447	mike_fricker	Mike Fricker	308
2484618992	BillMunkII	William T Munk II	1659
2436389418	SwiftOnSecurity	InfoSec Taylor Swift	73455
78516532	garethcoker	Gareth Coker	1586
34711597	ScrewAttack	ScrewAttack Crew	70795
1959556592	davidduchovny	David Duchovny	169752
15719227	leveluptime	Steve Papoutsis	10656
30272162	thegynomite	Emily V Gordon	51670
74371521	vonkoz	Eric Kozlowsky	963
15993650	GoldGloveTV	Goldy	265710
1123384814	RustyCundieff	Rusty Cundieff	414
48410093	TomCruise	Tom Cruise	5301766
17223098	mjburnsy	Matt Burns	10762
364494809	laurakeeley	Laura Keeley	11516
16592206	LisaLauck	Lisa Lauck	216
488796265	Brewgaloo	Brewgaloo	3367
73146295	DTRLiveWorkPlay	DTR Live Work Play	11351
8531792	paddycosgrave	Paddy Cosgrave	28031
2180291970	MJeffaresGFI	Margaret Jeffares	1144
22124420	GoodFoodIreland	Good Food Ireland	34552
42579112	argonomic	Mackey McCandlish	490
17493611	offworld	Offworld	7843
3060167472	CoffeeWithCross	Chris Cross	277
107107001	WilliamHMacy	William H. Macy	66390
96056342	xbrixbrix	Brix Martin	378
453172555	WashburnChObs	Mark Washburn	1845
305694283	MargotRobbie	Margot Robbie	280332
158894332	JackMenhorn	Jack Menhorn	1848
2350544664	ChariotGame	Chariot	1290
3081978742	SaskiaBrussee	Saskia Brussee	32
324894798	KhaledIbrahimi	Khaled Ibrahimi	3109
2503411644	RealNewsRaleigh	Real News Raleigh	287
19047002	will_tuttle	Will Tuttle	7031
888587222	Freschism	Frederik Schreiber	1598
8004732	CHICKAMUNGUS	Pink Tornado	2359
245396123	OJessicaNigri	Jessica Nigri	434323
540022897	omglazerkittens	Becky Taylor	5205
106624448	pancakepow	Paola Alejandra	3253
24937082	hentaiphd	nina freeman	8747
26422503	lauradangerous	Laura Dubuk	863
558797061	CCPThoughtscape	CCP Thoughtscape	1808
120296068	jobyek	Jobye-Kyle Karmaker	1471
69776562	Metal_Hart	Brandon Reinhart	720
180010316	leucinBKP	leucin	64
24731754	noahwatkins	Noah Watkins	68
27052667	TeeLeee	Tara Lee	823
321962760	JamieDornan	Jamie Dornan	892863
625022363	GillianA	Gillian Anderson	223185
340056002	MsMinotaur	Adriel Wallick	7623
181572333	chancetherapper	Chance The Rapper	957888
843066685	Cpin42	Viktor Winetrout, Jr	8385
442237496	KeeganMKey	Keegan-Michael Key	288523
63302020	JordanPeele	Jordan Peele	389712
30849103	jimjefferies	jim jefferies	195167
1705519554	MyongHoonLee	Michael Lee	128
14522617	Vahn16	Nathan Grayson	6975
3009000189	LevelUpNC	The Level Up	411
2329588892	tinderfessions	Tinderfessions	193314
106841409	genosegers	Geno Segers	24838
11693312	smarshus	Susan Marshall	304
87403396	alispagnola	Ali Spagnola	1626199
13461662	patrickklepek	Patrick Klepek	120473
417622555	GuppyMFJ	Aaron Jones	1270
18155394	evilmrfrank	Ben Burkart	325
328261310	NerdbloggerWil	William McCarroll	221
375898136	AnimationMerc	Ryan Duffin	2632
3012837771	Klok_SD	Eric Klokstad	54
46487941	KudoTsunoda	Kudo Tsunoda	3349
283411624	meganeellison	Megan Ellison	84070
3393521	myspacetom	Tom Anderson	228481
141000523	anakessel	Ana Kessel	213
2979430185	HoloLens	Microsoft HoloLens	73597
130223817	MrHeydu	Selfish Jesus	328
575867099	Holly_Grand	Holly G	719
1541980668	N3V3RISM	H U N T E R	141
1380536431	1image1film	Scnariste	1832
2753754974	gunmantacotruck	Gunman Taco Truck	272
975199891	TerrieDenman	Sparkle Farts	634
465658780	WezArthur	Wez Arthur	304
5138611	chrisfurniss	Chris Furniss	1753
72122407	MichaelLarrick	Robot Eats Ice Cream	2792
36026886	DieAntwoord	Die Antwoord	201687
1225530560	Jimllpaintit	Jim'll Paint It	64660
2530135165	reserve	Reserve	3755
2967351103	sj1903	Scott Jordan	44
222332884	MichaelBiehn	Michael Biehn	3669
781270915	Snarfernini	It's Stephanie 	84940
194710041	carlyken	Carly Danger	27555
55720090	heinekev	Kevin Anderson	106
2966103563	ethanmevans5	Ethan Evans	95
54996649	andreaweigl	andrea weigl	9637
456862468	DarrenAronofsky	darren aronofsky	202198
19382657	andyschatz	Andy Schatz	4797
789339462	HuffPoSpoilers	HuffPo Spoilers	39045
156557697	NeillBlomkamp	Neill Blomkamp	22507
333571550	BleszinskiDoug	Doug Bleszinski	266
362482196	bleszinskisfdc	BleszinskiES	195
2945540118	BrandsSayingBae	Brands Saying Bae	32014
716901834	SmoshGames	Smosh Games	790511
466686493	dustindiamond	Dustin Diamond	15223
6427882	channingtatum	Channing Tatum	7124824
21454322	drewbrees	Drew Brees	2204104
423662810	TheAnonMessages	TheAnonMessage	141445
2456767885	FlashBombAudio	Marc Mailand	188
63485337	notch	Markus Persson	2223588
598540507	tatianamaslany	Tatiana Maslany	188488
156080193	XenaOG	Bonnie Burton	10732
821273790	C4Utopia	C4 Utopia	25259
774942030	TheBrainPagne	Brian Champagne	5
21962308	RogelioD	Rogelio A. Delgado	1121
1311919178	thatJaneNg	Jane Ng	3065
59318658	UbiMTL_Greg	Greg Rassam	102
19394186	charltonbrooker	Charlie Brooker	939235
161418822	OpTic_NaDeSHoT	Nadeshot	1135778
88726035	ultrahax	Ewan Oughton	778
294040042	Silent0siris	Steven Lumpkin	11790
87318558	AADaddario	Alexandra Daddario	358836
155967978	grfxmonkey	dkr	45
262333936	KevinFarzad	Kevin Farzad	75058
307081311	pittskrieg	Anthony Pitts	252
2326057399	TacomaGame	Tacoma	2588
2814779781	BickfordVFX	Brandon Bickford	31
2892610403	CWFanTalk	CWFanTalk	4660
2750693448	smiletime	Smiletime	316
7331992	MituK	Mitu K-K	8110
1950171355	JordanCohen21	Jordan Cohen	3095
20106852	starwars	Star Wars	1352670
1293551972	TheElfquist	Paul Hellquist	1380
222303286	LemonKingi	Lemon King	390
44793207	HirezScott	HirezScott	6273
803090426	HirezKate	MO_Kate	6466
30957246	doubleanna	Anna Kipnis	7821
2612607979	HSWarshaw	Howard Scott Warshaw	818
277752075	patrick_crawley	Patrick Crawley	123
266733044	Mat_Stomp	Mathieu Berube	497
378658931	YBourykina	YBourykina	1150
17133445	ghost_girl13	Megan Sawyer	2701
126042901	shegeekshow	kate welch	10416
392391967	Ticklematter	 	264
493421350	MattVitalone	Matt Vitalone	33
614342258	katharinelilly	Katharine Anderson	400
147646942	Leahbjackson	Leah B. Jackson	23376
28699814	muldoonx9	Alex Hoffman	1465
280377376	theTravisNaas	Travis Naas	30
54206230	erniecline	Ernie Cline	16900
425603743	StiggyFulgore	[FNC] Amazing Meijin	606
16489309	Son_of_Samus	Justin	73
16690222	amydangerous	Amy Dangerous	143
20823262	lorne_lanning	Lorne Lanning	3929
127932132	agrindinger	Andrew Grindinger	47
2344210519	Marianne_Hayden	marianne hayden	359
15606658	floatvoid	Jeremy Mitchell	1222
135675898	AlterEgoFitSD	Teresa Slade-Isaac	131
76362272	iveytron	Chance Ivey	1846
19536129	GameAnim	Jonathan Cooper	3750
131673295	MaxxBurman	Maxx Burman	145
19453134	akruglov	Alex Kruglov	851
246583071	casseveritt	Cass Everitt	1242
42345999	Boogie2988	Boogie2988	209825
49736166	peterthiel	Peter Thiel	94133
132051221	ElisabethSampon	Elisabeth Sampn	3444
15903988	bdwallace	Brian Wallace	2035
1115065411	HookTM	brian hook	1837
19457608	steel	Ben Steel	723
385075611	mattheweboehm	Matt Boehm	974
38560770	Latienie	Lana Bachynski	375
18362008	MeatPlowz	Randall	873
2807680658	BoxcarBarArcade	Boxcar Bar + Arcade	1232
347749192	GabrielSassone	Gabriel Sassone	185
2347646468	BrutalHouse	This Brutal House	18324
15783150	RickSpears	RickSpears	1655
805991792	DANQU15H	DANQUISH	1335
313704667	CrikMaster	Criken 	37713
311032328	unfollowersme	Unfollowers	2638313
958284511	blocktogether	Block Together	3350
33777360	MattFischman	Matt Fischman	149
2408199145	_joshrife	Josh Rife	563
382898572	DorianGorski	Dorian Gorski	31
15115942	andreaszecher	Andreas Zecher	2335
173454450	mikeydrob	DROB	4416
472534945	HipHopTrooper	HipHop Stormtrooper	3271
288350309	N_I_Z_Z_I	Josh Nizzi	264
61311905	andyparkart	Andy Park	5805
191467300	Jonatchoo	Jonathan J-B	3416
1500023935	icuslidge	Ian Cuslidge	141
15135703	joshua_menke	Josh Menke	1500
2350775491	SuckerPunchJobs	Sucker Punch Careers	583
40339247	ToddAlanHarris	Todd Harris	16620
2351116404	lupo_affamato	Dan Nanni	113
16026475	JustinMezzell	Justin Mezzell	4854
39554451	feld3d	Jeremy Kendall	307
2435478961	NCHomeRealtor	Christopher Mielke	267
1265882292	raleighfoodtruc	raleighfoodtruck	3883
38955381	RealCliveBarker	Clive Barker	76269
91919470	TheHorrorMaster	John Carpenter	74638
15829538	Xenogenic	Justin Hanson	881
241382835	prattprattpratt	chris pratt	1964668
5631612	NewRaleigh	New Raleigh	37157
20413761	pshanesmith	Shane Smith	93
160302244	Waughtang	James Waugh	2801
522489747	TriBizTech	Lauren K. Ohnesorge	2894
317465990	romzr	Romain Dura	208
17458287	kaitgoalen	Kaitlyn Goalen	2187
585081733	jamesagoodnight	James Goodnight	1054
24568975	EricBlackmon	eric blackmon	3837
2501323975	utgame	Unreal Tournament	7483
19185916	codecow	Louis Gascoigne	3925
54447215	PolarMETHOD	GAEMS Raphael	751
33264380	MonsterWifey	Cher	421
166958467	MilkyFingers	Chris Mielke	284
2419244857	UnrealDevs	Unreal Devs	3693
19348698	Inoxx	cedric	13
74508590	Dreamkult	Steven Garofalo	13
20436922	dylancuthbert	Dylan Cuthbert	10142
19028953	JColeNC	J. Cole	6661042
2658165866	BossKeyAsby	Sarah Asby	154
179278975	teamunicornftw	Team Unicorn!	18766
18223191	Nate_Ahearn	Nate_Ahearn	4422
16736535	pcgamer	PC Gamer	842807
11364932	kathunter	Kat (Hunter) Metzen	12303
17880192	jfarren	Justin Farren	297
87518049	ooo27	Bob Berry	961
22461427	alyankovic	Al Yankovic	3843700
1951521306	PeaceStBridge	PSB	764
309366491	Twitch	Twitch	2188455
14453798	GarnettLee	GarnettLee	32930
2646252212	BossBlackDante	Joshua Parker	429
246981058	SmiteGame	Smite: The Game	685083
76290308	HelderHP	Helder Pinto	1895
2384473802	ModernOakwood	Oakwood Modern House	2396
2605027879	WorstMuse	The Worst Muse	80263
41788605	ERICBALFOUR	ERIC BALFOUR	81872
15574667	BenMcCool	Ben McCool	5678
16181584	jimrossignol	Jim Rossignol	14389
455045092	MrElek	Tim Elek	202
2573385954	bluestreak	Blue Streak	7984
87997725	HiRezMick	HiRezMick	3663
108399156	gavin_pugh	Gavin Pugh	1243
14862234	rachealc	Racheal Caswell	330
115461622	DICE_FireWall	Dennis Brnnvall	3819
118161980	SimonBWatts	Simon Watts	281
25154418	ChrisRhinehart	Chris Rhinehart	579
13539832	Qt3	Tom Chick	1493
205553183	colintrevorrow	Colin Trevorrow	31441
363202265	MichalDrobot	Michal Drobot	1000
1372902362	Toby_Froud	Toby Froud	868
90982638	TheJakeSimpson	Jake Simpson	947
60467068	pascalblanche	pascal blanch	6787
20169485	MCVonline	MCV	17402
16463030	DestinLegarie	Destin-Y Legarie	24584
1510590902	bruce_straley	Bruce Straley	15563
159916388	JahovasWitniss	Jahova	504778
22585445	SteveButts	The Steve Awakens	8153
363748587	Tepcio	Krzysztof Teper	172
44215354	Snefer	Tor Frick	1296
2550112304	Neon_Cosplay	Nona Neon	90
357019189	DarrenSugg	Darren Sugg	265
2586065706	SaySay_AllDay	Sarah Asby	37
26364322	Dinfire	Shane Satterfield	5608
850121594	CrankArmBrew	Crank Arm Brewing 	6263
555593196	Ncbeerguys	NCBeerGuys	7590
202463874	MrRyanMorrison	Video Game Attorney	10922
13610342	FATAL1TY	fatal1ty	9076
2554984422	shhhimwriting	ThatLoudAmerican	143
48448474	Nethaera	Nethaera	28883
22485213	YamAll	Yannis Mallat	677
48151985	NeoGAF	Tyler Malka	7763
368628844	LiaSae	Amandine Coget	721
1300936555	DJTerminatorX	DJ Terminator X	4283
930625267	MikeJudge	Mike Judge	72090
27695884	OrangerieEvents	NC Wedding Planner	2253
18329546	malukah	Malukah	34957
72376387	lee_banyard	Lee Banyard	1525
16024323	GailSimone	GAIL SIMONE	65593
933326294	nbsparth	sparth	9620
156132825	MikeTyson	Mike Tyson	4831281
2385826302	BossKey	Boss Key Productions	15200
100322679	SophieT	Sophie Turner	568276
460535185	PaulPepera	Paul Pepera	972
29430521	K_0	Kaye Elling	1336
2480079168	SavedYouAClick	Saved You A Click	192611
283072308	GraysonEdge	Grayson Edge	1217
15083606	louiethecat	Billy Berghammer	5194
23105413	CynicalOptmist	Britt Steed	297
898678394	GamesCon	GamesCon	527
18809539	thatjimblack	Jim Black	261
30629087	lakebell	Lake Bell	123095
179524189	GlamazonianRage	Stephanie Briles	923
293854513	DrasticNick	Nick Cooper	360
2484560172	Tiffany_Welsch	Tiffany Welsch	2343
19007577	Beavs	Alexandria Neonakis	3264
2502962923	BangBangClick	Alex Hutchinson	3587
369586333	PatrickWeekes	Patrick Weekes	17354
26200403	LattMeone	Matt Leone	7857
1418745782	midnight	@midnight	414290
20811622	davidoreilly	David OReilly	22863
17547979	ThierryNguyen	Thierry Nguyen	7605
5774432	CPaladino	Chris Paladino	2989
1495557450	Lukazeo	LukazeoTheGreat	10
172596770	SaraDresses	oh just sara	2313
252635679	Nicole_Maria10	Nicole Velazquez	178
63350390	FengZhuDesign	Feng Zhu Design	14722
56794548	GirlGoesEast	Tracey Thompson	2310
443215941	Sethrogen	Seth Rogen	2850962
57180119	mattbooty	Matt Booty	841
551106059	JAYNEHANLEY	JAYNE HANLEY	160
50356107	ebellefeuille	Eric Bellefeuille	560
1213745527	StephanieNrthrp	Stephanie Northrup	508
310631985	SteveSuperville	Steve Superville	149
1183057788	FrankieFaison	Frankie Faison	9065
820710128	MattServitto	Matt Servitto	8556
168205825	JohnGaudiosi	John Gaudiosi	1844
7592102	JohonnaNutter	Josie Nutter	750
14137885	deantak	Dean Takahashi	20465
31077743	annielkozak	Annie	1162
338448432	zakpenn	Zak Penn	3438
23990483	WBHomeEnt	Warner Bros.	712561
16140650	winnersusedrugs	Holly Green	5548
17064600	tha_rami	Rami Ismail	81464
770288880	TheAstroCrew	The Astronauts	3827
14779707	Gerritzen	Jared Gerritzen	12352
98206036	cratesmith	Kieran Lord	441
15177163	Victor_Lucas	Victor Lucas	29289
2459153943	Rogopotamus	Roger Collum	415
48381760	ThaLobsta	Andrew Scheidecker	338
1890868656	patrick_plourde	Patrick Plourde	1685
837872755	ibjade	Jade Raymond	12347
36414266	joekreiner	Joe Kreiner	687
9320152	MisterArmstrong	Matthew Armstrong	1259
14573745	andrearene	Andrea Rene	32740
14874637	Hicks_206	Brian Hicks	27628
49784438	ReginaPizzeria	Regina Pizzeria	1687
395567540	ChloeSkew	Chloe Skew	2165
1546111506	ZipTunealune	Randall Pitchford	185
44258747	michelemorrow	Michele Morrow	19731
18732289	Kranzl	Attractive PR Person	2267
14199284	ChurchesWife	That's my dog's name	1658
1034261	Laralyn	Laralyn McWilliams	2694
2342613998	SeamusBlackley	Seamus Blackley	646
28406270	kumailn	Kumail Nanjiani	384247
363187878	SamZamani	Sam Zamani	96
959866212	MittringMartin	Martin Mittring	1780
164093891	peniswomansarse	Large John	1058
26884913	Quinns108	Quintin Smith	82284
2415367669	WeirdHistoryPix	Weird History	32442
15923621	lauramustard	Laura Mustard	825
60394069	mikegonzalez2k	Michael Gonzalez	164
523606104	adrianb3000	Adrian Bentley	671
561601882	causticphoton	Heinz Schuller	648
8161232	richardbranson	Richard Branson	5699568
33387251	ChrisPerrella	chris perrella	224
19979086	simonblackwell	Simon Blackwell	80642
355307031	lordemusic	Lorde	3597967
267993675	ThePorkChopper	ThePorkChopper	72
1686323288	TimSweeneyEpic	Tim Sweeney	8421
2336880151	EpicRayD	Ray Davis	1124
57477810	wkerslake	Will Kerslake	906
30529570	PixelPowerUp	Mark Tom	325
1362541106	GrantKChang	Grant Chang	777
366222792	cynixy	Anna Megill	3709
107076934	ezchili	ez	11418
2360507084	DesireeGameArt	Desiree Fernandes	148
47239879	KatNicoleB	Kat Nicole B	1009
18625494	VernaVenisa	Alexis De Girolami	573
254578628	PaulMeegan	Paul Meegan	883
24004172	alibakes	Ali Baker	24904
22784458	Fwiz	Ryan Wyatt	281514
35066483	kirkhamilton	Kirk Hamilton	62688
325627653	TheRealLZimm	Laura Zimmermann	567
249554690	sdgaffney	Steve Gaffney	756
1166871612	EcksAndWhy	Jon Eckersley	637
15861559	rexbox	Rex Crowle	5230
17409832	annielohr	Annie Lohr	3233
36208197	BitTorrent	BitTorrent Inc.	37172
22465479	Amalric	Anders Gyllenberg	1593
38225803	ImJustinMiller	Justin Miller	1561
25426820	holinka	Holinka	33123
20288171	JacksFlavour	Jack Attridge	1267
18425298	owenmahoney	Owen Mahoney	535
253330617	Cole_Knapp	Cole Knapp	428
2355224097	BradburyCharles	Charles Bradbury	138
21358633	jonshiring	Jon Shiring	8848
18285245	notwen	Marc Whitten	14092
88711812	RaviCNN	Ravi Hiranand	5766
2232827756	NoMansSky	Sean Murray	35215
61559439	nvidia	NVIDIA	831498
118653922	nicpizzolatto	Nic Pizzolatto	25164
19732725	NSSteph	Stephanie Bayer	7055
27581159	rahulsandil	Rahul Sandil	8208
18818296	jackconte	Jack Conte	18292
40078195	pjarvilehto	Petri Jrvilehto	1214
25227900	BritanniJohnson	Britanni	11152
16464746	JD_2020	Josh Olin	138139
552121630	karengillan	Karen Gillan 	651071
83368027	stuckbug	Forrest Dowling	1182
39369326	DigitalStormPC	Digital Storm	42944
17956368	ebeinke	Beth Beinke-Schwartz	1594
7081402	bonniegrrl	Bonnie Burton	64335
2174465263	FrankDarabont	Darabont News	23740
135263006	joe_dante	Joe Dante	99693
177282087	RobertBEnglund	Robert B. Englund	63475
2324788620	TheRickBaker	Rick Baker	21687
727383223	MJC81NJC12	MARCO CARVALHO	33
441532246	NickxMartin	nick martin	189
799106221	The_DonRoy	Don Roy	486
70775995	MarkAgee	Mark Agee	7692
18381058	aperfectcharm	aperfectcharm	546
70587360	ADAMATOMIC	adam	22122
344836378	TheBruceVilanch	Bruce Vilanch	1833
563232107	BryanRenno	Ryan Benno	1275
16008484	idinamenzel	Idina Menzel	652139
1183041	wilw	Wil Wheaton	2838594
244293586	RealMichelleT	MichelleTrachtenberg	377409
1636590253	tim_cook	Tim Cook	1203848
428248880	dongatory	Dong Nguyen	145873
584087160	FcpnchStds	Facepunch Studios	19171
1542707718	playrust	Rust	39175
10427682	perrinkaplan	perrinkaplan	1329
20571756	satyanadella	Satya Nadella	433568
1411602468	JhonnyAppleweed	Bryce Dalton	60
143680246	tedregulski	Ted Regulski	526
259451305	madmanmendez	Mike Mendez	3033
15642209	laura_hudson	Laura Hudson	19519
33473521	zeldawilliams	Zelda Williams	245651
14438306	DannyTRS	Dan Trachtenberg	33059
22567330	HenrySterchi	Henry Sterchi	1012
16266012	Saxs	Saxs	769
1472955774	proj_spark	Project Spark	17166
177820708	chaosTechnician	Adam Ellis	531
99567847	thrmoptc	Neil Alphonso	1162
229219088	_juliannemoore	Julianne Moore	612983
159563518	Squirreljustice	Nikki	8208
40931468	NoahGarfinkel	Noah Garfinkel	8937
97781150	caribouloche	Caribu	669
633088163	candidSlice	Candid Slice	2124
35604279	Vectorpark	Patrick	3520
31493420	Chrixeleon	Chris Chung	1147
14105805	Bigrebo	Blake Rebouche	536
9866582	film_girl	Christina Warren	69106
457003881	SusanMartinNC	Rep. Susan Martin	1385
1239543974	ChuckMcGrady	Rep. Chuck McGrady	1517
178385980	BillBrawley	Bill Brawley	1546
23107343	TimMoffitt	Tim Moffitt	2307
1911315536	SenatorBobRucho	Bob Rucho	908
1582853809	HistoryInPics	History In Pictures	2453455
1490721924	EldritchGame	Eldritch	1086
18908032	dphrygian	David Pittman	2212
209571438	peterbcooper	Peter Cooper	967
26264758	trumpetcake	Ted Travelstead	38194
17982957	Badmojo74	Brad Nieder	118
418461655	5toVe	Min Kim	1274
116952434	hastr0	Hastr0	124630
26548315	soledadobrien	Soledad O'Brien	388814
175479505	redbullESPORTS	Red Bull ESPORTS	156198
22087738	capnsmak	Sam Kennedy	7690
19040580	Slasher	Rod Breslau	38182
1639186040	BackwardNC	BackwardNC	2088
259517211	TheSeanMcGowan	Sean McGowan	464
629700043	BlindMelee	Liz K	685
145096998	stuz360	Stuart Beattie	1213
24057172	MarcMerrill	Marc Merrill	67522
15111389	breagrant	Brea Grant	47145
418279718	JUSTINBAILEY12D	Justin Bailey ------	2070
16665995	ohvaquer	Oliver Vah-Care	6199
405323682	jhaletweets	Jennifer Hale	40903
175776564	RaleighCitizen	Raleigh Citizen	13067
1068691076	RaleighReporter	Colin Campbell	3187
241745370	ThePhoenixJones	Phoenix Jones	12734
296897133	Fauxtaku	Fauxtaku	5829
858845101	petermooreEA	Peter Moore	14713
48483283	JudahGraham	Judah Graham	402
57645939	toppscards	Topps Company	85987
25003426	BarryNardone	Barry Nardone	222
46146200	GIBiz	GamesIndustry	52168
948285313	jasonclinemusic	Jason Cline	104
309482706	lgilbride	Liam Gilbride	81
10938882	zaphodgjd	Graeme Devine	4750
17140787	lauralollipop	Laura Massey	42942
14269220	thevowel	Eric Neustadter (e)	49235
12844862	Atheris	Clint Bundrick	478
17467975	kevinrieplmusic	kevin riepl music	2426
657863	kevinrose	Kevin Rose	1571835
163142066	oh_shaunnna	shauna	396
7040932	tonyhsieh	Zappos.com CEO -Tony	2776938
32413697	hmcdrummergirl	Heather Cerlan	579
45977075	RahkToro	Sarah Santoro Thor	296
17059795	davideddings	David Eddings	2221
2203279562	StationRaleigh	The Station 	838
177388963	AvrilFoundation	The Avril Foundation	154508
20480772	sonicmayhem	Sascha Dikiciyan	24421
185457171	MargaretKrohn	Margaret Krohn	25845
114019911	KYR_SP33DY	KYR SP33DY	789696
14676415	glittervelocity	Bryanna Lindsey	1605
138803313	IRodzillaI	Rod Saunders	252
48982378	DowntownRaleigh	Downtown Alliance	19366
342263304	WRALOutandAbout	WRAL OutandAbout	12061
275657733	Robotpencil	Anthony Jones	5448
89054835	seshaf	Sesha Gaston	197
1018959638	Stuesday8	Stuart Fitzsimmons	111
349211585	HelloCakebread	Davey Wreden	10617
612001930	Meal_Worms	Dave Burke	300
5659342	giantsquidgirl	Anna Sweet	1274
991784670	AngieSmets	Angie smets	1223
43058074	maddythebaker	Madeline Olin	346
358416105	superkatjones	Kat Jones	541
18720595	serafinowicz	Peter Serafinowicz	736039
21927520	PA_Megacorp	Penny Arcade	39195
14326533	rkhoo	Robert Khoo	32918
17031260	Joygirl007	AJ Glasser	3031
722815111	InnovateRaleigh	InnovateRaleigh	3210
7402032	joebraidwood	Joe Braidwood	2621
437049774	wol_lay	Wolfram von Funck	98714
16104418	SteveSwink	SteveSwink	4860
1861393146	BlizzHeroes	Heroes of The Storm	211524
1924364738	SarahMGellar	Sarah Michelle	439449
1289523668	OakCityMeatball	Oak City Meatball	739
15925067	brooksbell	Brooks Bell	3155
21627708	BonnerGaylord	Bonner Gaylord	4730
351645750	RaleighRoundup	Raleigh Roundup	153
42076539	danielkayser	Daniel Kayser	7394
520031877	K2theSwift	Kim Swift	5302
1658573792	EVEValkyrie	EVE: Valkyrie	4886
139239482	XboxSupport1	Xbox Support	108647
501099084	MO_Pokethulhu	David Reid	4355
458058524	therealmikeym	Mikey McCue	335
769886671	whoismaxwell	Max Burlingame	6750
14873854	Graham_LRR	Graham Stark	16630
969712602	mejerwall	Marie Mejerwall	571
834638582	AW_Hayl_YEAH	Hayley Williamson	358
1414176037	EpicJamesG	James Golding	1777
24608680	thejoelstein	Joel Stein	926454
402181679	BuckyIsotope	Bucky Isotope	70611
64028186	Randygbk	Randy Greenback	542
15375238	codemastermm	Andrew Kane	4170
21443276	davidkushner	David Kushner	7948
1083913442	davidschickler	David Schickler	1448
54795290	AllieBrosh	Allie Brosh	144614
19426729	steelers	Pittsburgh Steelers	958545
34986939	TaraZM	Tara 	943
1227761413	EpicMegaGamer	Epic Mega Gamer	126
848003329	axiomesports	Axiom eSports	15267
52645432	Simonunger	Simon Unger	733
17264476	Spacekatgal	Brianna Wu	40227
30754933	jjzanin	Jeremiah Zanin	144
14968695	whitney	Whitney Hills	3263
14424667	crixlee	Cricket Lee	5806
68796392	rusmclaughlin	Rus McLaughlin	1264
101633415	IRachelLara	Rachel Lara	21990
261001122	Its_Pink	I'm no Avon Lady	3418
434587666	RedbeardCaptain	Captain RedBeard	2313
14111650	skydart	Chloe Dykstra	84534
1380514136	techillusions	Technical Illusions 	2344
15784621	jeriellsworth	Jeri Ellsworth	23194
9431932	KonasKorner	Kona	3287
254668093	iantcummings	ian cummings	472
542901683	Playing_Dad	Tim	21004
3451021	iscoff	sweaty five dollars	19601
263352652	Hooper_777att	Matthew Hooper	2086
224940694	pervognsen	Per Vognsen	739
46204983	BalanceIsKey	Will Gibbs	659
1684427515	SUPERHOTTHEGAME	SUPERHOT	10998
23484067	hopsin	Hopsin	453227
137577423	RobSmithUTB	Rob Smith	10718
31504542	Saints	New Orleans Saints	656514
1502110711	ChineseRoom	The Chinese Room	7449
112432842	worldoftanks	World of Tanks	99227
18605897	joe_hill	Joe Hill	225139
1697378113	adamHeidrickk	Adam Heidrick	283
18519106	GBDudersFeed	GB Duders Feed	8377
97723429	lazygamereviews	Lazy Game Reviews	16673
1000777562	CamDrome	CamDrome	498
546694589	AGschwari	Andreas Gschwari	269
54600611	cwbuecheler	Chris Buecheler	1317
1691199072	Gingafett	Ginger Larkins	27
1245320090	dubstep4dads	cool as h*ck turtle	74418
837078331	chetprtr	chet porter	35651
41875694	lawblob	lawblob	57077
9729502	travisk	travis kalanick	80249
24795863	FamousAspect	Ethan Levy	1200
49793447	timalamo	Tim League	18264
705211656	ErnestWAdams	Ernest W. Adams	1104
33529138	PR_Flak	Matt Frary	1015
1450649707	BeTerrible	TERRIBLE PEOPLE LLC	94
63816907	Coolio	Coolio	218303
69724763	TaraMBruno	Tara Bruno	279
72901894	awesomelygood	Charlie Schmidt	65
1202267503	glassvideo	Glass Video TV	2310
982040378	chetfaliszek	Chet Faliszek	4411
110830315	sethkillian	Seth Killian	28629
123574362	FANGORIA	Fangoria	79350
91124914	ggcox	Greg Cox	2874
15078306	fullbright	Steve Gaynor	86885
12298182	ninjaharlot	Imperator Mimosa	5367
612678415	GoneHomeGame	Gone Home	8243
1236134720	Fanshees	FANSHEES	6467
517056419	SuperBluez	Demond Rogers	149
517767775	Jen_Valenti	Jennifer Valenti	890
920016427	BuyMeBrunch	Buy Me Brunch	4492
22258315	GameStop	GameStop	796321
1514496222	EpicVogel	Daniel Vogel	877
21707648	Boywhiz88	Dan Grittner	937
1457323422	emma_blez	Emma	156
33762886	Jeremy_Snead	Jeremy Snead	604
607472851	videogamesmovie	VideoGames:TheMovie	747
103152872	LadieAuPair	Tower of Tara-r	1093
106238507	themaxuz	Max	273
1630970588	ChoochooTane	ChooChoo tane	4
275754574	HelenHunt	Helen Hunt	209254
7410792	jonjones	Jon Jones	4332
37824627	chrissvensson	Christian Svensson	1223
20959382	Jtropper	Jonathan Tropper	10722
15603374	origiful	Ian Padgham	44680
156505041	antonystarr	Antony Starr	42170
16957618	GregYaitanes	g	311824
138130741	Liliflower33	Lili Simmons	47764
17947552	ivanamilicevic	ivana milicevic	55276
14335435	NCGOP	NCGOP	13982
63207451	robpsimpson	robert simpson	9106
66602794	PatMcCroryNC	Pat McCrory	29763
19738805	br	Brenda Romero	80131
7565302	GameTrailers	GameTrailers	490876
22141633	shannonloftis	shannon 	1454
20458886	amgo	Annette Gonzalez	4690
602493926	TheElmagoo	Benson Russell	1141
266043405	Ninjafr4me	Mark Richard Davies	1781
21166244	BrandonBeck	Brandon Beck	41514
12801162	ErrorJustin	Justin Davis	18901
304089779	TheJeffBridges	Jeff Bridges	124501
15463226	LikChan	Lik Chan	2451
10540912	ericschwartz	Eric Schwartz	19454
51413329	CallMeChirps	Chirps	290
112900230	aaronloeb	Aaron Loeb	749
58166411	echofon	echofon	2973234
17999087	kristincognito	Kristin Craik	375
175149802	robyn_vo	Robyn Vo	13916
123905976	FattMernandez	Matt Fernandez	9626
62593760	GameOverGreggy	Greg Miller	212145
189292296	PhilTippett	Phil Tippett	13502
14705604	halhickel	Hal Hickel	5986
394216985	NerdistDotCom	Nerdist.com	193105
586671909	vine	Vine	14170709
228898436	Kyle_Lippert	Kyle Lippert	43285
15661871	donttrythis	Adam Savage	1218077
92717138	idriselba	Idris Elba	1429329
153181186	SteveAmiri	Steve Amiri	19040
1140687608	FirstDateBway	First Date Broadway	5970
66434859	bazecraze	Alex Baze	110508
20219292	robotpants	Nick Ahrens	2490
1485342474	MoralMondays	Moral Mondays	7706
17560096	S_C_	Mr. Carter	3182202
434650027	J2thecarpenter	Jennifer Carpenter	204888
900868190	SandyofCthulhu	Sandy Petersen	1201
16230687	geoffkeene	Zag	2064
7852172	JINX	J!NX	49624
117841512	themightylayman	Infuriator Laymanosa	9576
3494241	Rob_guillory	Rob Guillory	11192
18424289	AJENews	AJE News	809947
217244069	JessConditt	Jessica L. Conditt	6565
19722699	PopSci	Popular Science	508699
17158189	MikeDrucker	Mike Drucker	62395
399694528	Ed_Fries	Ed Fries	743
6608332	arnemeyer	arne	17981
15195150	garfep	Andrew Goldfarb	37732
15488968	johntdrake	johntdrake	25203
245216538	BlakeBoston617	SCUMBAG STEVE (REAL)	5959
763904	rachaelschafer	rachael schafer	717
17358032	jmpaul	Jason Paul 	3329
35773039	TheAtlantic	The Atlantic	1002347
237380802	tpbdotorg	The Pirate Bay	89323
555483094	Oak_City_7	Oak City 7	1425
110857601	christymarx	Christy Marx	1057
16955991	Salon	Salon.com	496326
10380732	tpb	The Pirate Bay	148732
30508215	NeilHamburger	Neil Hamburger	83585
1339835893	HillaryClinton	Hillary Clinton	3579879
611986351	KimDotcom	Kim Dotcom	460743
113254439	PTibz	Pheebs Tibbletoast	7236
249391859	damonshelton	Damon Shelton	536
28492064	odie305	Andrew 'Odie' Odella	520
22275457	AngryJoeShow	Joe Vargas	166167
2425151	facebook	Facebook	13908995
130269789	redchurch77	Eric von Rothkirch	226
19599487	RalPublicRecord	RaleighPublicRecord	3412
963863533	mmaballer13	Believer	68
36803580	steam_games	Steam	2703202
22739224	hannahlyon	Hannah Ham	388
109371631	brendaniribe	Brendan Iribe	7420
371224756	iDanTheGunner	Dan Chapman.	1185
599733925	SebViard	Sebastien Viard	5679
18130749	AdrianneCurry	Adrianne Curry	475455
37710752	BillNye	Bill Nye	2177387
15484541	EnameledKoi	Kim McAuliffe	2469
12364172	dsmart	Derek Smart	2317
197095476	gamificationco	GamificationCo	11806
125481462	RealRonHoward	Ron Howard	993791
18655891	wescraven	Wes Craven	237900
243284052	JimCameron	James Cameron	609990
28055721	vr00mie	Vanessa Reynolds	3668
88858980	imfauxreal	Jordan Burt	57346
24964967	SimonRex	DIRT NAMASTE	156646
38492717	Doc_Rogers	Doc. Rogers	468
103975904	TAO_Devil	TAO Devil	1047
146320301	MeatheadMilitia	Brian Jakubson	4178
69722325	Lbeezee17	Larry B Scott	504
350628549	DMX	DMX	311782
19494203	anthonyjeselnik	Anthony Jeselnik	386834
18463380	nathanfielder	nathan fielder	160384
1137712688	KentInPublic	Kent Hudson	1125
14411480	topix_raleigh	Topix Raleigh News	2611
76720160	SonoSushi	Sono	1939
216957871	jason_headley	Jason Headley	1033
17503180	marissamayer	marissamayer	1002990
14230641	ElizaBayne	Eliza Bayne	34429
17222674	charstarlene	Charlene deGuzman	27671
144857193	OfficialGretzky	Wayne Gretzky	94430
773430073	rocket2guns	Dean Hall	107932
20214495	TED_TALKS	TED TALKS FANS	756569
243293725	tom_forsyth	Tom Forsyth	6080
16186995	kickstarter	Kickstarter	999259
6474072	BillB	Bill Budge	2435
1345141826	DorrysDowntown	Dorrys Downtown Deli	111
607495858	GoogIeSuggests	Google Suggestions	7400
54283229	nkolakowski	Nick Kolakowski	2118
1446954242	CollarDuty	Call of Duty Dog	26632
136925642	Mizuguchitter	Tetsuya Mizuguchi	28178
273389397	AnimJack	Jack Ebensteiner	606
20213947	Lulupea	Lyndsey Pendley	308
160679972	kingsbarcadeNC	Kings	5508
13104722	jaugustine	Josh Augustine	7472
606441611	Home_Halfway	Michael	34585
1364930179	WarrenBuffett	Warren Buffett	1023927
90084099	caricevhouten	Carice van Houten	462113
14718975	DPAC	DPAC	23624
249603427	MisterEcoli	Nick Davies	402
19264394	joshrthompson	Josh Robert Thompson	29604
186154646	Cmdr_Hadfield	Chris Hadfield	1358155
14134968	KenttneK	Kent Hudson	118
229221986	80sDonDraper	'80s Don Draper	51253
34743251	SpaceX	SpaceX	814523
325966297	xpatriciah	Patricia Hernandez	10166
14447738	matt_tonks	matt_tonks	126
16017993	Mariam78	Mariam Sughayer	349
419068641	JFBoivin	JF Boivin	109
44196397	elonmusk	Elon Musk	2156579
68730582	GeargoyleMetal	David James	305
15591032	RussFrushtick	Russ Frushtick	14915
257706030	TheDemno	Andreas Glad	124
18516743	TriangleFoodGuy	Triangle Food Guy	10532
71046648	RDUdining	Triangle Dining	6792
1408862610	PatriceDez	Patrice Desilets	5099
478933503	SpleenZilla	Dean Evans	2326
18342955	ABC11_WTVD	ABC11 EyewitnessNews	86222
634369689	EpicIrascible	Billy Bramer	579
446612911	MattLeunig	Matt Leunig	367
16567106	GearboxSoftware	Gearbox Software	878986
36686415	galifianakisz	zach galifianakis	4077802
36686415	galifianakisz	zach galifianakis	4077802
974094300	HudsonDickchest	Matt	1553
48203178	ChrisFranjola	Chris Franjola	98867
114999983	PG_kamiya	 Hideki Kamiya	75858
45870760	abiessener	Adam Biessener	2264
140547998	HLMenckenBot	HL Mencken	10247
343740905	RealKLobb	Ken Lobb	5324
178812809	IAMLenaHeadey	lena headey	487337
152801977	MrCraigRobinson	Craig Robinson	399787
118954104	DJKSTONES	K Stones (Stoneman)	1758
434398279	dtradvocate	daviddiaz	1746
18562038	udayd	Uday D	607
12327132	dtraleigh	Leo Suarez	3014
1166657622	redditoculus	/r/Oculus	557
14134456	HalHalpin	Hal Halpin	1889
30191678	WeLoveDowntown	Triangle Downtowner	23469
18083720	raleighchamber	raleighchamber	20891
803542770	RobertsSpaceInd	Star Citizen	36593
15904273	TriangleBIZJrnl	TBJ Raleigh/Durham	34704
27792033	Travon	Travon Free	41645
17229809	BAFTA	BAFTA	305686
13096002	mikeBithell	Mike Bithell	33152
118820259	ecgconf	East Coast Game Conf	884
282193031	robfee	Rob Fee	92397
1110059894	TheEvilWithin	The Evil Within	58408
14133970	reggiewatts	reggie watts	196437
1330457336	billclinton	Bill Clinton	3582889
15783560	gogoraleigh	gogoraleigh	6914
1287392040	ThatTomRusso	Tom Russo	407
32384339	lightbombmike	Mike Jungbluth	1357
1378320001	Hlulu22	Heather Lewis	207
7765612	aburak	Asi Burak	2766
261733111	Aleissia	Aleissia Laidacker	1988
454446961	RageCave	Corey May	1331
381048540	ChrisMetzen	Chris Metzen	91688
15266125	triangledotcom	triangle.com	12087
23818581	VICE	VICE	966336
613626869	BryanSinger	Bryan Singer	202999
47979952	visitRaleigh	visitRaleigh	26561
16733621	twinksprite	Nicole Lupu	203
12634502	amittm	Amitt Mahajan	995
17556990	RaleighNews	RaleighNews	31088
61061751	eliroth	Eli Roth	263379
19697415	billmaher	Bill Maher	3039486
1209867661	JoshuaOrtega88	Joshua Ortega	557
836760126	Fireproof_Barry	Barry Meade	2024
41267896	americanmcgee	American McGee	8093
820818900	NeoGAFShitPosts	NeoGAF's Worst Posts	7969
18034790	Ahm76	Ahm	21481
845743333	JoyceCarolOates	Joyce Carol Oates	121305
120329535	NellSco	Nell Scovell	21851
8942262	newsobserver	newsobserver.com	68442
18716999	johntv	John Ricciardi	10925
16825289	CollegeHumor	CollegeHumor	799840
30363687	chrisfbartlett	Chris F. Bartlett	556
69945997	igfnews	Indie Games Festival	40597
126819958	jasonschreier	Jason Schreier	16539
31536491	adam_orth	Orthy	2141
1315315027	71shawnr	Shawn Robertson	984
23090217	scslug	Justin Berenbaum	964
389052298	missjudygreer	judy greer	70349
20719205	caitie	Valkyrie AF	4874
206960883	MeredithGLevine	Meredith Levine	239
11226742	edbassmaster	Ed Bassmaster	119077
28719244	katybs2k	Katy Boyd	4218
37788181	Rodriguez	Robert Rodriguez	238637
217158161	DemetriMartin	Demetri Martin	345591
14293310	TIME	TIME.com	7439853
53093039	DeathBot9	Chris Taylor	2566
108737243	BuffaloPokeChek	Martin Newton	82
35369214	lovegwendoline	Gwendoline Christie	174013
27190888	jonmgibson	Jon M. Gibson	1278
64931388	PlutonForEver	Bonnie Ross	10606
362286999	GeekandSundry	Geek & Sundry	138228
14575846	BenKuchera	Ben Kuchera	37813
34678147	andrewstanton	andrew stanton	43592
22324642	RealGilbert	Gilbert Gottfried	316574
64121269	JoshingtonState	Josh Holmes	11088
19858333	PoniesPonies	Kristina Drzaic	1350
40755286	fedalvar	Fede Alvarez 	9317
15933255	ChadLaClair	Chad LaClair	586
22157661	tombramwell	Tom Bramwell	6492
27457788	KevinSpacey	Kevin Spacey	4067067
1328266500	EntropicDev	Jim Brown	3448
15932191	JohnFriendzone	incel garth	779
355711524	AndrewBains	Andrew Bains	219
87975575	artspacenc	Artspace	5909
237890582	DavidBHayter	David Hayter	86470
29249435	StBaldricks	St. Baldrick's	54677
1317841987	HosFross	Jay Hosfelt	464
151894777	HibernianPub	Hibernian Pub	2025
98795912	killscreen	Kill Screen	20416
294306372	PalmerLuckey	Palmer Luckey	16788
221093764	camraleigh	CAM Raleigh	8074
1802651	BlakeRochkind	Blake Rochkind	687
20200580	jtmckeon	John McKeon	218
39289585	iam8bit	iam8bit	60839
30412010	ShaunPeoples	Shaun Peoples	312
19194943	Warren_Spector	Warren Spector	6116
14135009	markdeloura	Mark DeLoura	4054
122318073	Ctodaizzzo	Cory Strickland	134
189160602	Canes_Gameday	Carolina Hurricanes	13157
596484151	PenguinsGMJR	Jim Rutherford	20375
1269837428	_Flor1daWoman	Florida Woman	55331
14627936	TommyTallarico	TommyTallarico	12371
15235235	MaxTemkin	Max Temkin	69371
17525171	Variety	Variety	886684
573694110	DivekickGame	Divekick	5272
563434511	froughol	Francois Roughol	481
1241441	Carol_Orsini	Carol Lynn Orsini	2086
71462368	paulwolfenden	Paul Wolfenden	196
136007115	TangIsAwesome	Christopher Velona	339
224951390	Mega64	Mega64	35713
30614676	alydenisof	alyson hannigan	1050108
182920665	BarnesandNobels	Elspeth Barnes	135
69412557	YemYam	YemYam	303
281559158	allieheatwole	Allie Heatwole	174
6541402	attell	Dave Attell	294012
609762946	ShawnaHamic	Shawna Hamic	762
278051729	LauraKatelyn	Laura Oldham	23
21701757	GQMagazine	GQ Magazine	694914
730694766	PeteEllisEPIC	Pete Ellis	266
1000061780	JNMogren	Joakim N. Mogren	3747
204832963	TheTweetOfGod	God	1968943
27628334	ChaseMit	Chase Mitchell	41172
364488011	RealTimeWWII	WW2 Tweets from 1943	324819
14876672	BeauRyan	Beau Ryan	12515
197821226	carnojoe	Joe Carnahan	19384
714758552	oculus	Oculus	137410
11856762	mattagnello	Imperator Agnello	6403
282392576	GroovyBruce	Bruce Campbell	332935
8265732	noahr	Noah Robischon	9136
76741852	juliussharpe	Julius Sharpe	175794
1228761494	Reddit4Savages	Reddit For Savages	8488
280323698	shelbybonham	Shelby Hill	177
225458203	joehalper	Joe Halper	168
970389937	AliMinus20	1993AlisonHaislip	6097
29732243	natemitchell	Nate Mitchell	5464
47007892	croberts68	Chris Roberts	12110
14650805	paulbettner	Paul Bettner	1412
56768257	femfreq	Feminist Frequency	287138
477118195	BESTRaleigh	BEST Raleigh	994
19132404	KylePeschel	Kyle Peschel	364
278873477	ShaddySafadi	Shaddy Safadi	872
175378976	ChrisWarcraft	Chris Kluwe	188716
357210897	Rob_Pardo	Rob Pardo	30893
821193	slashfilm	Peter Sciretta	161204
20415144	flarb	Ralph Barbagallo	1941
1000262514	SeinfeldToday	Modern Seinfeld	847281
319134879	spazinski	David Spalinski	298
201118561	RaleighDaily	Raleigh Daily	8189
1166531755	OakCityCollect	Oak City Collective	1172
714956772	phillycheesest	phillycheesesteaks	904
125220198	Delaney940	J. Delaney	118
326352660	NothnButAGThing	G. Patel	1130
6819062	onegreysuit	Alan Yu	1499
11997592	kobunheat	Chris Kohler	22228
323977796	SpadeofAces18	Brandon Welch	276
483257341	BitMonsterGames	BitMonster	2240
43990153	martinsweitzer	martin sweitzer	193
19353331	karlstewart	Karl Stewart	5613
126764267	klausiespizza	Klausie's Pizza	4386
55117855	amyschumer	Amy Schumer	1178614
325633686	Legendary	Legendary	169311
1184755045	LynnjaClutch	Lynn Caviness	62
1122192223	_FloridaMan	Florida Man	293392
3442781	DanAmrich	Dan Amrich	8337
320463544	TheJohnDiMaggio	John DiMaggio	73401
12447552	AllenBlum	Allen Blum	151
816653	TechCrunch	TechCrunch	5152487
532406707	XboxP3	Phil Spencer	147788
20659225	amboyes	Adam Boyes	31951
47644077	NinjaTheory	NinjaTheory	26407
119256748	MaxScoville	MAX SCOVILLE	49623
11348282	NASA	NASA	10274259
428333	cnnbrk	CNN Breaking News	26929536
371226442	CowherCBS	Bill Cowher	55645
31080039	lenadunham	Lena Dunham	2211417
5265271	jakestpeter	Jake St. Peter	2638
14269093	Vidgames	Andy Eddy	5442
45862504	IrrationalGames	Irrational Games	245379
1344951	WIRED	WIRED	4591168
3359851	fourzerotwo	Robert Bowling	328851
13687132	joystiq	Joystiq	364137
360964430	KelleeSan	Kellee Santiago	9168
318826335	Mutantspoon	Jordan Walker	1107
115485051	ConanOBrien	Conan O'Brien	16630979
17028313	Tickity	Kendall Boyd	1522
207936757	Respawn	Respawn 	176109
533391904	OakCityHustle	Oak City Hustle	1607
59949396	AnnaKendrick47	Anna Kendrick	4197793
434725454	TroyBakerVA	Troy Baker	127520
15485294	SirWyeth	Wyeth Johnson	480
17926169	PumpkinBred	Christina	421
95974600	MrtinTalbot	Martin Talbot	1503
46426258	PeterMolydeux	petermolydeux	81197
323319539	Lamborghini	Lamborghini	1044990
37045017	guybranum	Guy Branum	41067
630818388	alexisvlake	Alexis Lake	108
23258865	BenjaminJS	Benjamin Siemon	5851
6480682	azizansari	Aziz Ansari	6030697
277188454	FoulkesCarly	Carly Foulkes	15953
1016063940	ebumsworld	Emily Bumgardner	103
253183014	deadislandgame	Dead Island 2	61014
184742646	fightpunch	Darren Bartley	8941
500704345	Pontifex	Pope Francis	6176039
20255162	wbpictures	Warner Bros Pictures	2094178
329746058	BenAffleck	Ben Affleck	1875735
20726007	DJRotaryRachel	rachel lichtman	42627
17225199	lisannepajot	Lisanne Pajot	2475
19507341	tkowalewski	Tina Kowalewski	95
542568683	BESTPORNCOMMENT	BEST PORN COMMENTS	28004
449981046	arpedrio	Pedro Seminario	305
26907714	rashim_lee	Rashim Lee	201
77059348	EdmundMcMillenn	Edmund McMillen	86998
485197487	TommyRefenes	Tommy Refenes	26256
565060157	PixelAcademy	Pixel Academy	274
188196198	RaphLife	Raphael van Lierop	4188
22958268	nikolobin	Lina H	1611
963402986	CaptFlushGarden	John Wallin Liberto	381
461966236	NeoGAFNewThread	NeoGAF New Threads	16521
15518530	ShawnElliott	ShawnElliott	18757
403401642	LAZAKNITEZ	LAZA KNITEZ!!	918
18866772	BenjaminCousins	Ben Cousins	6478
17214479	JimSterling	Jim Sterling	95448
268941928	ParisJackson	Paris Jackso	1240686
268479669	VinceZampella	Vince Zampella	62137
14799177	eurogamer	Eurogamer.net	125558
93498250	XboxQwik	Mike Ybarra	12066
90420314	ActuallyNPH	Neil Patrick Harris	16187495
490928022	john_kahrs	John Kahrs	5005
17350365	erikachavez	Erika Chavez	247
18583722	Janefonda	Jane Seymour Fonda	629968
47799910	egoraptor	Arin Hanson	261226
83112392	Uptomyknees	Max Landis	40046
30447805	geoffjohns	Geoff Johns	143125
17349975	lperistere	lperistere	1067
27531390	grumpygamer	Ron Gilbert	64194
596589082	RaleighRunoff	Raleigh Runoff	699
36535572	DanLikesPizza	Daniel Boutros	862
44176460	Monkokio	Bryan Singh	1172
140974298	RicardoBare	Ricardo Bare	785
22467578	sethlouis	Seth Shain	489
250332978	TheDannerofDawn	Daniel Bell	11
27050042	sucittaM	MJ	36746
850386992	KynanPearson	Kynan Pearson	1601
50055701	MittRomney	Mitt Romney	1636040
31241567	Kristige	Kristy Pitchford	7091
469689725	BethesdaStudios	BethesdaGameStudios	269473
26785207	superactionfunb	Kenneth Scott	1638
64619842	CarbonJames	James Green	1600
15143478	RichardDawkins	Richard Dawkins	1179362
18791598	JZig	Ben Zeigler	475
14956372	WRAL	WRAL NEWS in NC	132290
812624900	dr_deLACEous	Lacey Berggren	226
18811197	VinceFennel	Vince Fennel	686
74546233	SittiRestaurant	Sitti Restaurant	4303
40546685	wayne_nesbit	wayne nesbit	26
135563699	paigealexandra	Paige G	76
425553421	EveryTweet_Ever	Every Tweet Ever	47372
15179685	blainh	blainh	2595
306232814	OskarBurman	Oskar Burman	2972
788525034	AnneRomney1	Anne Romney	784
25181058	robauten	Rob Auten	493
14867598	DougStanhope	Doug Stanhope	223485
34182966	dougMakesgames	Doug Holder	1157
21648329	iki_ikram	iki	778
129988769	HighMoonStudios	High Moon Studios	15174
588115227	PitfallCreator	David Crane	1312
29143283	j_smedley	John Smedley	78466
50184013	asvpxrocky	LORD FLACKO JODYE II	880153
14580215	retailsails	Steve Parker	901
18322792	KatzLives	Jeff Katz	9530
42057383	k_wolfkill	Kiki Wolfkill	10202
20015311	rickygervais	Ricky Gervais	8304789
307044653	PWatamaniuk	Preston Watamaniuk	5277
21224587	EvNarc	Evan Narcisse	5934
15473958	MarsCuriosity	Curiosity Rover	1899506
237934241	g_shonk	Grant Shonkwiler	1537
101545663	NiallHanley	Niall Hanley	305
89260471	RealKBeckinsale	Kate Beckinsale	101408
451730599	VfxNomad	Franois Antoine	45
29745197	SMeadors	Sara Meadors	77
37660719	Ken1555	Ken-ichiro Imaizumi	10361
110819309	milynnsarley	Milynn Sarley	43448
52968650	michaelpachter	Michael Pachter	42709
18733901	jetjevons	Dan Jevons	795
17884126	wzeger	warren zeger	125
80096621	BryanCranston	Bryan Cranston	1800963
15041504	JonHBerry	Jon Berry	108
18891923	EricCantor	Eric Cantor	228684
194677810	thenerdmachine	The Nerd Machine	81996
14796547	Rob_Reid	Rob Reid	1562
13198	markpinc	mark pincus	57994
51201053	colinkane	Colin Kane	25317
101798589	Maisie_Williams	Maisie Williams	901806
165699949	JennaMarbles	JennaMarbles	143335
15693493	funnyordie	Funny Or Die	9791919
41888066	RaleighDLA	RaleighDLA	5699
222226917	ilikebeth	Beth EiserlohJohnson	260
19279990	donaldglover	childish gambino	1761589
322786017	ScottPorter	Scott Porter	93676
16265412	abbieheppe	abbie heppe	28919
14275649	taylorkurosaki	Taylor Kurosaki	2876
275686563	verge	The Verge	893187
88259214	Design_Cave	Jonathan Morin	6811
14235263	bRoundy	Brian Roundy	1252
148497957	franklez	Frank O'Connor	30580
14750463	JoshAtXbox	Josh Kerwin	4387
52865549	pnicolai	Peter Nicolai	237
107336879	Jonathan_Blow	Jonathan Blow	73281
151677792	BrianSaysStuff	Brian Erice	687
285282053	GwynethPaltrow	Gwyneth Paltrow	2146817
308795969	DMC_Ryan	Ryan McCaffrey	45057
143482316	krillbite	Krillbite Studio	7395
20402945	CNBC	CNBC	1948239
28039629	Jason_Rubin	Jason Rubin	12723
45784061	manveerheir	Manveer Heir	12878
536982365	Oren_Peli	Oren Peli	4601
14381574	phunnel	Ryan Geddes	5633
27393712	MacLethal	MAC LETHAL	67929
18225633	provenself	Peter Rubin	4205
15850163	NicCageMatch	Jessie	22121
308079236	IWMarkRubin	Mark Rubin	42640
332638587	aaronpaul_8	Aaron Paul	2463875
19950500	KristianNairn	Kristian Nairn	136034
129883882	HowardMGordon	Howard Gordon	7420
5576542	PHIL_FISH	PHIL FISH	41237
25540290	Blakefreeman	Blake Freeman	93000
334321077	alan_tudyk	alan tudyk	325034
19607121	chillingo	Chillingo	45677
21811091	MandiBierly	Mandi Bierly	7469
244368081	TheMarkTwain	Mark Twain	107629
442175294	thelaurenwatson	Lauren Watson	13156
278778939	shitgirlssay	Shit Girls Say	1961693
1405071	rich_lem	Richard Lemarchand	13168
74231747	JennyJohnsonHi5	Jenny Johnson	416060
15935999	Dedalvs	David J. Peterson	6481
564323949	bob__peterson	Bob Peterson	6575
117620953	mworch	Matthias Worch	2489
26714057	xweazel	Mark Simon	340
478078032	ToddPapy	Todd Papy	3818
451044230	Nathan_Gary	Nathan Gary	1175
15410758	jonathanhawkins	jonathanhawkins	3189
23292594	jtilander	Jim Tilander	1845
113576014	NECA_TOYS	NECA	29677
16871637	ShaneWatch	Shane Bettenhausen	21517
453625502	RyanPalser	Ryan Palser	181
18950402	boxofficemojo	Box Office Mojo	120488
8892822	NikkiGlaser	Nikki Glaser	126693
23129065	JamesonDurall	Jameson Durall	1469
15739966	gameloft	Gameloft	388898
5392522	nprnews	NPR News	3620759
13356642	MikeMcWhertor	Michael McWhertor	17806
21902175	Hibbits	Francis Lawrence	38348
13007812	whedonesque	Whedonesque	72127
19725644	neiltyson	Neil deGrasse Tyson	3700066
681813	avantgame	Jane McGonigal	118649
74594552	AppStore	App Store 	3691785
114546046	Raleigh4u	Raleigh4u	3253
25629019	rianjohnson	Rian Johnson	89186
545558899	DoubleFine	Double Fine	81744
255798674	realjonlovitz	Jon Lovitz	87571
13737822	IvanBrandon	Ivan Brandon	8614
234373824	huffpostmoney	HuffPost Money	11634
21447363	katyperry	KATY PERRY	70304630
227838448	CasperVanDien	Casper Van Dien	91379
18963070	fwong	Freddie Wong	492399
454340464	Polygon	Polygon	258281
18205994	joeveix	Joe Veix	6143
183375604	epictalent	Epic Recruiting	4437
29634406	awintory	Austin Wintory	11912
15002416	scottfeed	Scott Warner	4124
87620061	Ekanaut	Chandana Ekanayake	3664
5506012	tfadp	Dan Porter	3755
525268196	molyjam	What would Molydeux?	1934
7753922	romero	John Romero	51173
14538254	hunicke	robin	7431
292599839	DonRickles	Don Rickles	152825
21879024	tonyhawk	Tony Hawk	3962849
32799740	lopezbobby	Robert Lopez	20345
517914005	JudgeReinhold	Judge Reinhold	8840
3443591	Stepto	Stephen Toulouse	29502
160792752	cullenisprime	Peter Cullen FP	2492
36171035	BrianFargo	Brian Fargo	21791
374355783	WAYgame	WAY	621
19102458	ChrisBellDesign	Chris Bell	4167
14496538	dperry	David Perry	60576
21378183	jmechner	Jordan Mechner	17908
28202547	DoktorZee	Greg Zeschuk	11880
93905958	OneOfSwords	One of Swords	30374
16292537	ryanpayton	Ryan Payton	7807
7194892	jeffrubenstein	Jeff Rubenstein	23015
22997147	WarrenPrice	Warren Price	8604
15419775	JenovaChen	Jenova Chen	29678
815994	NYTMovies	NYT Movies	89170
19103481	Uber	Uber	277097
6400592	dnathe4th	Dom Narducci	1043
17815912	mileskahn	Miles Kahn	15961
116079184	TheTomRusso	Tom Russo	142
194207246	scriptswell	Jay Grenier	212
58396487	danctheduck	Daniel Cook	9262
47429047	locust9	David Goldfarb	22679
127944725	rohanlikespants	rohan rivas	3608
18368859	franmirabella	Fran Mirabella III	13319
404376053	AllianceNewsNet	AllianceNewsNetwork	17128
297472992	GothamImpostors	GothamCityImpostors	5951
14681605	ThatKevinSmith	KevinSmith	2793546
15147397	birbigs	Mike Birbiglia	416457
15190273	vinceruth	vinceruth	6003
18922581	PeerIGN	Peer Schneider	19010
9318232	kristensays	Kristen Rutherford	5828
7710472	pottan	Patrick Liu	15959
3923761	davidhelgason	David Helgason	13317
250791260	JoshBaze	Josh Baze	174578
473311999	L337Eevee	Eevee Bleszinski	917
13236602	leeunkrich	Lee Unkrich	136668
451586190	rupertmurdoch	Rupert Murdoch 	578184
238319766	chrisrock	Chris Rock	3299051
117776832	THEMADDUX	Ron Maddux	106
87571114	talign	Talmadge Blevins	4076
205927384	TextsFrmBennett	Texts From Bennett	249414
14207199	DCDeacon	Pete Hines	31328
27889546	benheck	Ben Heckendorn	12753
234062645	StupidFunWill	Will Wright	17938
23645599	Bethblog	Bethesda Softworks	693438
396278480	solidfog	Mike Capps	12539
60125871	kurtmargenau	Kurt Margenau	4478
17139227	JaminWar	Jamin Warren	6586
38318973	Capy_Nathan	Nathan Vella	15663
48716792	PrettyLarceny	Nate Wells	1883
107383619	NoogyTweet	Dean Dodrill	8616
3096071	WesPhillips	Wes Phillips	8512
82816461	zaford20	Zach Ford	2979
25538903	Samuel_HD	Samuel Gonzalez	267
23991290	ThatTomHall	Tom Hall	7865
24008967	thesulk	Alec Sulkin	617045
22619707	ColinCampbellx	Colin Campbell	6454
382880044	MNightShyamalan	M. Night Shyamalan	47992
245194556	Natorade6My9	Nate Blez	66
53513002	bearmccreary	Bear McCreary	56870
106638964	YahtzeeCroshaw	Yahtzee Croshaw	109122
28823855	johncheese	John Cheese	30943
18755518	kasavin	Greg Kasavin	26134
372944770	PS_TRay	Tramell Ray Isaac	14717
20029472	JimLee	Jim Lee	174973
84447226	kaitlin_olson	kaitlin olson	396959
37871893	EGMNOW	EGMNOW	9600
175624200	ID_AA_Carmack	John Carmack	236091
259984745	LWhannell	Leigh Whannell	22943
288915923	NancyMcFarlane	Nancy McFarlane	6424
67069504	maryannbaldwin	Mary-Ann Baldwin	4846
347412328	PeteNub	Peter Knepley	13329
102237401	joshscherr	Josh Scherr	4218
18951494	RaleighGov	City of Raleigh	27549
182370042	necrosofty	brandon sheffield	8550
33030256	Neil_Druckmann	Neil Druckmann	54711
71876190	DannyDeVito	Danny DeVito	3496079
20212580	DBal	David Ballard	3589
80223386	maurymountain	Maury Mountain	1204
45593345	ProjectTriForce	TriForce	19424
270561718	dongattack	greg h.	2064
154376291	miracleofsound	Gav	23111
27572879	wildspeculation	Justin Richmond	5136
105250713	jasonmustian	Jason Mustian 	18784
180463340	GameOfThrones	Game Of Thrones	2485530
75974281	SamuelLJackson	Samuel L. Jackson	4978456
380072567	NecessaryExcess	Meaghan Flynn 	105
125480126	Nickadoo	Nick Stadler	22994
378223565	sparker	Sean Parker	420645
319020952	quinndelhoyo	Quinn DelHoyo	16604
50532092	tpolamalu	Troy Polamalu	695023
235931430	DrPeterThraft	Peter Thraft	18451
6825792	ibogost	Ian Bogost	79429
376623787	karentraviss	Karen Traviss	2904
24272129	SamGrittner	Sam Grittner	48299
16908436	micheleboyd	Michele Boyd	21673
19953887	Tocom11	Kevin Yanes	1883
29069574	cbalestra	Christophe Balestra	17846
166604379	DarrenFranich	Darren Franich	7735
115547064	seanpierson	Sean Pierson	12774
23976368	TJ_Fixman	TJ Fixman	3311
141701306	THE_ULTIMIZER	David Tyson	397
34011289	LindaTischler	Linda Tischler	6266
28350547	seankernick	Seano Gohard	390
17909016	jason_mueller	Jason Mueller	287
7125992	aegies	Arthur -Boop- Gies	28385
177761707	sdzsafaripark	San Diego Zoo Safari	19096
25723502	brendonwalsh	Brendon Walsh	64928
19223342	GerryDuggan	Gerry Duggan	40891
34068984	DavidVonderhaar	David Vonderhaar	570442
114115460	thejessesnyder	Jesse Snyder	3727
14575076	DBulla	DBulla	923
52757166	jaymohr37	Jay Mohr	319373
12284582	deliciousbees	Dan Teasdale	6534
363426409	Mike_Laidlaw	Mike Laidlaw	19146
82789484	JoeMande	joe mande	1000336
26322751	BallisticGE0RGE	George Lampard	975
363236099	Im_Matt_Green	Matt Green	244
16438354	lilcin3	Cindy Walker	303
14691709	Dtoid	Mr Destructoid	77122
17446621	THR	Hollywood Reporter	1409461
38962746	NolanBushnell	Nolan K Bushnell	13093
17090527	Stigmat	Denis Girard	385
360586355	tjsmith225	joey smith	52
138196004	Ghummy12	Muntazar	104
214680621	Humblebrag	 Humblebrag	248396
14618863	anandshimpi	anandshimpi	18824
18217624	MicheleBachmann	Michele Bachmann	240009
115216851	SupergiantGames	Supergiant Games	161388
22872643	kellyoxford	kelly oxford	621651
50081949	XanderDavisLive	XNDR DVIS	10082
101008987	CKlosterman	Chuck Klosterman	167812
18948268	dlesica	Dennis Lesica	756
15520280	alisonst	alison stroll	6980
16395449	BRIANMBENDIS	BRIAN MICHAEL BENDIS	131598
14290427	ChrisErb	Chris Erb	3456
19162933	PixelK1tty	Natalie Brickell	5775
143242444	gregmoudy	Greg Moudy	220
52344859	BBC_TopGear	Top Gear	1867191
65403323	ViktorALundberg	Viktor Lundberg	3009
29631748	JorgeHinojosaLA	Jorge Hinojosa	1684
272058143	ThePrinceTrain	Prince Arrington	464
16098603	on3nightstan	Stan Press	13442
119900788	crackerbitz	Ashley Ruhl	691
18599061	ChristinaCoffin	Christina Ann Coffin	13116
27580305	oml	Ophir Lupu	552
16093289	jmoledina	Jamil Moledina	2785
301891032	CapturedFiction	CapturedFiction	16
114565592	DanielKWay	Daniel Way	4334
166366871	marisamiller	Marisa Miller	196822
111828954	DanteDCCarver	DantDCCarver	1927
32661253	WhereIsPaulJr	Paul Jr	162000
16786977	Comic_Con	San Diego Comic-Con	621829
28119357	DanHowdle	Dan Howdle	19935
8168122	matthewrex	Matthew Rex	2948
18637160	EliBraden	Eli Braden	69861
61853583	GoWNation	GoW Nation	4106
248882821	creepypuppet	James Wan	91691
300599613	GambleMike	Michael Gamble	17315
89367357	stevewiebedk	Steve Wiebe	4845
66499322	BobbyStein	Bobby Stein	2283
46220856	TheRealBuzz	Buzz Aldrin	866196
14946104	siobhanreddy	siobhanreddy	3362
269047247	bennpowell	Benn Powell	675
248743998	igTedPrice	Ted Price	12188
15681129	Andrew_Reiner	Andrew Reiner	26887
29906221	sidshuman	Sid Shuman	10306
5162861	NintendoAmerica	Nintendo of America	1609221
235649996	isaymynameisjey	Jey 	106
18823495	shinyidol	Collin Moore	2065
16371098	JohnVignocchi	John Vignocchi	13204
151739057	realjoeyfatone	Joey Fatone	163107
42375002	JasonSussman	Jason Sussman	2212
18897157	KMTroedsson	KM Troedsson	19863
16799897	leighalexander	Leigh Alexander	112701
6578472	MRLiepis	Marc Liepis	3722
19746351	ColinWilliamson	Colin Williamson	457
18666623	drewholmes	Drew Holmes	2866
31526315	mkeil	Matt Keil	2429
14090859	gizmogladstone	Darren Gladstone	5039
168497897	MolaramLives	Justin Keeling	650
19802312	DrewMarlowe	Drew Marlowe	1054
2124491	csaw	Cody Sawatsky	323
52594536	Anim8der	Tim Borrelli	2179
41317178	MartyTheElder	Marty O'Donnell	28873
14520151	PirateHearts	J. Kyle Pittman	2392
24225188	TheSMUSpaz	YOU GUYS, IT'S RYAN!	244
16312576	EW	Entertainment Weekly	3665239
27837808	ts_george	T.G.	9794
210195377	LadyMingPR	R P	1105
225704155	ZLow4sho	Zach Lowery	1280
7846	ijustine	Justine Ezarik	1788541
288452305	ABFalecbaldwin	ABFoundation	1061096
15775181	MichaelCondrey	Michael Condrey	305135
154708725	GlenSchofield	Glen Schofield	52370
306472866	BioMarkDarrah	Mark Darrah	14389
130897520	RayMuzyka	Ray Muzyka	63589
20019469	MediaSig	Greg M. Mitchell	2329
30345764	BretEastonEllis	Bret Easton Ellis	533070
28203510	chadkultgen	Chad Kultgen	2373
124179300	tomplunket	Tom Plunket	606
16228398	mcuban	Mark Cuban	3039686
96869096	mrwilford	Michael Wilford	3591
22536055	AmericanAir	American Airlines	1106985
20358448	paulcolls	Paul Colls	552
14155052	crecenteb	Crecente	31592
19240388	noel_llopis	Noel Llopis	7928
37868827	DJWhooKid	DJ Whoo Kid	275086
16079941	GreatWallofChin	Infinity Stone	8388
22084427	robdelaney	rob delaney	1162141
43192807	DisneyPixar	DisneyPixar	4070055
79797834	ebertchicago	Roger Ebert	791304
29356374	SLICK_DISSIZIT	SLICK/DISSIZIT	4124
294430454	CaseyDHudson	Casey Hudson	43104
38555899	vanguarde	Mark Van Lommel	447
65177233	robkrekel	Robert Krekel	2878
6017542	BreakingNews	Breaking News	7579321
258237492	Epic_Ernst	Jeremy Ernst	1157
14939981	questlove	Questlove Gomez	3380480
292220146	AzimDurrani	Azim Durrani	741
73992972	AvrilLavigne	Avril Lavigne	18875841
15485441	jimmyfallon	jimmy fallon	25542872
15222083	Naughty_Dog	Naughty Dog	790542
14165436	fusedfilm	FusedFilm	2489
29403387	michaelb4jordan	Michael B Jordan	211669
107587407	IamDavidPerez	David Perez	107
185911020	ViiET_	Hung	34
45661542	NastyHachiit	Coty Chambers	27
15112961	danacowley	Dana Cowley	11490
282619372	IJazzJackrabbit	Jazz Jackrabbit	106
108758147	NCBulkogi	Bulkogi Korean BBQ	5147
123071061	GunnerGale	Gale Anne Hurd	153481
16220934	rockpapershot	Rock Paper Shotgun	88377
102327566	Swery65	SWERY	25198
27240022	CharlesMartinet	Charles Martinet	16249
5452672	rluckin	Ryan Luckin	4804
15738725	gdgt	gdgt	42515
43662236	ehlien	Billy Buskell	4587
83533045	PezRadar	Adam Fletcher	3178
164081884	UnrealEngine	Unreal Engine	107156
81774685	mozidesigner	Awais Ahmed	1186
29758446	RockstarGames	Rockstar Games	5059371
1979391	checker	Chris Hecker	8922
13369762	CharlieChu	Chu!	3025
18713314	nickjfrost	Nick Frost	1223943
113263147	MisterCtoons	MISTER CARTOON	61550
14503124	burnie	Burnie Burns	378188
6018292	stosh	stosh	4192
195814782	themichaelcaine	Michael Caine	598303
14654965	MLGSundance	Sundance DiGiovanni	95439
23544596	mindykaling	Mindy Kaling	4014429
6603842	Haydude	hayden walling	919
19479431	elenaYAY	Elena Siegman	16848
41533440	BRUCKHEIMERJB	JERRY BRUCKHEIMER	249337
17874544	Support	Twitter Support	3952765
83923191	green_spartan	Mario Sanchez	331
16792453	chrisremo	Chris Remo	69386
52934175	twisted_pixel	Twisted Pixel	9572
23140494	The1Wynn	Chris Wynn	12327
15154217	DavidEllis	David Ellis	21950
14063949	georgeb3dr	George Broussard	16388
36364845	salt_mac	salt mac	2319
18895794	bingfish	bing gordon	11606
14372486	engadget	Engadget	1356875
18948541	SethMacFarlane	Seth MacFarlane	7112755
50000478	Demize99	Alan Kertz	32656
261273757	WagPTallylicker	WaggletonTallylicker	88
46002379	megganpez	Meggan Scavio	10463
17262744	GregRicey	Greg Rice	11647
13402072	vicdeleon	vic deleon	49706
18501326	steimer	kristine steimer	19143
43420736	ChrisOvitz	Chris Ovitz	11840
14199979	ncroal	N'Gai Croal	24754
239082286	JacobMinkoff	Jacob Minkoff	1489
38515515	Byooler	Jeff Farris	776
10115042	donfubar	Jose FUBAR Sanchez	8069
20119483	raphkoster	Raph Koster	13213
5442012	raczilla	Will Kinsler	100876
18776017	ASTROGaming	ASTRO Gaming	595292
15638249	jamesmielke	Friday Nite Dynamite	9892
25126502	DanShoeHsu	Shoe	18960
26978430	lesterspeight	Lester Speight	5936
43926176	MattyJRusso	matt russo	28
15906495	lowtax	Rich Lowtax Kyanka	26851
197317833	GrnEggsnHam	Sam Molloy	236
38430500	developonline	Develop	21594
19370213	Anim8rJB	John Butkus	2627
18445879	hofftv	Cheezus	4835
43170475	AdamSessler	Adam Sessler	232061
5848412	gavinpurcell	Gavin Purcell	20029
36444947	theblairbutler	Blair Butler	47597
31537307	poolesdiner	Ashley Christensen	12476
2034901	agdtinman	Andrew G Davis	1857
23755723	DigSquid	James Golding	48
32593447	mrsclare	Clare G	178
15839551	Monkey_Pants	Ian Milham	5109
20273398	gameinformer	Game Informer	807875
18709570	Teanah	Tina Palacios	72596
241214783	MrLeePerry	Leeeee Perry	6399
7376382	AgentM	Ryan Penagos	1325807
18928583	mikehasnoluck	Mike Henry	1270
24942585	Flak	Stacey Conley	34626
15234657	EA	Electronic Arts	3354413
17552077	xplay	X-Play	164360
11762492	Kizo	Arcade Berg	1016
11591662	jesseschell	JesseSchell	14054
19049747	MeaganMarie	Meagan Marie	21259
20421603	Todd_Roy	Todd Roy	9994
13357022	Remender	Rick Remender	44281
13894102	maxdyckhoff	Max Dyckhoff	2495
15008936	engadgetmobile	Engadget Mobile	135444
16102815	russpitts	Sir Russ Pitts	9395
91043334	isekctv	iSekC	75167
89503894	oliviawilde	olivia wilde	1593036
20356401	evan_wells	Evan Wells	21522
28149277	Mr_Sark	Mr Sark	252283
15053372	rayversus	RAY.VS	39081
27280073	DonaldMustard	Donald Mustard	3304
17530721	noobde	Ed Boon	178223
36311369	DanRyckert	Dan Ryckert	44487
9451052	geoffkeighley	Geoff Keighley	290081
15410058	giantbomb	giantbomb	162928
16589206	wikileaks	WikiLeaks	2570029
219205278	ShittingtonUK	Sean Tejaratchi	46216
807095	nytimes	The New York Times	16946753
85891683	Astro_Soichi	Soichi Noguchi 	509921
20690398	ManMadeMoon	Duncan Jones	190841
14829533	redban	brian redban	131928
10350	Veronica	Veronica Belmont	1747113
15224719	Filmdrunk	FILMDRUNK	29323
18927441	IGN	IGN	2726525
14464369	cwgabriel	Gabe	119997
55656369	CPCharity	Child's Play Charity	30852
21133721	xashleyj	Ashley Johnson	690
16583672	ClareGrant	Clare Grant	43696
17822644	papiblez	Tyler Bleszinski	2131
20489104	RobSemsey	Rob Semsey	4756
34900333	jennajameson	Jenna Jameson	617102
146071420	AdamBellefeuil	Adam Bellefeuil	1469
38682272	RobertKirkman	Robert Kirkman	494823
15666380	nerdist	Chris Hardwick	2597785
33191389	stephentotilo	Stephen Totilo	85547
176904762	babybigdick	Baby Big Dick	855
17356086	TheDailyWhat	The Daily What	16478
207269318	MRSKARENB45	KAREN BLESZINSkI	37
14948898	blairherter	Blair Herter	58314
139162440	pattonoswalt	Patton Oswalt	2250314
21648100	SyfyUK	Syfy UK	30307
24595743	pmolyneux	peter molyneux	104650
168225995	IndianFoodTruck	Indian Food Truck	2415
131926467	davidscottjaffe	davidscottjaffe	37540
15782297	crimsonhexagon	Crimson Hexagon	8605
64488804	IGLevine	Ken Levine	163519
19414296	GI_AndyMc	Andy McNamara	33279
80945435	HeyZeusElvez	Brian Martel	876
38724356	wadebeckett	Wade Beckett	5484
4519121	Oatmeal	Matthew Inman	493306
1715051	SethGreen	Seth Green	1437822
813286	BarackObama	Barack Obama	59745758
2735591	FastCompany	Fast Company	1799326
26280712	Bungie	Bungie	965632
183310940	TheSlyStallone	Sylvester Stallone	1313017
59196713	kahranasaurus	Baenerys Targaryen 	398
16941646	greggrunberg	Greg Grunberg	1488819
142083065	DogHuge	Teddy Bleszinski	3294
138626087	MixedSolutionNC	Mixed Solution	220
112962217	isaiahmustafa	Isaiah Mustafa	90193
20065936	mental_floss	Mental Floss	438401
10085582	taylororci	Taylor Orci	1891
31037985	MarkRein	Mark Rein	23358
14531269	Josh_Hamrick	Josh Hamrick	3904
18222378	50cent	50cent	7564369
20120735	AliciaMarieBODY	Alicia Marie 	38273
18671559	edgarwright	edgarwright	514289
155976326	EpicCog	Joe Graf	9525
15845192	DarickR	Darick Robertson 	5575
121258930	EpicGames	Epic Games	414130
42047882	RickMalambri	Rick Malambri	46000
117652722	HIDEO_KOJIMA_EN	HIDEO_KOJIMA	585802
39680464	ClickNothing	Clint Hocking	11670
15208246	WIREDBusiness	WIRED Business	818001
1712051	guywelch2000	Guy Welch	1543
13215132	io9	io9	122367
12681982	samhouston	Sam Houston	6285
14982315	JamesGunn	James Gunn	176001
172814159	JoshuaEGomez	Joshua Gomez	114395
18125335	aishatyler	Aisha Tyler	400073
8369072	DuvalMagic	Randy Pitchford	296702
11420652	Harvey1966	Harvey Smith	13512
42164376	LisaMalambri	Lisa Malambri	13518
14303746	TychoBrahe	Tycho Brahe	97798
17768307	ZackSnyder	ZackSnyder	332299
8838742	ThatTomHam	Tom Ham	1649
15279452	radiomaru	Bryan Lee O'Malley	96822
18713254	simonpegg	Pegg News	5973558
14563376	garywhitta	Gary Whitta	42046
43514656	MarkWaid	Mark Waid	66942
36385076	ericholmeslive	Eric Holmes	7101
80273245	DRUNKHULK	DRUNK HULK	182417
15122553	bearsaremean	brendon 	40308
19658936	CDCemergency	CDC Emergency	1690195
90703466	ICE_Marrow	ICE Marrow	11226
28474662	cocosworld	Coco	1137803
19595287	aarongreenberg	Aaron Greenberg	23462
28420827	FINALLEVEL	ICE T	537480
22363892	epictanyawatson	Tanya Watson-Jessen	6073
144040563	GearsViking	Rod Fergusson	59836
16252002	alisonhaislip	alisonhaislip	142106
41349418	Seanbabydotcom	Seanbaby	35183
133404204	mrmarkmillar	Mark Millar	60935
20592173	MintzPlasse	Chris Mintz-Plasse	179664
90021519	ChloeGMoretz	Chlo Grace Moretz	1646244
120040824	arjanbrussee	arjan brussee	1434
131319392	Bulletstorm	Bulletstorm	10834
11928542	Kotaku	Kotaku	643812
61166489	adrianchm	Adrian Chmielarz	13175
9275742	Attack	Kevin Pereira	245838
23175658	RHStavis	R.H. Stavis	1497
14075928	TheOnion	The Onion	7522169
12223	jeffgerstmann	Jeff Gerstmann	120214
12513472	cracked	Cracked.com	932448
19658826	newscientist	New Scientist	1669375
24585498	TimOfLegend	Tim Schafer	273823
18208354	joerogan	Joe Rogan	1590270
3564041	cascio	Jamais Cascio	6284
20108560	RottenTomatoes	Rotten Tomatoes	1291649
22677790	Jon_Favreau	Jon Favreau	1850475
50393960	BillGates	Bill Gates	22307674
22028884	JamieMadigan	Jamie Madigan	3154
15575251	MorganWebb	Morgan Webb	199365
14589257	JessicaChobot	Jessica Chobot	184639
84043660	RealCarlosFerro	Carlos Ferro	11356
31353077	NathanFillion	Nathan Fillion	3132880
24083901	ZacharyLevi	Zachary Levi	606385
17728340	mikeyface	Mikey Neumann	15153
15913	majornelson	Larry Hryb	811452
3825281	kenissomewhere	Kenneth Yowell	688
7861312	feliciaday	Felicia Day	2431418
20880546	L337Lauren	Lauren Bleszinski	47343
