593112432295354370,2015-04-28 17:59:58,@galorios6000 Omega Supreme. Because... Well... Look at that NAME!!!
588781016048742401,2015-04-16 19:08:27,@ManMadeMoon ya gotta wonder how much fun it would be to make films one day... :)
588779070113984512,2015-04-16 19:00:43,@RichardAKnaak Amen to that! :)
588777217947119616,2015-04-16 18:53:22,@Lugia_Blizz @INCH75Chris :)
588776680912654336,2015-04-16 18:51:14,"@scottjohnson DUDE. ...DUDE.
#thenerdawakens"
588776514579136512,2015-04-16 18:50:34,"I'm crying, watching this trailer. 'Chewie, we're home.' ....Han, SO ARE WE.   #thenerdawakens"
588776001418567680,2015-04-16 18:48:32,#thenerdawakens
549346327360856066,2014-12-28 23:29:05,@CosmicLin @DaveKosak @MickyNeilson @CM_Lore I'm sure there's a handful out there in hiding... But their power is broken for now.
547944738553229312,2014-12-25 02:39:40,"Merry Christmas, everyone! Wishing you all some peace love and understanding! :)      (...Elvis Costello fan... :P)"
547430446745649152,2014-12-23 16:36:03,Legend of Korra. You should all check it out. Just a killer series. That's the kind of work I want to do when I grow up. :)
536740793998786562,2014-11-24 04:39:12,Thank you all for the kind birthday wishes. Much appreciated. :) #itainttheyearsitsthemileage
513219820155064320,2014-09-20 06:55:14,@IvoThePaladin umm... It IS mature. Garrosh is an adult and made his own bad choices. What's unclear? :)
513219321741729792,2014-09-20 06:53:16,@kathunter @johnnee @RichardAKnaak thank you Richard!!!! :)
513066829166555137,2014-09-19 20:47:19,http://t.co/gV22zJbdKC   KILROGG!
513066641312067584,2014-09-19 20:46:34,"This was a super fun interview with Scott Johnson from the Instance Podcast. Thanks again, Scott! :)        http://t.co/PVVp0zeYlV"
509863058177404928,2014-09-11 00:36:40,Brother Samwise is up to his old tricks.... Check it out!                                           http://t.co/cpXmzlhbDB
507994604449189888,2014-09-05 20:52:06,Lords of War episode 2 up now! Check it!                                 https://t.co/AXEKLrhqsM
504401827773698048,2014-08-26 22:55:41,"RT @moloha95: @ChrisMetzen Please retweet this. It's about an amazing quadriplegic person, Ken, who plays blizz games live. http://t.co/ZDj…"
493112568899059714,2014-07-26 19:16:12,"@mygirlrobot @BlizzHeroes @ShaofHappiness  /excuse me sir, your headlights are on... #stayclassysandiego"
493111890575245313,2014-07-26 19:13:30,"Alright Hall H... Hold into yer butts... :) Is that thunder I hear approaching?
@FubarNick"
477517531909849088,2014-06-13 18:27:06,@Nolan71214425 Just confused as to how the Alliance voting buttons were all apparently broken... So strange... ;)
477517176660717568,2014-06-13 18:25:41,@Darknexr I recommend Warlords of Draenor!!! ...and a lil book called Rise of the Horde by Christie Golden.
472404402343391233,2014-05-30 15:49:21,"Alright Alliance! Support your bike! VOTE for VICTORY!
http://t.co/L0TFnISYDZ"
470640051051716608,2014-05-25 18:58:26,@Wulfsblood138 I think if he proved his loyalty beyond doubt - I can see rare instances.
470422113501716480,2014-05-25 04:32:26,"RT @RTR_JLane: @ChrisMetzen anyway I can get a RT? Doing a 24 stream for Children's Hospital at http://t.co/f4fHhf2o4d
Thank you for all yo…"
469912384896004097,2014-05-23 18:46:57,@devastator82 hmm...
469912026366889985,2014-05-23 18:45:32,@froyofrodo /caught. ...and here I'm supposed to be watching my diet...
469893331879620609,2014-05-23 17:31:15,"@ManMadeMoon congratulations, ya big stud!!!! It's amazing watching you work! #believing"
458351867945177091,2014-04-21 21:09:35,@HeinoBrand @kathunter thanks Heino! :)
458351544409133056,2014-04-21 21:08:18,"@StumpyMonkCTR 
Si. There's a good alt version of the song we did on the album, too. Super fun project."
458103130366816257,2014-04-21 04:41:12,http://t.co/oAKtPaB66l    This was good fun. Gotta figure out how we can record rock tracks for WoW... Not exactly a natural fit. :)
458015744190464000,2014-04-20 22:53:57,Wondercon peeps. Our friend is a 1st yr author. Show me your geek love &amp; check out his Captain Omega book: booth SP-102!
457270340951871488,2014-04-18 21:31:59,"Hey, @Rick_leon - you gonna be at Wondercon? Talk to me, Goose..."
447459829271916544,2014-03-22 19:48:31,@JetSet211 misdirection!
447459474102439937,2014-03-22 19:47:06,"@DrFronkenstine @DaveKosak @Loreology @CM_Lore @FeyMercurial      Not fair! Accurate, but not fair! :P"
436584412059164672,2014-02-20 19:33:29,@notebelow never too young ! Super cute ! :)
425794903260418048,2014-01-22 00:59:50,"@ManMadeMoon congratulations! :) CRAZY. Good luck up there, man! :)"
422198213525770241,2014-01-12 02:47:52,"@MikeRegan31 nope. Medan was meant for something else. Obviously, we've pulled back on him a bit..."
422197618496659456,2014-01-12 02:45:30,@dustin_djc nor-gah-non
422197375004712960,2014-01-12 02:44:32,@BadDogDaddys excellent!
416059204462333952,2013-12-26 04:13:39,@Soulerous I hope we can do more!!!! Was really fun. Really rewarding!
416059018222649344,2013-12-26 04:12:54,@MikeRegan31 @1990Sanji Totally get that. I learned a lot seeing peoples' reactions during Cata. We'll do better with him as we go...
416058219253870593,2013-12-26 04:09:44,@MikeRegan31 @1990Sanji never changed my mind. The story's not over yet... Many miles to go.
416053616022007808,2013-12-26 03:51:26,"@RichardAKnaak thank you, sir! :)"
415692883421716482,2013-12-25 03:58:01,"Merry Christmas, everyone! Wishing you and your families all the best as we head into '14!"
415692473952772096,2013-12-25 03:56:23,"RT @GEbonheart: @ChrisMetzen I wanna wish you a Merry ChrisMetz! I wanna wish you a Merry ChrisMetz, From the bottom of THRALLS heart! (Fel…"
415692234890043392,2013-12-25 03:55:26,"@MikeRegan31 Mike, I see your questions a lot. I'd be happy to answer them if you ask respectfully..."
413810990556266496,2013-12-19 23:20:03,@TheLocksus 'yeh-sarzsh' I think... :)
413810615317061632,2013-12-19 23:18:33,@akaDarcee thank you for the kind review ! So glad your family enjoyed it! :)
413810407698993153,2013-12-19 23:17:44,@druidsfire thank you so much!
413810338614611968,2013-12-19 23:17:27,@KennethJSherman wow. Pretty cool. :)
413810116874350593,2013-12-19 23:16:34,@Netherspark when spirits attain raw physical form they become an elemental. They are the core of an elemental.
413809808866045952,2013-12-19 23:15:21,"@TroubleTahu 1) canon 2) love Argent, hate Scarlet...."
413528115994836992,2013-12-19 04:36:00,http://t.co/YPFxtZwcRt.    Our children's book is ready to launch! This was an awesome review!!!
412414688622702592,2013-12-16 02:51:38,"@FubarNick thanks, brother! :) #crazylongtime"
409858450697355265,2013-12-09 01:34:04,@Bosscelot Hahahaha...
409857844444274688,2013-12-09 01:31:39,#lifeisgood
409857331715784704,2013-12-09 01:29:37,@Andriese_N That just SO made my day. ...pretty cool. :) thank you!!!
409522697140727808,2013-12-08 03:19:54,"@jesse_redhall yes. If other leaders don't like his calls, they don't commit forces. They give him deference in overall strategic command."
405462863638061057,2013-11-26 22:27:34,@DrFronkenstine @Remedeezy @RhoWoW @Loreology :) Apparently.
405402296776798209,2013-11-26 18:26:54,@76ModelMike @RhoWoW @Loreology some devs still get it wrong after me yelling it for 18 years... /shrugs :)
405401048061194240,2013-11-26 18:21:56,"@chafrador @Remedeezy @RhoWoW @Loreology no my friend - you've awakened to the truth! Embrace it, champion! :)"
405400159514677248,2013-11-26 18:18:24,@chafrador @Remedeezy @RhoWoW @Loreology never was. :)
405399501122187264,2013-11-26 18:15:47,"“@Remedeezy: @RhoWoW @Loreology @ChrisMetzen AGREED! 100% No, 200%"".  Like 'dragon'. ALWAYS been that way."
404095027753652224,2013-11-23 03:52:16,@bglasunov thank you!!!
403932951504637952,2013-11-22 17:08:15,"Thank you guys for the birthday wishes and cool cards!!! :) Wow, Twitter rocks for birthdays!!!!! :)"
403711134110203905,2013-11-22 02:26:49,@DrCherylM love it!!!!
402965304239595520,2013-11-20 01:03:09,RT @Blizzard_ANZ: Local @ausgamers had a chance to sit down with @chrismetzen to discuss constructing and unifying story and lore http://t.…
401516080075534337,2013-11-16 01:04:27,@McRjosh that rocks!!!!!!
401515961750007808,2013-11-16 01:03:59,RT @NEligahn: Blizzard has a children's book about overcoming bullying written by @ChrisMetzen : http://t.co/xu90jkC80v . Maybe the communi…
401504878108762112,2013-11-16 00:19:57,@Klutar @Rob_Pardo @FubarNick @ManMadeMoon hahahahahajah
400694260896235520,2013-11-13 18:38:50,@scottjohnson @RussellTilghman we should do so more often! :)
399648227072299008,2013-11-10 21:22:17,"@ManMadeMoon Welcome to the family, baby! You guys were awesome! Good fun at the Con!"
399646777168523265,2013-11-10 21:16:31,@serialxseven THANK YOU!!! You're one of the (at least) five people on Earth that read it!!!! :)
399569724641521664,2013-11-10 16:10:20,"@The_T yes, sir! :)"
399568583425916928,2013-11-10 16:05:48,Thanks for the 'thank- yous' everyone! Great weekend. Great community. I remain inspired by you guys!!!!
399568281901604865,2013-11-10 16:04:36,@kargos_Dk YES! #brothersofdestruction
399567909254471680,2013-11-10 16:03:07,@The_T dude - thank you so much for the cigars!!!! That was very kind! #victorydance Kat and I tried to find you guys to no avail...
399385048035500032,2013-11-10 03:56:30,"Great Blizzcon !!!
I am... Officially exhausted. :)"
399060093469073408,2013-11-09 06:25:15,"@scottjohnson @kathunter was really great seeing you, Scott!!!"
399058908292988928,2013-11-09 06:20:32,@Aurantea wait... I just saw that on Deep Space Nine........
398540020438413312,2013-11-07 19:58:40,@DHStom :) my nerves are holding so far.... #fingerscrossed
397461492787720192,2013-11-04 20:32:59,@NEETchannel G as in goat!!!!
396840217069363201,2013-11-03 03:24:15,RT @FollowAlx: Hey @ChrisMetzen ! I m streaming for Childrens Hospital today with http://t.co/HW2tL1wkXa i would love a retweet http://t.co…
396485635772383232,2013-11-02 03:55:16,"@pixelbat oh, c'mon! It's just 2! ...the biggest 2 IMHO.... but still only 2!!! I'm easing off slowly.... :)"
396365917883338752,2013-11-01 19:59:33,@Shadesogrey @kathunter @Bashiok        Ooof...
394185301142155264,2013-10-26 19:34:34,@MatthewWRossi @Shadesogrey @CM_Zarhym @wowmartiean @oliviadgrace Tformers lore fans seem even more hard-core! :) Glorious.
393866872476557312,2013-10-25 22:29:14,@Shadesogrey @CM_Zarhym @wowmartiean @oliviadgrace #eeeekisright
393826845679841280,2013-10-25 19:50:11,@Jimmyhulahoop @Warcraft it's like Rocky IV.... Drago!!!
393824810595123200,2013-10-25 19:42:06,@wowmartiean @oliviadgrace He does not - but he fears it's inevitable. :) his memory's outnumbered 400-1 in that room! #pickonKosak!
393823710085275648,2013-10-25 19:37:44,@oliviadgrace @wowmartiean ... You're 'crossing the streams' there. My mortal fear of red- shirts is absolutely non factional.
393822821194792960,2013-10-25 19:34:12,"@wowmartiean I'd prefer BLUE shirts!
#solidarity"
393822444714082304,2013-10-25 19:32:42,@zwee @alexxross exactly that! I'm trying to appear as '40' as possible! ...I think it's working....
393822071718813696,2013-10-25 19:31:13,I'm looking forward to geeking out at Blizzcon! I'll be on the look- out for red shirts! #Be gentle.
393820824504786944,2013-10-25 19:26:16,@snochick_18     YES. :)
393819739371229185,2013-10-25 19:21:57,“@alexxross: Has @ChrisMetzen died? He's been afk from twitter for weeks now.” Been sealed away within my isolation chamber...
383654010881732608,2013-09-27 18:06:58,"http://t.co/dhJCLfVp8M

This is looking super cool!"
382157254893379584,2013-09-23 14:59:24,"@sindingjensen 
...it's on a ceremonial stand in Thrall's dwelling. He looks at it every day... I think he suspects he'll need it again..."
382156659327381504,2013-09-23 14:57:02,"@HwataTom 
It depends on the issue."
382156073072750593,2013-09-23 14:54:42,"@Nfernoza 
...Megadeth. :)"
373234277355229184,2013-08-30 00:02:40,"@straynjer @Fresco3 @Ghostcrawler 

Genius!"
372936919270686720,2013-08-29 04:21:05,"@MeaganTC @wowmartiean @CM_Zarhym 

Hahahaha - I'm SO doing that!"
372548756782063616,2013-08-28 02:38:39,"@Fresco3 @Ghostcrawler 
Critter kinda fell through the cracks there, huh? Hmmm..."
372548227557363712,2013-08-28 02:36:33,"@Cladriah @DaveKosak 
No. I think there's a spark of him out there somewhere... Muahaha..."
372075946993401856,2013-08-26 19:19:53,@XaranAlamas THOR (with Cap guest-starring)... :)
371114934311997440,2013-08-24 03:41:09,"@Lilrex2013 
Was that a Magnum PI reference???"
370378204982161408,2013-08-22 02:53:40,@andreasdtjee I'd start with Tides.
370377882704441344,2013-08-22 02:52:23,RT @Nozdub: @ChrisMetzen hia Chris could I have a RT? A geek with a broken heart after a split up in need of some empowerment
368827596923871232,2013-08-17 20:12:06,"@Loreology @KilroyKT 
Thanks brother! :)"
368826992818274305,2013-08-17 20:09:42,@MickyNeilson @DaveKosak @FelSmoke heh...
362720695542755330,2013-07-31 23:45:27,"@MikeRegan31 @Blizzplanetcom 

Really? You don't even know what we picked yet. ...unless you can see the future... In which case... Woah..."
362720239047278594,2013-07-31 23:43:38,"http://t.co/2CIlLPZE8n

The final issue of Transforners: Monstrosity out now on Comixology! 
Things go boom!"
361937734912315392,2013-07-29 19:54:15,"@Blizzplanetcom @ManMadeMoon 

Suprise!!! :)"
361937547187855360,2013-07-29 19:53:30,"@scottjohnson @Revendawn @Hasteur @RhoWoW 

I may have put a few lbs on, but geeesh... :)"
357252195789443072,2013-07-16 21:35:35,"http://t.co/rcWk7Vzz3D

For those of you who love comics as much as I do...

This looks pretty rad. Dig this guy's style! :)"
357198979026522112,2013-07-16 18:04:07,"@Phantom_King420 

He hit puberty earlier than others..."
357198598833831937,2013-07-16 18:02:37,"@Genstrider 

Nihilist orcs?"
354369159246782466,2013-07-08 22:39:26,"@scottjohnson @kathunter 

Scott, I pretty much respond 9 days later on household issues, too. :P"
354368878865944578,2013-07-08 22:38:19,"@Gamer_Qrog 

Would you really want someone that terrible/powerful romping around? 

...hmmm."
354367899290447872,2013-07-08 22:34:25,"@kathunter 

WHAT??????"
350426995529756674,2013-06-28 01:34:41,"@NYShamrock /Irishunite!

I dunno... But I think yer on to somethin there! :)"
350383489079705600,2013-06-27 22:41:48,"@jaygurley 

False. They are universal - not born of physical worlds... It's complicated. :) :P"
350383111672045570,2013-06-27 22:40:18,"@CSFBarolas @Loreology @MickyNeilson 

Ooof. Big task! Good luck!"
346464088529960960,2013-06-17 03:07:30,"@ManMadeMoon @FubarNick 
:) I have a BARREL straight from Lynchburg. You guys need to come over to... sample. Payin' it forward. :)"
345043642056069120,2013-06-13 05:03:09,"Man of Steel.... 

Wow. 
Wow. 

...wow."
342846216503193603,2013-06-07 03:31:22,@Lignar Autocracy. :)
342846059611029504,2013-06-07 03:30:45,"@scottjohnson :) Thanks, Scott! I think you're the only one reading it!!! :)"
342448859357794304,2013-06-06 01:12:25,"http://t.co/641OUez1YT

Transformers: Monstrosity 8 out now on Comixology! Things are getting darker as monsters come out to play!"
337248456869572608,2013-05-22 16:47:52,"http://t.co/rLpd7IWbhZ

Transformers: Monstrosity 7 out now! 
Megatron vs. the Terrorcons! Get it on!"
334787793643524096,2013-05-15 21:50:04,"@matthewjburt 
Oooh - tough one. Lemme chew on that... :)"
334428777331449858,2013-05-14 22:03:28,"@kathunter 
Learning any good German curse-words yet?"
334015247511851008,2013-05-13 18:40:15,"@MLunsted 

YES. Series isn't called Monstrosity for nothin'! :)"
331536175296835584,2013-05-06 22:29:18,"@NatanJNaskin @BrewmasterWansu 

Coincidence?... :)"
331535892676235264,2013-05-06 22:28:11,"@Rob_Pardo @FubarNick 

:) thx! Let the games commence, gentlemen! (...no pun intended...)"
327231742526234624,2013-04-25 01:25:01,"RT @DrOctrololobot: @ChrisMetzen Hi there, any chance of a birthday retweet please? it is my 30th!"
326493362070888450,2013-04-23 00:30:58,"@englishguy @kathunter 
Thx James. Amazing. Humbling. 
Mrs. Metzen sure is cute, ain't she?"
324736373938585600,2013-04-18 04:09:19,"@BrewmasterWansu 
Both names come from same quasi-Hebrew root......"
324635469709189122,2013-04-17 21:28:22,"""It's not an 'S'...
On my world, it stands for hope.""

Thank you, Mr. Snyder.
Thank you, Mr. Nolan.

I'm in."
320256250665394177,2013-04-05 19:26:54,@tylaaaaaaaaa wow - thank you!
320255965796655105,2013-04-05 19:25:46,RT @Rick_Leon: @ChrisMetzen If you liked my Captain Omega comic can you show some love and let people know its now available at Meltdown ...
317422915165511680,2013-03-28 23:48:15,RT @CameronDayton: Want to easily follow the Blackstone haps? Subscribe to this list: https://t.co/P9T0yAtzyj
317015230892875778,2013-03-27 20:48:15,RT @d1eSELxxxx: @Warcraft  @Vaeflare @ChrisMetzen @FubarNick Check out my latest WoW fan art painting. Hunter for the win! http://t.co/7 ...
316966836140912640,2013-03-27 17:35:57,"http://t.co/jnK4tXSer6

Transformers: Monstrosity issue 3 out now on Comixology!"
316755609678647296,2013-03-27 03:36:37,"@Jokerthor 
Sure, if he can find that pesky skull! 
I think Illidan had it rented out last..."
315911354357784576,2013-03-24 19:41:50,@DhanikTV Sargeras
314564302575124481,2013-03-21 02:29:08,"@56bradford56 

Love it!!! :)"
314529756706131968,2013-03-21 00:11:52,"@timvane23 @shieldofaiur 

I hope so, too! :)"
314435360782422016,2013-03-20 17:56:46,"@FubarNick @manmademoon @waughtang @libertystu @rob_pardo 

Hey, guys - we should make a movie!!!
I bet it'd be killer!..."
312793386639822848,2013-03-16 05:12:09,"@Blizzplanet @starcraft @briankindregan @rob_pardo 

Wow, man... Wow. 
It's very humbling to hear how Jim inspires you. Means a lot."
312790289041473538,2013-03-16 04:59:50,"@NeKap @aradinsc @kaijitang 

Hmm... :)"
312383331213926401,2013-03-15 02:02:44,@mahoumelonball Samurai Showdown2!!! Best game ever! IMHO
312382674335571968,2013-03-15 02:00:08,"“@CEMOTucu: @ChrisMetzen @MickyNeilson https://t.co/w2gOQSZslY That's why we are yours fans! EPIC!”

Some sexy chicken legs..."
312041457873731584,2013-03-14 03:24:15,"“@Valomir: @ChrisMetzen orc peon or alliance worker??”

Peon. 

Work work"
312041362914672640,2013-03-14 03:23:53,"“@kathunter: @ChrisMetzen black table linens or red?”

Hahahahahahahah... Stop distracting, dear."
312041149294604288,2013-03-14 03:23:02,"“@DwightCouch: @ChrisMetzen Captain James t or Captain Jean Luke”

Kirk."
312041012291854336,2013-03-14 03:22:29,"“@jhanan: @ChrisMetzen Optimus vs. Thrall?”

Damn... That's like the Gordeon Knot of geek questions..."
312040675568939009,2013-03-14 03:21:09,"“@CEMOTucu: @ChrisMetzen Velen or Nobundo?”

Nobundo!!! He has to work for it!!!"
312040514461499393,2013-03-14 03:20:30,"“@nateblags: @ChrisMetzen bran, muradin, or magni? lets see some dwarf love!”

Magni! 
...was there just a tremor?"
312040137955635200,2013-03-14 03:19:00,"“@Corath: @ChrisMetzen Admiral Akbar vs Grand Moff Tarkin?”

Ackbar!!!! 
Because Tarken can't repel firepower of that magnitude!!!!"
312039906371334144,2013-03-14 03:18:05,"“@RorSChk: @ChrisMetzen Day of Tentacle or Monkey Island?”

Love both / but Monkey Island for my nickel..."
312039666289369089,2013-03-14 03:17:08,"“@Jezi_Belle: @ChrisMetzen Saurfang or Hellscream (Sr)?”

Love Saurfang, but GROM rules.............................................!"
312039434889596928,2013-03-14 03:16:13,"“@maurosuarz: @ChrisMetzen then why it was destroyed with that dwarf forged ""ashbringer""? 

If young Uther had had Ashbringer, he'a won..."
312039123928088576,2013-03-14 03:14:59,"“@Frozencry: @ChrisMetzen How about The Lich King vs Queen of Blades?”

Queen. I think the Swarm would make short work of the Scourge. :)"
312038865324109826,2013-03-14 03:13:57,"“@Dragonours: @ChrisMetzen Nova or Tosh ?”

Nova!"
312038704195706880,2013-03-14 03:13:19,"“@Lactarded: @ChrisMetzen cake or pie?”

Cake!"
312038648587632642,2013-03-14 03:13:05,"“@Jpearceeee: @ChrisMetzen garrosh or varian???”

I think Gsrrosh has proven to be the bigger a-hole. ...which is an accomplishment."
312038218033942529,2013-03-14 03:11:23,"“@Bezlo: @ChrisMetzen Sauron or Darth Vader?”

Vader

...but Sauron would kick his Sith ass..."
312038034143080448,2013-03-14 03:10:39,"“@Salem_AoA: @ChrisMetzen Now here is a real tough one... Horde, or Alliance? :D”

Oh, c'mon...."
312037756970885122,2013-03-14 03:09:33,"“@hitstreak: @ChrisMetzen Uther in his prime vs Arthas w/ Frostmourne?”

Think Arthas still would have taken him. Frostmourne was no joke..."
312037509192380416,2013-03-14 03:08:34,"“@cooljeff2002: @ChrisMetzen is it true you plan to play every role in the upcoming warcraft movie? :p”

YES!"
312037364497264641,2013-03-14 03:07:59,"“@CEMOTucu: @ChrisMetzen In Of Blood and Honor, there's a holy warrior depicted in the church. Is it Tyr?”

As humans imagine him..."
312036815248957443,2013-03-14 03:05:48,"“@ShieldofAiur: @ChrisMetzen INCREDIBLE ending to Heart of the Swarm! Such an emotionally powerful cinematic/moment in the story

Thank you!"
312036593156366339,2013-03-14 03:04:55,"“@onuxdasilva: @ChrisMetzen greatest villain team up? Zero universe/IP restriction”

Dr. Doom and the Kurgan on a road trip..."
312036399811526656,2013-03-14 03:04:09,"“@charonites: @ChrisMetzen Jaina Proudmoore or Lor'themar Theron  in 5.2?”

Lor'themar came out feeling cooler, but Jaina did some Rockin'."
312035889767399424,2013-03-14 03:02:08,"“@helenpforrest: @MLunsted @ChrisMetzen Now Ive had my wow nerdrage we will go back to our regular programming.”

It's good to get it out!"
312035646275452929,2013-03-14 03:01:10,"“@Frozencry: @ChrisMetzen Zeratul or Tassadar?”

Zeratul - but I love me some Tassadar!"
312034832781824000,2013-03-14 02:57:56,"“@saintstryfe: @ChrisMetzen Ok, now the big one: Thrall v. Queen of Blades”

Queen of Blades... But I don't like it!!!"
312007079055482880,2013-03-14 01:07:39,"“@devolore: @chrismetzen Gul'dan or Ner'zhul?”

Gul'dan!!!!"
312006720492806144,2013-03-14 01:06:13,"“@JibbyJabby123: @ChrisMetzen Favorite Hero from the blizzard universe? #HardestQuestionOfThemAll”

Umm... Green guy. Big hammer
Suprise? :)"
312006531212259329,2013-03-14 01:05:28,"“@greenkamrian: @ChrisMetzen Don't have to give details...but the Alliance as a whole needs love too, not just Varian!”

Love inbound."
312006401058816000,2013-03-14 01:04:57,"“@_jcps: @ChrisMetzen Druid or paladin?”

CLOSE. Love both. 
...paladin."
312006168539189248,2013-03-14 01:04:02,"“@MPickett57: @ChrisMetzen The Banshee Queen or the Queen of Blades?”

Queen of Blades."
312005992978190336,2013-03-14 01:03:20,"“@ChaosSmurf: @ChrisMetzen Kerrigan or Queen of Blades?”

Sarah."
312005919015829505,2013-03-14 01:03:02,"“@Gendou: @ChrisMetzen: Megatron or Kael'thas?  #CybertronWasMerelyASetback”

No fair!

...Megatron. :P"
312005755425390592,2013-03-14 01:02:23,"“@_Liam_McCormack: @ChrisMetzen Since you're on a Twitter rampage NOTICE ME!!

Sausages.

That is all.”

I can't un-see that..."
312005444015112193,2013-03-14 01:01:09,"“@Gendou: @ChrisMetzen: Figure out how to write Durotan into the next expansion then hire Peter Cullen to voice him #FrostwolfPrime

/epic"
312004889209348098,2013-03-14 00:58:57,"“@saintstryfe: @ChrisMetzen Turok v. Dinomancers v. Dinobots v. A 25 man raid group - Fatal Four Way - name it.”

Jurassic LARP"
312004085282914304,2013-03-14 00:55:45,"“@inFeZa: @ChrisMetzen Terran Protoss or Zerg?”

Gotta keep it to 2! 
...and that's a hard one!

...Protoss!"
312003900414758912,2013-03-14 00:55:01,"“@MPickett57: @ChrisMetzen Power of the Horde or Terran Up the Night?”

Power of the Horde!"
312003718046445568,2013-03-14 00:54:17,"“@helenpforrest: @ChrisMetzen @Remghar http://t.co/fBKd8rhfIG
Rodimus and Ultra (Blow this Popsicle Stand)”

Wow... :)"
312003199223599105,2013-03-14 00:52:14,"“@LongIsland_IceC: @ChrisMetzen Greatest storyline you've ever come up with.. GO!”

Fall of Gnomeregan. 

They totally gassed themselves!"
312002817206386689,2013-03-14 00:50:43,"“@Gendou: @ChrisMetzen:  Dinobots or Dinomancers?  #GrimlockSmashZandalari”

Dinobots! C'mon..."
312002595487100929,2013-03-14 00:49:50,"“@helenpforrest: @ChrisMetzen Nah Belf - and King Diamond and Mercyful Fate both suck Yak nuts!”

:) hah! 

I do love BE's btw... :)"
312001937363042306,2013-03-14 00:47:13,"“@Remghar: @ChrisMetzen Rodimus Prime or the one who was voiced by the dude from unsolved mysteries?”

Ultra Magnus? 
Ultra Magnus!"
312001496831098880,2013-03-14 00:45:28,"“@druidsfire: @ChrisMetzen Draenei or Blood Elves? ;) ;)”

Draenei. ...but I may be the only one who thinks so. Go goats!!!"
312001270678425601,2013-03-14 00:44:34,"“@justonwall: @ChrisMetzen King Diamond or Merciful Fate?”

King Diamond

...oof. But yeah."
312001008089825281,2013-03-14 00:43:31,"“@helenpforrest: @ChrisMetzen @ I was beginning to think the real CM had been kidnapped by Trion Worlds and”

...and WHAT??? 

..Suspense..."
312000734642192385,2013-03-14 00:42:26,"“@ElliotStelter: @ChrisMetzen Goblins or Gnomes?”

...Tauren. :P"
311999126378250240,2013-03-14 00:36:03,"“@MLunsted: @ChrisMetzen  Enjoyed the dynamic of the dinobots so 
far.Does the ""lose control"" have anything to do with the secret?”

YES. :)"
311998816331120641,2013-03-14 00:34:49,"“@zinellimattia: @ChrisMetzen I bought Transformers: Fall of Cybertron… I will think about you :) Autobot or Decepticon?”

Autobot!"
311998598298615808,2013-03-14 00:33:57,"“@scottjohnson: @ChrisMetzen Loving the new series, dude.”

Thanks, brother. :)"
311972248120610817,2013-03-13 22:49:14,"http://t.co/GeWgpVJwvN

Transformers:Monstrosity issue 2 out now at Comixology! Check it!"
310903120513347584,2013-03-11 00:00:54,"RT @NeKap: For those without iTunes, here's a link to my #nerdgument with Blizzard's brilliant @ChrisMetzen: http://t.co/0iPOItrp2Z"
310903055946235905,2013-03-11 00:00:39,"http://t.co/qti6WDyP8O

Neil Kaplan and I have a 'Nerdgument'. 
Was a fun interview about a wide range of geeky topics! Thanks again Neil!"
310465963961225216,2013-03-09 19:03:48,"RT @NeKap: Nerds, you'll sure want to check out this amazing chat with the one &amp; only @chrismetzen Check out this great Podcast: htt ..."
309766631226224640,2013-03-07 20:44:54,"“@scottjohnson: @Un5uNgHeRo3s I can tell you @ChrisMetzen will be very happy to hear that!”

He is!!!!! :)"
307567782147534848,2013-03-01 19:07:28,"“@Originaljkz: @ChrisMetzen Looks awesome! Did you do the story line or artwork for this issue?”

Story/script with Flint Dille."
307550108172550144,2013-03-01 17:57:14,"RT @comiXology: That Autocracy collection, tell you what, can’t go wrong there with @ChrisMetzen. Really gorgeous stuff in that book. ht ..."
307549865171369986,2013-03-01 17:56:16,"http://t.co/Zu92pS2F60

Transformers: Monstrosity begins! 
Check it out at Comixology!"
306568436228694017,2013-02-27 00:56:25,"http://t.co/pf68u9nn9a

Hell hath no fury....."
306209873425743873,2013-02-26 01:11:37,RT @d1eSELxxxx: @Diablo @Vaeflare @FubarNick @ChrisMetzen My version of Diablo's wrath in my new D3 fan art (High Heavens). Enjoy! http: ...
305172961231527937,2013-02-23 04:31:18,"“@MadFerretLoki: Hey @ChrisMetzen this might be a strange question: But what age are tauren considered adults?”

When their udders come in."
304397564130762753,2013-02-21 01:10:09,That was fun. Quick shout-out to the Playstation Nation! :)
302261009610072064,2013-02-15 03:40:15,"“@MikeRegan31: @ChrisMetzen When are you going to make it so I feel proud to be horde again?”

Soon, my Friend. Soon."
302260029699002368,2013-02-15 03:36:21,"“@d1eSELxxxx: @ChrisMetzen @FubarNick @Warcraft @Vaeflare A new WoW fan art painting I just finished. Enjoy! http://t.co/ahmqBC9K”

Epic!"
298516075484684288,2013-02-04 19:39:13,"http://t.co/xsNgOqjg

Lil Mon morning undead action is good for the brain. ...I think. what were we talking about? 

Gravestompers, y'all!"
298252375699902464,2013-02-04 02:11:22,RT @FubarNick: This one is for @ChrisMetzen Lmao!! http://t.co/qvznLSya
297224506169229312,2013-02-01 06:06:59,"“@maajkemii: @ChrisMetzen are you satisfied with the choice of Duncan Jones?”

Absolutely. Kindred spirits.
Azeroth's in very good hands!"
293164747325595648,2013-01-21 01:14:57,"“@Shadesogrey: @ChrisMetzen Everyone commenting on today's Queue says you play Horde. Mind clearing that one up?”

BOTH. For realz. :)"
292328593768464385,2013-01-18 17:52:22,"“@Nekramess: @ChrisMetzen Can I get  loke'Tar Ogar brother. But seriously do you pronounce it ""loke""'tar or ""lock""'tar.”

LOKE'TAR"
292121465715843072,2013-01-18 04:09:19,"“@Cross313: @ChrisMetzen watching #kingofthenerds ?”

Dude, I live it everyday. :)"
289263029634359296,2013-01-10 06:50:55,"“@FubarNick: Going through the Blizzard Art book brings a tear to my eyes :') This book puts it all in perspective 

Pretty amazing journey!"
287980084097339393,2013-01-06 17:52:57,"“@MartinvanVuuren: @ChrisMetzen Did you play other games last year/this new year? 

Way too much Skylanders with the kids... :)"
287979525424439296,2013-01-06 17:50:43,"“@sierralad: @ChrisMetzen Has the writing crew decided who Warchief will be after Garrosh? I don't want to know who, I'm just curious.”

Yes"
287979446395359232,2013-01-06 17:50:25,"“@Sumadin: @ChrisMetzen @Ohsoewan Heres hoping there eventually will be the need to write another Warcraft game manual.

:) maybe one day..."
287978851760488448,2013-01-06 17:48:03,"“@thavleifrim: @ChrisMetzen isn't it technically also your first job?”

Moebius loop................."
287978743283191808,2013-01-06 17:47:37,"“@Shadesogrey: @ChrisMetzen Did you get to the 5.1 stuff yet? It's marvelous :)”

Totally! Kosak and crew rocked it hard, story-wise."
287977869903294464,2013-01-06 17:44:09,"“@Ohsoewan: @ChrisMetzen Is there anything you would write differently if you knew what you do now?

Eredar/Sargeras story in War3 manual!!!"
287976981511954432,2013-01-06 17:40:37,"I'm lovin the dailies... Fighting a war, Saving the Vale, raising a hatchling...
WoW's a second job again. :)

My poor neglected X-Box..."
286592358039056384,2013-01-02 21:58:37,"“@1990Sanji: @ChrisMetzen Thrall likes peace, diplomancy, and hates slavery. What's his view on Varian being a slave?

He'd hate it."
286031012633407488,2013-01-01 08:48:02,Happy New Year everyone!
284385871778676737,2012-12-27 19:50:50,"“@MikeRegan31: @ChrisMetzen Why did you have orcs start off bad, then wrote them as being good, only to double back?

Complicated folks...."
284385452511858689,2012-12-27 19:49:10,"“@XaranAlamas: @ChrisMetzen Quick Q: Would it be accurate to call the current WC conflict the Fourth War? 

Thematically it is... IMO :)"
283416138765963264,2012-12-25 03:37:27,"Merry Christmas, y'all!"
279775027388358656,2012-12-15 02:28:59,Hold your families close tonight. Love em with everything you've got. It is the only sane response to this... evil.
279769421516521475,2012-12-15 02:06:42,...guess all you can do is pray for those poor families...
279769155027226624,2012-12-15 02:05:39,"Just heartbroken today... As a father, I'm so fucking angry."
278996800931782656,2012-12-12 22:56:35,"“@beckacs: @ChrisMetzen Isnt Falstad dead??”

Apparently not....."
276943328174542848,2012-12-07 06:56:49,"“@LuckyBestWash: Congrats to @kathunter and @ChrisMetzen for forming the most amazing unholy union of nerd ever.”

Hahaha... Thanks! :)"
276551839695122433,2012-12-06 05:01:11,"“@rpandagirl: @ChrisMetzen disregarding current tech limits, what is one thing you would like to see in World of Warcraft?”

Justice!"
276547812865482752,2012-12-06 04:45:11,"“@Shadesogrey: @ChrisMetzen Oh man, Alex Ross is flipping amazing - I'd love to see his take on a Varian/Garrosh fight”

ME TOO!"
276534796962902017,2012-12-06 03:53:28,"“@inyourmowf: @ChrisMetzen I have a huge passion for games and storytelling but suck at maths...

I can barely add and subtract...."
276534579576315905,2012-12-06 03:52:36,"“@Benquo: @ChrisMetzen Dear lore god. How do you handle the lore for so many IP's. 

Coffee and the best damn IP team in the business!!!!!"
276534297761038336,2012-12-06 03:51:29,"“@Shadesogrey: @ChrisMetzen You can only ever read one comic ever again. What's the one comic? 

Kingdom Come (my re-read favorite)"
276202674783911936,2012-12-05 05:53:43,"“@rpandagirl: If @mumper @Ghostcrawler or @ChrisMetzen gave me a twitter shout out for my birthday, it'd make my day complete. 

Happy Bday!"
272526110347120640,2012-11-25 02:24:22,"Thanks for all the birthday well-wishes, y'all! :) I truly appreciate it. 

Twitter ROCKS for birthdays!....
Lots o' love!"
270219253112786945,2012-11-18 17:37:45,"“@rodolfor: @ChrisMetzen @angryorc1 one does not simply walk into Orgrimmar”

Not with ten thousand men could you do this thing..."
270218990234779648,2012-11-18 17:36:42,"“@TreeroyWoW: @ChrisMetzen Who's your favourite new character this expansion, lore-wise ofc?”

CHO!"
270218888602591232,2012-11-18 17:36:18,"“@wowcrendor: @ChrisMetzen Is your favorite character Metzen the Reindeer?”

Mixed feelings. :)"
270218787486314496,2012-11-18 17:35:54,"“@GuildedLady: @ChrisMetzen @kofteburger They're on Jean Grey's health plan.”

Who would insure HER???"
270218689285066753,2012-11-18 17:35:30,"“@AngryOrc1: @ChrisMetzen CAN I KILL GARROSH NOW OR SHOULD I WAIT FOR EVERYONE ELSE?”

Wait. Manners."
270218619760283648,2012-11-18 17:35:14,"“@snack_road: @ChrisMetzen What's the Argent Crusade up to in Northrend these days?”

Staying frosty... (Oh, c'mon! Great pun!)"
270218397877428224,2012-11-18 17:34:21,"“@Protokyomi: @ChrisMetzen Is it just me or is the story going all Game of Thrones-ey here soon?”

Just you. No incest anywhere."
270218278331363330,2012-11-18 17:33:52,"“@kofteburger: @ChrisMetzen bruce wayne's parents do.. sorry wrong universe”

:)"
270218207879626754,2012-11-18 17:33:35,"“@EmperorIgnacio: @ChrisMetzen is aleria confirmed dead or will we ever see her again?”

Unconfirmed. But that'd be super cool...."
270217946700341248,2012-11-18 17:32:33,"“@kibas_paradise: @ChrisMetzen Do pandarians celebrate same holidays? will this be the first winter's veil for them?”

All new for them!"
270217646241357824,2012-11-18 17:31:21,"“@kofteburger: @ChrisMetzen is ne'zhul completely gone gone?”

Far as I'm concerned. :)
Does anyone in this universe ever really stay dead?"
270217359736852482,2012-11-18 17:30:13,"“@teh_Fresh: @ChrisMetzen Why are some trolls big, and others not? 

Diet. Exercise."
270217138848014336,2012-11-18 17:29:20,"“@r_mt: @ChrisMetzen @aharonvennreth what's in store for the scourge under Bolvar?!?

#perhapscoolerthanarthas”

Thawing. Eventually......."
270216902217981952,2012-11-18 17:28:24,"“@HeinoBrand: @ChrisMetzen Can Angels and Demons experience mortal feelings, like pain - while not being mortal?”

Yes. It's... Complicated."
270214236452560897,2012-11-18 17:17:48,"“@AharonVenNreth: @chrismetzen Did the scourge exist before the Lich King and the whole Ner'zhul stuff?”

No. But necromancy was possible."
270214065492746241,2012-11-18 17:17:08,"“@LongIsland_IceC: @ChrisMetzen What are Deathwing's armour plates made of?”

Thought it was elementium... (As of Cataclysm)"
264598260717588480,2012-11-03 05:21:56,"“@MatthewWRossi: @ChrisMetzen Just heard some of your voice work from patch 5.1 - you're doing a really good job on Varian.”

Thank you! :)"
264457127769276417,2012-11-02 20:01:07,"“@Zana_Joe: @Zana_Joe @ChrisMetzen I will be publishing my first book in a couple of months. 

Congratulations!!! That's epic!"
263865379363897344,2012-11-01 04:49:43,"“@Dakirokos: @Ghostcrawler @ChrisMetzen I hope this war continues after Garrosh.

War's good for business. It ain't called
'Peacecraft'...:)"
262596737967996928,2012-10-28 16:48:35,"“@Remghar: @ChrisMetzen So was that really you in the #MooCrew ?”

Nope."
261276072857976834,2012-10-25 01:20:44,"“@MLunsted: @ChrisMetzen why did the words ""You got the touch....YOU GOT THE POWER!!"" Just pop in my head when I read that?”

Serendipity."
261275791395024898,2012-10-25 01:19:37,"“@Shadesogrey: @ChrisMetzen Is...is that guy doing Vol'jin the guy who did Bwonsamdi?”

:) he did Tosh in Starcraft. Talented man."
261275460447641601,2012-10-25 01:18:18,"“@BethybooXD: @ChrisMetzen please, PLEASE! Tell me Thrall will be around... Please....”

3 words: 

hammer... of... Justice..."
260864064039821313,2012-10-23 22:03:34,"“@Splurgekin: @ChrisMetzen You used to voice Vol'jin, didn't you? I noticed he's got a new voice actor-

Yeah, new guy rocks! :)
Fresh blood"
260425292479332352,2012-10-22 17:00:02,"“@sierralad: @ChrisMetzen I think what @VonHerngren means by ""unresolved"" is the whole ""where is his body""

I know - I was dodging. :P"
260421632307372032,2012-10-22 16:45:30,"“@VonHerngren: @ChrisMetzen But arthas death is still a bit unresolved, whats up??”

Unresolved? Dead as a doornail. :)"
260420439556358145,2012-10-22 16:40:45,"http://t.co/PMNmthzO

Flint and I are talking at USC Mon night (29th) if any of y'all in the SoCal area wanna check it out!"
260159705844957184,2012-10-21 23:24:42,"“@Zerde3: @ChrisMetzen Is the position of ""high king"" like the supreme commander position of Lothar? 

Yes. About army focus, not control."
260158871144906753,2012-10-21 23:21:23,"“@GeekyRed: @ChrisMetzen Hey, Metzen, its my birthday. Can I get a Happy Birthday RT?

Happy Birthday!

-Thrall"
259332793576849410,2012-10-19 16:38:50,"“@Tripperson: @ChrisMetzen Is it pronounced August Celestials (like the month) or ""UhGust"" Celestials?”

Like month..."
258618843084238849,2012-10-17 17:21:51,"“@XaranAlamas: @ChrisMetzen Quick question: What's an average Pandaren lifespan? Roughly humanlike? 100s? 200s? Thanks” 
Roughly human..."
258576955530690560,2012-10-17 14:35:24,RT @KevinOldscratch: @ChrisMetzen Thanks for making such an awesome product that we can do things like this! http://t.co/b01YKoIz
257625816756797440,2012-10-14 23:35:55,"RT @FubarNick: @ChrisMetzen 
THERE CAN BE ONLY ONE!"
257625723014103040,2012-10-14 23:35:33,RT @Blizzplanet: @DaveKosak Most packed #NYComicCon ever. Blizzard Publishing panel video here @ChrisMetzen @Kathunter @MikeStackpole ht ...
257582230266859520,2012-10-14 20:42:43,"“@Evilyig: @ChrisMetzen when lord of the clans was made, did u get 2 meet or talk to Clancy Brown? I loved his thrall voice”

He was amazing"
255450354865561600,2012-10-08 23:31:25,"“@FubarNick: Just got out of a two hour art meeting for Blizzard's new IP. This game is going to redefine epic... 

Good jam. Feelin spry :P"
253347277870092288,2012-10-03 04:14:32,"“@The_Firkins: @ChrisMetzen you know they are the Jar Jar Binks of wow.”

How dare you, sir! :P
Hozen are ART!

 ...dookin' wikkit..."
253345495521558528,2012-10-03 04:07:27,"Me lover AND fighter!
...and dooker..."
250490558781485056,2012-09-25 07:02:57,"“@tweeterlesscam: @ChrisMetzen you mean welcome to the load screen D:”

That, too...."
250490323145482240,2012-09-25 07:02:01,Welcome to Pandaria.
248587199933734912,2012-09-20 00:59:41,"""MY LIFE FOR AIUR!""
Actually got to write that in-context today. Oh man... This much fun should be illegal..."
248132295586885632,2012-09-18 18:52:04,"For all you tabletop RPG players out there - this looks really cool! 

http://t.co/marMrTNX

Now, if they'd just bring back ThAC0! :)"
245164252502036480,2012-09-10 14:18:07,"“@MikeRegan31: @ChrisMetzen Please Chris, Bring Thrall back to the Horde, The horde Sucks without him”

...is that thunder, I hear?..."
245018556406841345,2012-09-10 04:39:10,"http://t.co/GtmOwXU7

Russian bad-assness!!! Check out 
Alexander Nevsky!!!!"
244932604300754946,2012-09-09 22:57:38,"Welcome Twitter, the one the only Nick Carpenter, Master in Chief of Cinematics at Blizzard - @FubarNick"
241623638934179842,2012-08-31 19:48:59,"http://t.co/rNrWxIUQ

Tides of War now on sale! Check it out!"
241383020534300673,2012-08-31 03:52:51,"“@dreamtheater142: @ChrisMetzen just wondering... where is kul tiras?”

Bermuda Triangle...?"
240901798909591552,2012-08-29 20:00:39,"“@HappyNerdMedia: @ChrisMetzen At best, the Alliance may not lose, but never seems to win.”

Ever watch Rocky films? It's only round 3...."
240707262509899777,2012-08-29 07:07:38,"“@TheKelpup: @ChrisMetzen Alright. So, Deathwings death to Theramore's event is a year?

More like DW death till end of Pandaria is a year."
240706920195948544,2012-08-29 07:06:16,"“@saintstryfe: @ChrisMetzen big Q: Name and give details on your best and/or favorite D&amp;D character ever.”

Alrich Steelblade Lvl 16 H pal"
240678792526442496,2012-08-29 05:14:30,"“@HausOfKills: @ChrisMetzen You've been weaving the lore for Blizzard for so many years now; what inspires you to keep going?”

Possibility!"
240677604464685056,2012-08-29 05:09:47,"“@alcattle: @wowmartiean @chrismetzen just yesterday you said no @Blizzcon2013 for you”

Don't give up! Just restate..."
240676387801948160,2012-08-29 05:04:57,"“@Gendou: @ChrisMetzen: When do we get to play the Metzen class? (no, Loremaster title doesn't count!) ;)”

That class is NEVER balanced!"
240676056447713280,2012-08-29 05:03:38,"“@Gendou: @ChrisMetzen: Battletech: Yea or Nay?”

Yea!!!"
240675968245710848,2012-08-29 05:03:17,"“@Camivilches: @ChrisMetzen Greetings from Chile &lt;3 I'm a big fan of you :)”

Greetings! How's the weather? :)"
240675832148918272,2012-08-29 05:02:44,"“@MargarineMan: @ChrisMetzen How long have you been writing/creating the lore for Blizzard?”

Lil over 17 years. ...Good Lord....."
240675641828196353,2012-08-29 05:01:59,"“@newblader: @ChrisMetzen how do you feel about pandas?”

Can't wait to BE one!"
240675117934452736,2012-08-29 04:59:54,"“@burnyourwings_x: @ChrisMetzen Can I get a hi? ^_^”

Hi!"
240674868826341376,2012-08-29 04:58:54,"“@jak3com: @ChrisMetzen need more thrall”

/NOTED :)"
240674757098479616,2012-08-29 04:58:28,"“@Nocpo: @ChrisMetzen Do you have a favorite anime? BTW Your awesome!!! Been reading your stuff since I was a kid :)”

Thank you. Macross +!"
240674497961803776,2012-08-29 04:57:26,"“@WilTalbert: @ChrisMetzen Are you going to #Blizzgone this year?”

Aren't I living it???"
240673930409545728,2012-08-29 04:55:11,"“@ConfettiCups: @ChrisMetzen Which house would you be in at Hogwarts?”

Griffindor! (or however ya spell it...)"
240673518554079232,2012-08-29 04:53:32,"“@druidsfire: @ChrisMetzen I was reading Blood and Honor for the umpteenth time on my flight back from SW Celebration. 

Thank you! :)"
240673354175094784,2012-08-29 04:52:53,"“@hashstep: @ChrisMetzen What are your 3 favourite currently running comics?”

Green Lantern
AvX
Aquaman! :)
Transformers RiD"
240672690002878464,2012-08-29 04:50:15,"“@happyh7: @ChrisMetzen Did you take your look from bono, or is it the other way around?”

Other way for sure. :P
Singing style, too..."
240672455671296000,2012-08-29 04:49:19,"“@Shadesogrey: @ChrisMetzen I'd say one of these days you guys should hammer out a timeline...

Working on it. :) Nightmare is right!"
240671906121003008,2012-08-29 04:47:08,"“@Vaeflare: @ChrisMetzen Which #Warcraft novels are your personal favorites?”

Rise of the Horde
Shattering
WotA
Lord of the Clans
Last G."
240671101418631168,2012-08-29 04:43:56,"“@Shadesogrey: @ChrisMetzen Are you SURE about that one? &gt;.&gt;”

Informal internal rule. I'm sure about that, at least. :)"
240666688243245056,2012-08-29 04:26:24,"“@etrnl_sophomore: @ChrisMetzen what's harder to create, the genesis myth or the stories resulting from it?”

Resultant stories. :)"
240666428435476480,2012-08-29 04:25:22,"“@TheKelpup: @ChrisMetzen How many years are between Cata and MoP this time?”

All expansions are about a year apart
(chronologically)..."
240666239301730305,2012-08-29 04:24:37,"“@andrew_delph: I heard @ChrisMetzen doesn't actually do Thrall's voice.  Thrall does Metzen's voice.”

True dat."
238848500769619968,2012-08-24 04:01:34,"Legend of Korra. Did it help you get inspired during the production of MoP’s Cinematic?”

We started before it aired. But yeah, it rocked!"
238848216026722304,2012-08-24 04:00:26,"The Warchief would be AMAZING! I wanna see @kathunter in one - she'd look HOT in a Panda 'Hood”

/visualizing..."
238847448917872640,2012-08-24 03:57:24,"“@Twotrickpwny: @ChrisMetzen Of all the voices you've done...Which makes you feel most powerful?”

Son of Durotan, Son of Garad..."
238156857808650240,2012-08-22 06:13:14,"“@Tybert: @ChrisMetzen so you have one personality named ""thrall"" and one named ""varian"" and they are ""at war""?”
They're hip -just talkative"
238034797551841280,2012-08-21 22:08:12,"“@Shadesogrey: @ChrisMetzen I swear it won't be like being drilled by the red shirt guy. 

What could be?.... 
Sounds cool! :)"
238034147426308096,2012-08-21 22:05:37,"“@verylemonade: @ChrisMetzen I have to know. Do you really own an orange Lamborghini?”

NO. Hah. Ford truck. :)"
238027582476533761,2012-08-21 21:39:32,"“@Asros: @ChrisMetzen so you voice varian and thrall?  Do you have shouting matches with yourself in the mirror?”

Daily...."
237989228703805442,2012-08-21 19:07:08,"“@Glommerwort: @ChrisMetzen Did you voice Varian in the Alliance intro to Pandaria cinematic? #inquiringmindswanttoknow”

He's still me :)"
236589049161326593,2012-08-17 22:23:19,"“@BreakfastLord: @CM_Zarhym @ChrisMetzen Is the human male in the MoP cinematic Tandred Proudmoore?”

No, but we wanted that War2 vibe! :)"
236278458211258368,2012-08-17 01:49:08,"“@bootypantsbear: @ChrisMetzen Favorite bear druid - Broll Bearmantle or Hamuul Runetotem?”

Hamuul. Funner at parties."
236277455063760896,2012-08-17 01:45:09,Thanks for the props on the MOP cinematic! The team outdid themselves yet again! Can't wait to start adventuring!!!!
236276802744619008,2012-08-17 01:42:34,"“@TheElholm: @ChrisMetzen Why is Denmark on the ""globe"" behind the text ? http://t.co/pIVGY3zl”

Answer: Vikings! :P"
233290017030668289,2012-08-08 19:54:09,"http://t.co/kCw0Ln9K

Gravestompers is looking cool. Love the Lil' ghoulie dudes... And chainsaws....."
232645092366766080,2012-08-07 01:11:27,"“@etrnl_sophomore: Ok friends, help me decide, #Pandaria or #Avengers for b-day 41 on 9/25? 

BOTH!"
230019470888955904,2012-07-30 19:18:10,"“@wheelmandan: @ChrisMetzen will there be any epic battle things going on in the next few patchs?? like in BC?

YES."
229685320738820098,2012-07-29 21:10:22,"“@LozEWright: @ChrisMetzen @RhoWoW @Medros PLEASE be a fellow Retadin!”

Of course! Righteous damage!!! :) 
Crap gear, though. :)"
229685089771081728,2012-07-29 21:09:27,"Playing's a very different gear than storytelling. When I play, I wanna get lost in the anonymity - the world-vibe. Orc shaman too close..."
229684159151489024,2012-07-29 21:05:45,"“@RhoWoW: @Medros Perhaps even an Orc Shaman? Nah, I bet @ChrisMetzen is a closet Gnome Warrior.”
Mains are A pally and H Druid! 
:P"
229676192972816384,2012-07-29 20:34:06,"“@Josefbjork: @ChrisMetzen Do you play WoW yourself?”
Less since Molten Front - but I'm psyched for Pandaria! More adventurer than 'raider'."
229397713303789568,2012-07-29 02:07:31,"“@FFPMMarc: @RealRonHoward So Ron, any chance of you directing World of Warcraft movie.  Here, meet @ChrisMetzen”

That'd be... Amazing. :)"
228896648309379073,2012-07-27 16:56:28,"“@jc_sway: @ChrisMetzen I'm LOVING Autocracy. Can't wait for the next one!”
Me too! If I don't get TOO lost in Pandaria to actually write :)"
228632988840251392,2012-07-26 23:28:46,"“@wowmartiean: @ChrisMetzen Grats!  I still have ""get a tweet from Chris Metzen"" on my bucket list.”

Tweet! :P"
228623265361448960,2012-07-26 22:50:08,"http://t.co/85qAE5gv

Transformers: Autocracy TPB now up on Amazon! I'm a legitimately published comics author! Take that, bucket list! :)"
226436933923000320,2012-07-20 22:02:26,RT @rhadeyaz: @JamesPMorrison @ChrisMetzen Woohoo!! My first novella is now published in the Kindle store(s) and slowly selling :) http: ...
225762697424297984,2012-07-19 01:23:16,"“@dailyblink: Today's Daily Blink: The Sincerest Form of Flattery http://t.co/pXXjvk5q  (CC: @chrismetzen)”

Love it! :P"
224350617949306881,2012-07-15 03:52:10,"“@JesseCox: @ChrisMetzen I MAY have just screen-capped this :P”

:)"
224326284187144194,2012-07-15 02:15:28,Lots of love for Jesse! :)
223634220977885187,2012-07-13 04:25:27,"Fun 1st day at the Con. 
The Sideshow booth makes me intensely happy. :) 

And the Transformers:Autocracy trade is out! Makes me happyER!"
219852409055363072,2012-07-02 17:57:53,RT @theunderbase: You think you know #Autocracy? We have the podcast roundtable for you! http://t.co/Rfl8TGKx @ChrisMetzen @LivioRamonde ...
219852268147716096,2012-07-02 17:57:20,"http://t.co/PUdikRGT

Cool podcast with Aimee at Underbase - the team discusses Transformers: Autocracy wrap-up!"
218743954202566659,2012-06-29 16:33:17,"“@blackblacksnake: @chrismetzen what book?”

Tides of War - big new WoW event novel."
218742991072923648,2012-06-29 16:29:27,"“@Atanae: @ChrisMetzen Dark Phoenix Saga was done already. :( Why Can't Jaina be powerful w/o going all boomy-evil?”

Read the book and see!"
218737048629153792,2012-06-29 16:05:50,"“@mezzanineview: @ChrisMetzen More with Tyrande please! :)”

Been thinking about her a lot lately. :)
She needs some love (figuratively)."
218736668717490176,2012-06-29 16:04:20,"“@meesherbeans: @ChrisMetzen My husband and I are going to name our daughter (when we have one) Jaina. 

That's just... Amazing.... :)"
218736311480225792,2012-06-29 16:02:55,"“@michaelwinters: Don't sell yourself short, Blizzard does good work with the ladies, too.”

TYVM!!! 
But always room for improvement! :)"
218735454219014144,2012-06-29 15:59:30,"“@Jezi_Belle: @ChrisMetzen Does that mean Jaina's going to get justifiably murderous soon? Pretty please?”

Rough seas ahead for her. :P"
218735068011700224,2012-06-29 15:57:58,"“@wclaeder: @ChrisMetzen its getting a second season”

That is really good news! :)"
218734655745171456,2012-06-29 15:56:20,So glad there are great female characters like Korra for my daughter to relate to. I'm definitely taking notes. :)
218734037752225793,2012-06-29 15:53:53,"Man, Korra was good! Wish they had more time (episodes)  to let their ideas breathe, but damn those guys can tell a story! :)"
218059164927266817,2012-06-27 19:12:10,I don't understand reviewers these days... I thought Brave was amazing! Pixar just continues to astound me.
215508024800976897,2012-06-20 18:14:51,“@LivioRamondelli: @ladyofwreck @ChrisMetzen  I say it should totally happen:)” :)
215489791112908800,2012-06-20 17:02:24,"http://t.co/xE8Eg3xY

Transformers: Autocracy FINAL ISSUE has arrived! My love-letter to 1986 is complete! Thanks to Flint, Livio and John!!"
213511214096056320,2012-06-15 06:00:14,"So what's the word on Prometheus? 
Gonna try to see it this weekend..."
210829845096169472,2012-06-07 20:25:26,“@HerbieTCG: @ChrisMetzen Damn Metzen you can sing :D http://t.co/EoQQ3Kjk! All of us Geeks bow down to your greatness !”thx! Was good fun!
210168193547898880,2012-06-06 00:36:16,"“@Slvrbolt: @ChrisMetzen Will the be a collection of the full series?”
Yes, air! Planned for July."
210143420432384001,2012-06-05 22:57:50,“@SirBlondie: @ChrisMetzen how many issues are autocracy going for?” 12 in all. :)
210067791972278273,2012-06-05 17:57:19,"http://t.co/aY0AKKgT
Transformers: Autocracy 11 preview!"
208254084174708736,2012-05-31 17:50:17,"@CHRIS_Daughtry great work with 'We Can be Heroes', man. Inspiring. :)"
208250264766001152,2012-05-31 17:35:06,"Finally saw last GoT's episode. 
Tyron Lannister just became my favorite TV character ever....
Holy cow! Y'all digging this show??? :)"
206588140566228993,2012-05-27 03:30:25,"Watching Rescue Bots with my boy...
It's pretty good! :) 
Now if he'll just committ to Prime!"
205806179744612353,2012-05-24 23:43:11,"“@Xenaul: @ChrisMetzen So, if Aidan (Leoric's Eldest) is Leah's Father, does that make her Princess Leah?”

It does!!!! :)"
205360201791053824,2012-05-23 18:11:02,"http://t.co/pahlAUUU

Transformers: Autocracy 10 is now live! 
Things are heating up on ol' Cybertron! only 2 issues to go!"
203551217912250368,2012-05-18 18:22:46,RT @Siriusjay: Huge thanks to @richardroeper @chrismetzen @twhiddleston &amp; today's special co-host @alisonhaislip . GEEKTIME! replays ...
203350328270270464,2012-05-18 05:04:30,"“@franklinnoble: @ChrisMetzen I'm confused.  My D3 Monk looks nothing like a panda.”

:) heh"
203340480715554816,2012-05-18 04:25:23,No spoilers (oops) - but are y'all generally digging the Diablo 3 story?
203148753551622145,2012-05-17 15:43:31,"@MichaelGSteyn 
Transformers published by IDW... :)"
203148483711090689,2012-05-17 15:42:27,RT @theunderbase: Thanks once again to the amazing duo! @ChrisMetzen and #FlintDille Interview now posted! http://t.co/ecFWUlNG #autocra ...
203148389507022848,2012-05-17 15:42:05,"“@MShaneman: ""@kathunter: Finally playing some D3with @chrismetzen"" don't let that noob get you killed! :P”
I died 3X as much as her... :)"
203147863553867776,2012-05-17 15:39:59,"http://t.co/d3XVp9p5

Really FUN Transformers:Autocracy interview (with Flint and I) on the Underbase podcast! Lot of topics! :)
Check it!"
202496060009099264,2012-05-15 20:29:57,"“@CWoodward_86: @ChrisMetzen words of wisdom to anyone worried about D3 spoilers: stay off the Internet!”
...and Twitter, apparently...."
202494592216596480,2012-05-15 20:24:07,"“@LAdP_WoW: @ChrisMetzen Thanks for retweeting spoilers :(”
D'OH. 
Very sorry about that!!!
It was a late night. :)"
202448104887296001,2012-05-15 17:19:24,"“@Talgrimm: @ChrisMetzen The Tyrael's Sacrifice cinematic made me weep manly, manly tears.  Truly amazing. Thanks for all that you do.”
THX!"
202237313550528512,2012-05-15 03:21:48,"D3 launch is ON in Irvine! 
Gonna be a long night of dispensing justice! :) http://t.co/JPDvrsft"
201715806952882176,2012-05-13 16:49:30,"“@RevengeanceQD: @ChrisMetzen I read that in Thrall's voice. #confused”

:)"
201709272306946049,2012-05-13 16:23:32,"""...and at the End of Days, Justice shall fall upon the world of men...""

Take heed, and bear witness to the truths that lie within... :)"
201707985767120898,2012-05-13 16:18:26,Happy mothers day to all you super mommas out there! :)
201479590441529345,2012-05-13 01:10:52,"@el_jefe71 @diablo @angryrobotics 
Al, yer letter is amazing. It's an honor to have been part of your backdrop, man.

Al Bundy - heh.PEG!!!!"
201359141204275200,2012-05-12 17:12:14,"@AdScientist hope your guild digs D3, man! That's old school! Thanks for hangin in there with us! :)"
200659972860817408,2012-05-10 18:54:00,"“@Smoochay: @ChrisMetzen Mr. Metzen, will the events of Diablo: Wrath tie into the story line of #D3 ?”

They certainly 'inform' them... :)"
200649050029174784,2012-05-10 18:10:36,“@Davide_Cerone: @ChrisMetzen Mr.Metzen could you please tell us when in the Diablo timeline the Wrath video is set.”.  millions of years...
200648810576359427,2012-05-10 18:09:38,"Some problems with Autocracy 9 on Comixology app. Working on it. I think it was so epic, it broke the app! I'll tweet back when it's posted."
200054587883929600,2012-05-09 02:48:25,"“@8_bit_librarian: @ChrisMetzen What will you be doing when the game goes live???? 24-48 Straight of D3 like the rest of us? :P”
24 atleast!"
200053857483636737,2012-05-09 02:45:31,"“@DoumStorm: @ChrisMetzen I was surprised you didn't any voice in Wrath. Imperius sounded so much like you.”

Taught him well... :)"
200053405434122240,2012-05-09 02:43:43,“@Preston_B_: @ChrisMetzen It's been a long journey from the announcement to almost release of #D3. Are you as excited as the fans?” MORE.
200053251188592643,2012-05-09 02:43:06,"“@DaleMallonee: @ChrisMetzen what part of D3 are you most excited for, Lord Metzen?”

For everyone to see the cinematics/ story of course!!!"
200052823814193155,2012-05-09 02:41:24,"“@THExDRIZZLE: @ChrisMetzen did you do any voice work for D3? Elaborate if you can ;)”

Nope! I think I'm good and maxed-out!!! :)"
200052620755337216,2012-05-09 02:40:36,"Thanks for all the Diablo props, y'all! 
Our team had a blast working on Wrath! 
Can't wait for next week!!!! :)"
199967864218857472,2012-05-08 21:03:48,"“@nickvda: @ChrisMetzen so, when did Wrath take place? Because if I'm right it should've happened before the Dark Exile, at least” LONG ago"
199967593933709314,2012-05-08 21:02:44,"http://t.co/OomTwDZY

Cool Autocracy quick review!!! 
Check it! :)"
199939024784334849,2012-05-08 19:09:12,"http://t.co/tJnTakUZ

Diablo: Wrath!!!!! Check it out in all of its  2D majesty! :) really excited about this piece!"
199288005012369408,2012-05-07 00:02:17,Stay at the end of ALL credits!!! Best - scene - ever!!!!
199287597045006338,2012-05-07 00:00:40,"Holy crap as in... That was well beyond expectations. I feel high. (oh, c'mon...)
Yeah, it was incredible. And funny. And respectful..."
199284268772507650,2012-05-06 23:47:26,"Avengers...... Holy crap...........
I mean...... Holy crap.........."
198962740851781632,2012-05-06 02:29:48,"@toreap - D3 manual is pretty much the Book of Cain.... :) 

But yeah, I MISS old-school manuals!!! :) They were really fun to make!"
198960359351123968,2012-05-06 02:20:20,“@Kithrak_: Lore from the Diablo I manual w/ illustration by @ChrisMetzen. #Diablo http://t.co/7CBNNzLz” before angels had no faces -RETCON!
198959485425954816,2012-05-06 02:16:52,"“@Kithrak_: Lore from the Diablo I manual w/ illustration by @ChrisMetzen. #Diablo http://t.co/7CBNNzLz”

Old school! :)"
198638365262888960,2012-05-05 05:00:51,@SarlinaVonTare fair enough! :)
198636526471626752,2012-05-05 04:53:33,I feel like Bruce Banner trying to keep it real at a Pantera concert...
198635981627330560,2012-05-05 04:51:23,"Can't see Avengers till Sunday...
AAAAARRGHHH... It's cool... I'm cool...
Gonna make it through this......."
198634647024967680,2012-05-05 04:46:04,@MikeRegan31 Thrall will always be there for the Horde......
198633052010852353,2012-05-05 04:39:44,RT @kathunter: Buy a geeky book and a kidney for my friend at the same time! http://t.co/IAeAzJxI (please RT)
197824718701727744,2012-05-02 23:07:43,RT @robpatey: My Ain't It Cool review of #TRANSFORMERSAUTOCRACY @LivioRamondelli @ChrisMetzen @IDWPublishing:http://t.co/pxxr9GQT
197131496690155520,2012-05-01 01:13:05,"Legend of Korra. Pretty darn good. 
When I grow up, I wanna make cartoons. ...starring tough chicks who punch FIRE! :)"
196038781281910784,2012-04-28 00:51:02,In Dallas for BotCon.... Pretty geeked up! On a panel with one of my heroes - Simon Furman tomorrow! :) That's pretty damn cool.
194892105213153280,2012-04-24 20:54:33,"http://t.co/vKEmJaHS

Cool interview at IGN about Autocracy! 
Flint and Livio sure sound SMAWT! :)"
194815795694534657,2012-04-24 15:51:19,"http://t.co/Kwo4Lvtp

Transformers: Autocracy 8 on sale tomorrow! Orion and Megatron stand as brothers??? That can't last... :)

Check it!!!"
194603495960219648,2012-04-24 01:47:43,@hitstreak HELL YEAH!
194602695397617664,2012-04-24 01:44:32,"I think I'm ready for Avengers... 
I KNOW I'm ready for Avengers!!!
Can I get an amen?????"
192454702305251328,2012-04-18 03:29:11,@Sevanna17 ooh Blue dragons do magic!!! :)
192448955571912704,2012-04-18 03:06:21,Macaroni Grill tablecloth shennanigans... Good fun. :) http://t.co/aTVLbh7o
190259934649270273,2012-04-12 02:07:57,"@Shadesogrey @fathertouk @warcraft 
What was the issue again? :)"
189798655807586305,2012-04-10 19:35:00,"http://t.co/QOlqJGhj

First review of 
Transformers: Autocracy 7! 
I'm used to games popping every few years, this bi-weekly release is rad!"
187670197749030912,2012-04-04 22:37:16,Pandas and Prime Evils fighting for attention in my brain... Like some kind of twisted mental day-care... :)
185542094797025280,2012-03-30 01:40:57,@Killrelite :) :P
185131144818331648,2012-03-28 22:27:59,"http://t.co/juRyR3xW

Transformers: Autocracy issue 6 on sale now at Comixology! Check it! :)"
184360207827206146,2012-03-26 19:24:33,"@rhadeyaz all Horde aren't war criminals, just Garrosh. You'll see. Horde will be pissed at him too. :)"
184359944949215232,2012-03-26 19:23:30,"http://t.co/rCIANY3d

Flint and I chatting more about Transformers: Autocracy! Issue 6 out Wednesday! :)"
181158722511450112,2012-03-17 23:22:59,"Happy St. Patty's Day, y'all! :)"
180877491777441793,2012-03-17 04:45:29,http://t.co/o4sLUZVm
180667749943623680,2012-03-16 14:52:02,"Flint, Livio and I will be signing for Autocracy at Wondercon today at 2:00! 
Cruise by if yer at the Con!"
180035067274477569,2012-03-14 20:57:59,@MLunsted issue 6 in 2 weeks! :)
179704612213886976,2012-03-13 23:04:52,"Don't worry, Alliance! I love ya dearly. There's some epic things yer about to do that will have you smiling and fist-pumping for years."
179689129045524480,2012-03-13 22:03:21,"@MysticalOS FOR THE HORDE!!!

...and 4 the Alliance, too! C'mon, now!"
179677697365118976,2012-03-13 21:17:55,"http://t.co/X1bCLPy1

Flint and I discuss Autocracy 5!... That is when we can keep from talking over one another, that is. :)"
179639919814250496,2012-03-13 18:47:49,@ForTheLore ...writers.... Ugh....
179608131972775937,2012-03-13 16:41:30,"http://t.co/16JkQI66

First early review of Trabsformers: Autocracy chapter 5! I'm excited for it to drop tomorrow! :)"
177912810465001472,2012-03-09 00:24:54,@Gnub it's not correct - certainly wasn't compiled by Blizzard.
177912052331974656,2012-03-09 00:21:53,"@jwebbed sorry. I did retweet Bieber, though...."
177578459302854657,2012-03-08 02:16:18,RT @devastator82: It's my birthday in a few hours and I'm turning the big 3 0. A retweet from @ChrisMetzen would be awesome!
177538107745382402,2012-03-07 23:35:58,"@Gnub  no, no notable voices in Diablo... :)"
177537556118900737,2012-03-07 23:33:46,@XaranAlamas very good! Kermit just for 'green'.... :)
177407277207265281,2012-03-07 14:56:05,@MikeLang13 I'll do what I can. :)
177406956284289025,2012-03-07 14:54:49,"@XaranAlamas sure... Thrall is a mix of Cap, Thor, Batman and Kermit the Frog. I'll leave it to y'all to compute the balance. :)"
177215117371518977,2012-03-07 02:12:31,@Mortred92 yes!
176457258136371205,2012-03-05 00:01:03,"@Thunderclaww yeah, it's a novel. Good one, too. :)"
176457100556374016,2012-03-05 00:00:25,"@terocitas that's a crazy statement, man. :) That's a great honor."
176456689787224064,2012-03-04 23:58:47,"Just watched Hugo. Thought it was amazing. Past all the mega effects these days, makes you appreciate the imagination of early filmmaking..."
175784598930853891,2012-03-03 03:28:08,@ArchitecttheMad @davekosak @ebernardou hahahahahahahah.... Epic reference!!!!
175418767852048384,2012-03-02 03:14:28,@RhoWoW noted!
173619479295688704,2012-02-26 04:04:44,"@Bandito91 1- one of my fav projects so far 2- boy, I hope so!!! 3- oh, c'mon..."
173618846345871361,2012-02-26 04:02:13,@DerpyPie you sure Magni's dead?
172490335073738752,2012-02-23 01:17:55,@Sevanna17 @akamikeb @dailyblink Yes. Very good horse.
171755145527439360,2012-02-21 00:36:32,"@AmarielleEU hahahah workin' on it!!!
Takes YEARS to get ya to care about new ones!!!! :)"
171755142897602560,2012-02-21 00:36:31,@englishguy hmm... Way too soon. :)
171752483868254208,2012-02-21 00:25:57,"If a Warcraft character could come back from death, which would y'all like to see (provided the story was good)?"
171675437238468608,2012-02-20 19:19:48,So how many of you WoW players have played Warcraft 3?
171675336327704576,2012-02-20 19:19:24,@XaranAlamas I'll see what I can do. :)
170558127924707328,2012-02-17 17:20:01,@Jamesski86 excellent parenting!!!!
170558017253818368,2012-02-17 17:19:34,@Aerisot totally! Was so rad. Killer animation - his limp... How his head swivelled....
170557720968167425,2012-02-17 17:18:24,@MagdalenaDK Hahahahah - totally. Still roughs me up. :)
170557575891398657,2012-02-17 17:17:49,@ninjasuperspy totally. The animation is still sick! The vision of the rats' world was truly ingenious. Brutus was pretty scary (as a kid)
170557166422470657,2012-02-17 17:16:11,"@MesecLegacy where the Red Fern Grows... Ughh that works me... :) 
Yeah, kids these days have no STEEL! :) need to traumatize them more!"
170533069328089088,2012-02-17 15:40:26,"Watched Secret of Nimh with the kids last night. They dug it a lot, but my daughter felt there was too much death... WHA??? C'MON!"
169515439028846592,2012-02-14 20:16:44,RT @CameronDayton: Cool interview with my man @ChrisMetzen and Flint Dille on Transformers: Autocracy http://t.co/gZsmreFd #Transformers
169493930210099200,2012-02-14 18:51:16,@Nyzaris heh.
169493109028294658,2012-02-14 18:48:00,"I may be the worst Tweeterer ever... 
I'll work on it!!! :)"
169492741947002880,2012-02-14 18:46:33,RT @Seraph1337: @ChrisMetzen http://t.co/cqLBIn2A Try that one :)
169489324918837249,2012-02-14 18:32:58,"http://t.co/SAS0JwIi

Cool new interview with Tom over at Blizzplanet about Transformers:  Autocracy #3!"
169487365700730880,2012-02-14 18:25:11,"http://t.co/ovcLHejE

Hope this link works! :) Flint and I discussing Transformers: Autocracy chapter 3! Out tomorrow at Comixology!"
169176040088932353,2012-02-13 21:48:05,"http://t.co/QI8hmdOE

Amazing talent. Let's honor Adam today."
168876730549944320,2012-02-13 01:58:44,"@MILDMANNEREDTRV do it, man!!! It's yer DUTY!!! You may be that kid's only hope...."
168876518745964545,2012-02-13 01:57:54,@Kylet2009 these had already been displayed in the warm happy days before adulthood... Y'know... Single bachelor geek-pad at 28...
168876218475745280,2012-02-13 01:56:42,@MattG1978 ...classic Fett. Mega.
168875996991336448,2012-02-13 01:55:49,@MILDMANNEREDTRV good lord!......
168875824206987264,2012-02-13 01:55:08,@Aleveria I still don't do that... At all...
168874406158925825,2012-02-13 01:49:30,"""Yes, baby - that one's a Rancor!"""
168874262269140992,2012-02-13 01:48:56,Busted out a 10year old sealed box of Star Wars figures for the kids... Pretty fun to watch them rock the 3 3/4 figs...
168538609975173120,2012-02-12 03:35:10,RT @Warcraft: Which pieces should be included in the upcoming Monopoly: World of Warcraft board game? You decide! http://t.co/frfiU0qo @ ...
167312688513425408,2012-02-08 18:23:48,@MilanSovilj yup. RIP. he was a very great hero.
166724434739212289,2012-02-07 03:26:17,Alter Bridge: Blackbird... Killer album. Just sayin'.
166268346000605185,2012-02-05 21:13:57,@MilanSovilj bad bad odor....
165533106680496128,2012-02-03 20:32:22,@HughesKeh nova - she keeps getting her memory wiped.... :)
165290361332301824,2012-02-03 04:27:47,"@BRIANMBENDIS good luck on the MMORPG!!! They're a handful. :) 
Thanks for all your great work, man! Huge fan!"
164762146880753664,2012-02-01 17:28:51,"http://t.co/1rKl3c2j

Cool podcast on Autocracy with Flint and me! Go hype!!! :)"
164550314966528000,2012-02-01 03:27:06,@RogerDont thank you!!! :)
164550231202070528,2012-02-01 03:26:46,@rhadeyaz Thor.
164550136532443136,2012-02-01 03:26:24,@XaranAlamas rebels in hard skins.
164486894992887808,2012-01-31 23:15:06,@XaranAlamas 8? Unofficial! :)
164486736339156992,2012-01-31 23:14:28,@rhadeyaz Cap!
164486630059683840,2012-01-31 23:14:03,@rhadeyaz we'll see. Day job's pretty busy. :)
164455999351164928,2012-01-31 21:12:20,"http://t.co/q0ZGkoiu

Cool preview!"
164452815744405504,2012-01-31 20:59:41,@rhadeyaz I hope so!!!!
164452762518687744,2012-01-31 20:59:28,"@jeff_houchens heh. He's a huge geek! What, does he sing for a band or something? :)"
164452167284031490,2012-01-31 20:57:06,"http://t.co/bGVzvCJN

Another review for Autocracy #2! :)"
164451869459103744,2012-01-31 20:55:55,"http://t.co/xXGtszZL

Early review of Transformers:Autocracy #2!!! Any of you guys checked this out yet? :)"
160468129384902656,2012-01-20 21:05:58,RT @Avrith: Congrats to @ChrisMetzen and Flint Dille on Transformers: Autocracy http://t.co/IWvHpNC9. This is the first comic I've picke ...
160448326209257473,2012-01-20 19:47:16,@rhadeyaz Tyrael. :)
160437705736597505,2012-01-20 19:05:04,"@devastator82 Thrall, Raynor, Fordring. :)"
160377747431112704,2012-01-20 15:06:49,"@XaranAlamas what up, Alex! :)"
160377603633582080,2012-01-20 15:06:15,@rhadeyaz @idwpublishing @marvel thx!
159477454367506434,2012-01-18 03:29:22,"You can get it tomorrow at Comixology or from IDW. 

It's digital only! But seeing as how yer all tweet-mastuhs, that should be all gravy!!!"
159477009855152128,2012-01-18 03:27:36,"Here's the trailer link again: 

http://t.co/ktwUDuyD"
159476905756721152,2012-01-18 03:27:11,"Transformers:Autocracy drops tomorrow! My first comic work with Flint Dille and artist Livio Ramondelli. 

Digital only from IDW!"
159475964005449728,2012-01-18 03:23:27,"http://t.co/ktwUDuyD

Yeeeuh. Here we go!!!! :)"
157002651832287232,2012-01-11 07:35:23,"RT @Samodean: Wait wait wait, @ChrisMetzen is writing a TRANSFORMERS comic? http://t.co/3qS5VdTM Life = complete"
155747639592361984,2012-01-07 20:28:25,RT @kathunter: Heading down with @ChrisMetzen to Book of Cain Book Signing TOMORROW at Book Soup in LA - http://t.co/npv5A6Xv
154631695193219072,2012-01-04 18:34:03,"Anyone rocking Old Republic? 
Lot of swingin' lightsabers out there!
(...and a few gunslingers, I hear) :)"
153293545820798976,2012-01-01 01:56:44,"Happy new year, everyone (almost)... :)"
153139888705904640,2011-12-31 15:46:09,Skylanders is actually pretty fun. Playin with my 8 yr old. Dispensing hot justice!!!
150722273060462592,2011-12-24 23:39:24,"Merry Christmas, everyone!"
150021293436182528,2011-12-23 01:13:58,Y'all been naughty or nice? I've been reeeeeel nice if ya run into Santa... :)
148291324880236544,2011-12-18 06:39:41,"@TheSamElliott huge fan, man! Merry Christmas!"
148231189889695745,2011-12-18 02:40:44,Ahhh... Star Wars IV with the rugrats. Life is good. :)
147510706575638529,2011-12-16 02:57:47,"Thanks for the timely rescues, everyone!!! :)"
146016307362529281,2011-12-11 23:59:35,@rhadeyaz that describes more than half of my female heroes. :)
145985813543534592,2011-12-11 21:58:24,@rhadeyaz allowed? It's inherent!!!
145696853491585027,2011-12-11 02:50:11,Yeeeeeuh!
145680504719548416,2011-12-11 01:45:13,At the Spike VGA awards... This is surreal... Mass3 looks killer.... :)
145216218301865984,2011-12-09 19:00:19,@AmandaZahn no plans for offspring yet. :) Give em some time!!!
145215881104998401,2011-12-09 18:58:58,"I love Transformers. That can't be wrong, can it?..."
144663060362174464,2011-12-08 06:22:15,@hawkno71 I imagine Thrall makes time to make time regardless of the world falling apart. Priorities. And more than a few heroes...
144552144966651904,2011-12-07 23:01:31,Geez... MW3 is awesome.... Why do I love this series so much???
143133298691022848,2011-12-04 01:03:32,"@FredieEU I dunno, I'm keeping my head down till the shooting stops.... :)"
142325696944021504,2011-12-01 19:34:25,"@AKAMaithanet as usual, y'all can't judge the story based solely only on that cinematic. :) Lots of lore in-game that explains what's up."
142072564842381312,2011-12-01 02:48:33,@cooleobrad comics would be really fun! I &lt;heart&gt; Geoff Johns! :)
139911279258243073,2011-11-25 03:40:23,Happy thanksgiving everyone!
139118647904976900,2011-11-22 23:10:45,Thanks for the birthday wishes everyone!!! 38.... Oof. Where did the time go...? :)
138171419765907456,2011-11-20 08:26:48,@GamersU :) what up!?
137756074915790849,2011-11-19 04:56:22,"Oh, and I think my daughter has a talent for slaying hapless Alliance NPC's... Just sayin.... Gonna have to go worgen so she can even out..."
137755637579915264,2011-11-19 04:54:38,"Ok, so my rugrats are obsessed with the Mad cartoon... Any of y'all seen this madness?"
136852699235893248,2011-11-16 17:06:40,"@rhadeyaz not offended, but geez, did ya have to do such a good job with photoshop? Looks exactly like the one I usually wear...."
136837997625745410,2011-11-16 16:08:15,@ajrichards13 don't worry - Alliance love is inbound! :)
136708209829359616,2011-11-16 07:32:31,"Don't worry, Alliance - I'll give her a balanced worldview. 

Mostly. :)"
136707790847746048,2011-11-16 07:30:51,She's made lots of Alliance toons (loves the cute stuff) but wanted to roll trolls for adventure. That's my girl! :)
136683938243543041,2011-11-16 05:56:05,Just played wow with my 8 yr old daughter for the first time (her playing her own toon). How amazing... Total trip...
135186342849155073,2011-11-12 02:45:10,"@rhadeyaz yeah, and a few Tauren and dwarves....."
135033969853992960,2011-11-11 16:39:41,I hope you all have a great day and receive the honor and thanks you all deserve. Here's to the rest of our warriors coming home safe!!!!
135033255341731840,2011-11-11 16:36:51,Guys (soldiers/vets) and those of you in military families - thank you so much for your service and dedication to protecting our country!!!
135023548640145408,2011-11-11 15:58:17,Any of y'all soldiers/vets?
134775387489177601,2011-11-10 23:32:11,"@Myndflame geez, I didn't even get a phonecall! Waiting for the Gestapo to come move me out of my office.... :)"
134520861490282496,2011-11-10 06:40:47,"For those of you into comics, Grant Morrison's SUPERGODS is an amazing history of the genre.... Off the hook! :)"
133775134405300224,2011-11-08 05:17:32,"@englishguy geez, James, at least you could be happy they picked an English brother to be Supes.... :)"
133741069333565440,2011-11-08 03:02:10,@IsaacCrain 1) A LOT 2) Chaos. But typically FUN chaos. :)
133740842493022208,2011-11-08 03:01:16,"@Tendael yeah, great article! Of course I can neither confirm or deny said speculation... But I love the depth of argument! Just awesome!"
133739934724009984,2011-11-08 02:57:39,@Corath pan-dair-en :)
133055521468071936,2011-11-06 05:38:03,@LuvMeAlwayz not at all! Just frustrating I can't respond to everything! Loose lips sink ships! :)
132466915716251649,2011-11-04 14:39:08,"@englishguy yeah, man! That was really good! Thanks for taking the time!!!"
132299171653890048,2011-11-04 03:32:35,I dunno... I love me some Pixar... But Cars 2 kinda confuses me. Loved the original. :)
131444580167061504,2011-11-01 18:56:44,@MPickett57 Oof... That's a hard one... Sarah or the jukebox.... :)
131427676778004480,2011-11-01 17:49:34,Finally got Arkham City ordered! Now if I can just find time to put a real dent in Deus Ex....
130851325037641728,2011-10-31 03:39:21,"@Pride1G :) yeah, Pandaria is the calm..."
130363987991863296,2011-10-29 19:22:51,@HuckFJ Alter Bridge is one of my absolute FACS. Miles Kennedy can wail! :)
130356134149238784,2011-10-29 18:51:38,"Yeah, I loved the KotOR scores as well. But c'mon - that music's hardwired into my soul. :)"
130355653775597568,2011-10-29 18:49:44,"Can't wait for y'all to hear D3 score...!!!
Brower and co. Reached a whole new level IMO..."
130354173702189056,2011-10-29 18:43:51,I'll check a few of those out! What do y'all think the best GAME score has been? I enjoyed the music from Red Dead Red. A lot....
130351925135818752,2011-10-29 18:34:55,What bands are y'all listening to these days?
130351815173750785,2011-10-29 18:34:29,Pearl Jam 20 was an awesome doc. Then I remember I've been listening to this band for 20 years.... Good lord... Gettin long in the tooth...
129963767055400960,2011-10-28 16:52:31,@Donovitch always. :) The unexpected path is where the pepper is!
129963452864266240,2011-10-28 16:51:16,@MilanSovilj ALL :)
129778765277560832,2011-10-28 04:37:23,Rockin Hallow's End with my daughter. She felt bad about the Horseman's tale. But she loved dropping stink bombs. Lil somethin for everyone.
129279279799336960,2011-10-26 19:32:36,@rhadeyaz they'd allow it - but probably look down on them....
129230458503442432,2011-10-26 16:18:36,"This was a fun interview... Thought y'all might get a kick out of it...

http://t.co/LaiXIWRH"
129229357200842752,2011-10-26 16:14:14,Cool thanks. :) someone used it referencing Captain America -my fav hero.
129227638412804096,2011-10-26 16:07:24,What does ootg mean? :)
128903844544520192,2011-10-25 18:40:46,Captain America and Pearl Jam 20 out today.... The universe is singing to me today. :)
128738596176920576,2011-10-25 07:44:07,@Yearjoy Jawaptimus Prime.... :)
128570543870971904,2011-10-24 20:36:21,Ok - this whole Twitter things pretty cool... It's a pleasure sharing the data-stream with y'all. :)
128563910436601856,2011-10-24 20:09:59,Just watched Foo Fighters Back and Forth doc... I'm so super inspired right now.... Wish I'd learned to play the damn guitar!... Next career
128560528657350656,2011-10-24 19:56:33,"Well, the fake me was a lot funnier than the real me. Maybe I can hire that guy as my day-planner?"
128519067475787776,2011-10-24 17:11:48,Nope. :) no spoilers.
128506449109331968,2011-10-24 16:21:39,The gnome orders milk - making a snide crack about udders.... Combat ensues. Umm.... Tauren wins.
128505835923054594,2011-10-24 16:19:13,"Fan made, I believe."
128501598262542336,2011-10-24 16:02:23,For realz. Ask me something you know I'd know. :)
128482814596366337,2011-10-24 14:47:44,"Thanks for the props on BlizzCon n such, guys! It's always really fun. :)"
128247906779140096,2011-10-23 23:14:18,"Twitter.... Ok, let's see how this works... :)"
