605978829748727808,2015-06-03 06:06:26,"""We need to become more unreasonable but in an intelligent way.""- Governor Jerry Brown"
604734007939506176,2015-05-30 19:39:57,"Many great points in this compelling letter about the economy, jobs, and the digital world.. sign up !
http://t.co/CQIMbDyrSC"
603722355861499904,2015-05-28 00:40:00,"Younger people really are smarter: the Flynn effect 

http://t.co/Rrfb7kNYyO"
603721545186443266,2015-05-28 00:36:47,"Mary Meeker: Always the best deck in the business, the growth and the new platforms we will all use:

http://t.co/fnexOH6YDC"
600923269575872512,2015-05-20 07:17:26,RT @VTSandsman: The text of @ericschmidt 's May 2015 #VirginiaTech commencement speech: http://t.co/QioPVywAGs @google
599985096075055104,2015-05-17 17:09:28,The excitement of graduation: A college education really is important.  My words but their joy !   https://t.co/Dp9fld3Uaj
599443098825961472,2015-05-16 05:15:46,Searching for Better Answers.. Zeitgeist London Google's Foundation: on the cusp of a major advance human progress  https://t.co/tFAJGE3UPx
599441140085968897,2015-05-16 05:07:59,RT @VTSandsman: Warming up our voices #HokieGrad @ericschmidt http://t.co/4Vqw6OirgO
598850974485258240,2015-05-14 14:02:53,"Interesting report on converting London to all-electric city by 2035 ... quieter, greener, and more efficient too! http://t.co/lEZpRAN4Qb"
596860140826931201,2015-05-09 02:12:01,"Atul Gawande's extraordinary article on the overtesting, overbilling and overtreatment of our medical system http://t.co/wf3iMsMEkH"
596409218799833089,2015-05-07 20:20:13,The coming Data Science Revolution  http://t.co/8qx1cFS15h
593604475585208320,2015-04-30 02:35:10,"Dr Kissinger talks about the new world order.  His answer on Iran worth watching starting at 31 minutes.

https://t.co/g6a61XGSpu"
593593555152719874,2015-04-30 01:51:46,"Phishing continues to be one of the most common and dangerous scams online. Download Password Alert protect yourself 
http://t.co/hInXbw0UcB"
593405444506398721,2015-04-29 13:24:17,"Climate change is real. It's important for us to do something to make the world a better place, great to see California leading the way!"
578753180776923136,2015-03-20 03:01:25,"Will have to make do without BYU, though. No one said this was easy... #MarchMadness"
578753147243462656,2015-03-20 03:01:17,"Okay, my picks are in...and based on #GoogleTrends. Going for Bloomberg's charity title on behalf of @GirlswhoCode! http://t.co/rTGbrE124Y"
576148840480296960,2015-03-12 22:32:42,"I used my 272 words to write about Lincoln's dream of a 'new birth of freedom.' In a new digital age, his dream still resonates."
576148721269796864,2015-03-12 22:32:14,"Worth your while: 'Gettysburg Replies', with essays by Colin Powell, Spielberg, etc, 150 years after the Civil War. http://t.co/QhnvCWf9yd"
565218081853558785,2015-02-10 18:37:46,Wow: paramedics use Google Translate to converse with a Swahili-speaking woman as they deliver her baby...in Ireland. http://t.co/IoZ9ePWTwh
562825885846609923,2015-02-04 04:12:02,One million followers! Very exciting. Now just need to figure out how to connect the next five billion to the Internet ... thank you !
562790704221810688,2015-02-04 01:52:14,"""No man ever steps in the same river twice, for it's not the same river and he's not the same man"" -- Heraclitus (greek philosopher, 544BC)"
562417288280670208,2015-02-03 01:08:25,RT @USDOT: The guy at @google who works on driverless cars rides an electric skateboard to work. And we thought #transit was cool. #BeyondT…
560157625103691777,2015-01-27 19:29:19,"Big news for our friends in Atlanta, Charlotte, Nashville, and the Research Triangle. http://t.co/zz8PW6eXZ2 #GoogleFiber"
560048566975361024,2015-01-27 12:15:58,When did I know Google was different? Pretty much the first day. Our fun talk with @SalKhanAcademy is now online. http://t.co/fw4HgXqspl
554844434903629824,2015-01-13 03:36:36,Google Search is expanding a feature that connects victims of human trafficking to groups who can help them. Proud. http://t.co/GIaKOUgyNi
551812191179927552,2015-01-04 18:47:33,"RT @AdviceToWriters: Cut out all those exclamation marks. An exclamation mark is like laughing at your own joke.
F. SCOTT FITZGERALD http:/…"
550832016342528000,2015-01-02 01:52:41,"Every time you use a phone, or a computer, you use the ideas that Alan Turing invented. A hero. http://t.co/dwbHXRBuYQ"
550117118608277505,2014-12-31 02:31:56,More crazy ideas this year than last #workresolutions
550117062081667073,2014-12-31 02:31:42,"RT @GoogleforWork: For the second year in a row, we're focusing on ‘what works’ at work. Share your 2015 #workresolutions with us. http://t…"
547051054941364224,2014-12-22 15:28:29,"Susan is always right, and I wish men (and women) would listen to her: http://t.co/5Yu0DJid1m"
546026116549722112,2014-12-19 19:35:45,"RT @jjrosenberg: Appreciate being included on this list. Hope #HowGoogleWorks' 'unconventional approach' helps others succeed!
http://t.co/…"
543917554482548738,2014-12-13 23:57:05,"Good list of key disruptions in #businessweek85. I’d put more emphasis on mobile &amp; cloud, but fun read! http://t.co/mVC28TVq30"
543257914605977600,2014-12-12 04:15:54,"Great article on power of culture. With a clear mission, passionate people, &amp; freedom + trust, anything’s possible. https://t.co/RQkwQAve4w"
542448908291411970,2014-12-09 22:41:12,RT @GrandCentralPub: #HowGoogleWorks by @EricSchmidt is an @Amazon Gold Box Deal starting now and for the next few hours! http://t.co/LN4Cu…
542045526682632192,2014-12-08 19:58:18,Big week for the @Olympics. Excited to see today's announcements and glad to have joined #agenda2020 talks. http://t.co/qCh8KoSUej
540918415276249088,2014-12-05 17:19:34,"How to keep top talent? If you love them, let them go (elsewhere within the company). #HowGoogleWorks http://t.co/zDfUkEElzq"
539241817666244608,2014-12-01 02:17:22,"Nexus Player is incredibly easy to use, watch and stream most entertainment over the Internet, and very integrated http://t.co/ef2ydnToNv"
539240873276760065,2014-12-01 02:13:37,"#NestProtect &amp; #NestThermostat. Know more, worry less, save energy. Subtle brilliance that just works. http://t.co/jI0DIow873 @nest"
539240504970731520,2014-12-01 02:12:09,"Chromecast. Just gets better. More apps, now $25. Big screens are everywhere - use them! I use this everywhere ! http://t.co/YVbJ8NnqG7"
539240184815292417,2014-12-01 02:10:53,The new Nexus 6. Comes with Android 5.0 Lollipop - and a turbocharger. 6 hours of battery life from a 15-min charge! http://t.co/MpTcigDjTh
539239711727173632,2014-12-01 02:09:00,Are you ready for #CyberMonday? Can’t blame you if you’re overwhelmed  - here are the gifts I am giving (and use) ! Here are some thoughts.
538019598344257536,2014-11-27 17:20:42,The real authors of #HowGoogleWorks are all the great people who inspired us along the way. Thank you for all you do &amp; Happy Thanksgiving!
537411382220972032,2014-11-26 01:03:52,RT @jjrosenberg: Nice piece in the @NewYorker. Flattered to have #HowGoogleWorks mentioned with Sloan&amp;Drucker! http://t.co/cfB2kesfgk http:…
537039794585731072,2014-11-25 00:27:19,"If you're choosing where to invest resources, feed the products that have earned support, not the ones that need it. http://t.co/92wAV7yoyO"
535684081392971776,2014-11-21 06:40:12,Best defense against business myopia? Diversity. Thrilled to donate all profits from #HowGoogleWorks to CS education for girls &amp; minorities.
535682836494168064,2014-11-21 06:35:15,RT @jjrosenberg: Looking to stay on top of tech trends? What @kevaldesai and I are thinking about &amp; reading: https://t.co/jEsMj0Nzft
534479632871874562,2014-11-17 22:54:09,There’s never been a better time to be a smart creative. So what are you waiting for? http://t.co/2VmwIy6ycA http://t.co/cEjv2eCOPg
534098092019048449,2014-11-16 21:38:02,Find out how the Internet was invented and who changed the world forever!  These are the real heroes of our age.  http://t.co/IoYFDmwQ8E
533482259144536064,2014-11-15 04:50:56,"Crazy ideas inspire the best people. And with the best people on them, they aren’t so crazy anymore. #HowGoogleWorks http://t.co/SamkT2OoeW"
533125319730155520,2014-11-14 05:12:35,Write the job description for your ideal job in 5 years. Ask what you’re missing to get there. Voila! A career plan. #HowGoogleWorks
532710395782639616,2014-11-13 01:43:50,"RT @jjrosenberg: Good slogans are authentic ones. They should drive decisions, not just decorate offices. More: http://t.co/o7o64dzShG http…"
532423934311157760,2014-11-12 06:45:32,"Here's our @nytimesbooks review. Tough - but as we say, it's important to welcome any criticism that comes your way! http://t.co/QayCDRyQn1"
530854810325499905,2014-11-07 22:50:24,"No matter how good you are at your job, you’d be better with a coach. Everyone needs one! http://t.co/Ovslnnix84 http://t.co/WQrMjcTlcN"
530854648949657601,2014-11-07 22:49:45,"RT @jjrosenberg: Every great athlete has a coach, every business person should have one too! #HowGoogleWorks http://t.co/o7o64dzShG http://…"
530520200450686976,2014-11-07 00:40:47,"In our book, we say to listen to (and encourage) critics. That should include critics of our book! http://t.co/e7QCthDLOM #HowGoogleWorks"
530348842118840320,2014-11-06 13:19:52,10 years of business advice in 3 minutes? Things really are speeding up in the Internet Century! #HowGoogleWorks http://t.co/VLvqK6DIpA
529750447834542081,2014-11-04 21:42:03,"Happy Election Day in America! Ask Google ""How do I vote?"" https://t.co/iLuXmdAImt #Midterms2014"
529391595301257216,2014-11-03 21:56:06,"What's different now? In your industry, what things have changed the way you do business and plan for the future? #HowGoogleWork"
528563391867400192,2014-11-01 15:05:07,"Big ideas can grow bigger in crowded spaces. Create new products, not new markets. More: http://t.co/Ejy4Iiakgt http://t.co/amg8c5AMny"
527627914578513920,2014-10-30 01:07:52,RT @jjrosenberg: Great ideas are everywhere. Your job is to make it easy for them come to you. More: http://t.co/o7o64dzShG http://t.co/tB2…
527490538808045568,2014-10-29 16:01:59,Proximity to crazy ideas and the people who dream them up is probably the best perk we offer. #HowGoogleWorks
527490455815340034,2014-10-29 16:01:39,"RT @jjrosenberg: One thing the media gets wrong about Google? The perks! What really keeps people working here:
http://t.co/npJ9LYpUr3"
526859438267695104,2014-10-27 22:14:13,"RT @jjrosenberg: How to set up your company? Find people w/t greatest impact &amp; organize around them. More:
http://t.co/o7o64dzShG http://t.…"
526832386286182402,2014-10-27 20:26:43,RT @rachelhaot: .@NYGovCuomo speaking today with @ericschmidt on importance of equipping classrooms for future. Photo: @drewbiondo. http://…
525707595865391104,2014-10-24 17:57:12,"RT @jjrosenberg: Don’t let process block progress. To stay ahead, design your org for speed: http://t.co/nGfQuklnl3 http://t.co/PMvaSs1O2G"
525480107561869312,2014-10-24 02:53:15,RT @jjrosenberg: Innovation feeds off collisions. Create 'em by moving from private offices to shared cubes: http://t.co/nGfQuklnl3 http://…
525022102416396288,2014-10-22 20:33:18,Want to know the secret to finding top talent? Make hiring*everyone's* job. More advice here: http://t.co/kNPNeCfbnb http://t.co/yqzCYyMc2j
524786393969479680,2014-10-22 04:56:41,"Worried about security and your email and info?  Be sure to use two-step authentication in gmail and all of google
https://t.co/CeHgPQNX80"
524668161170604033,2014-10-21 21:06:52,Barriers to entry are falling. So focus on great products + people &amp; help those people thrive. http://t.co/FEOatKs1vT http://t.co/0jevNvs5gt
524337202810339328,2014-10-20 23:11:45,"If you build it, they may just hear you out. Give demos, not presos: http://t.co/FEOatKs1vT #HowGoogleWorks http://t.co/en3dyZSsQp"
524027653184319488,2014-10-20 02:41:43,"OK everyone. One. Two. Three. Innovate! Didn’t work? Try a better way:
http://t.co/FEOatKs1vT #HowGoogleWorks http://t.co/DZXDVsGRLN"
523746060146327552,2014-10-19 08:02:46,Imagine the unimaginable? Try a 4ft Stephen Colbert hologram in your bedroom. #HowGoogleWorks fun w/t @StephenAtHome: http://t.co/kZVF9Hrl2Z
523237032559386624,2014-10-17 22:20:04,RT @jjrosenberg: How not to melt your smart creatives and other rules for success: http://t.co/8TtICKksbE http://t.co/AE6gyBBMtD
522794805064396800,2014-10-16 17:02:49,Define your mission early - and live it every day. http://t.co/FEOatKs1vT #HowGoogleWorks http://t.co/Y7gWuwe1wd
522701156179779584,2014-10-16 10:50:41,"Be together, not the same. Welcome, Android 5.0 Lollipop. http://t.co/6lgHwbAIOe #AndroidLollipop http://t.co/cw8nbVn2Fk"
522700935404195840,2014-10-16 10:49:49,RT @sundarpichai: Thought you may want to see how the casting ended yesterday. maybe next next next time Oreo? https://t.co/gz3gTB6xmR]
522700796836978688,2014-10-16 10:49:15,"RT @google: Introducing #Android 5.0, Lollipop, and new #Nexus devices: Nexus 9, Nexus 6 and Nexus Player http://t.co/6D3aE650Pb http://t.c…"
522007747983060992,2014-10-14 12:55:20,We thought we knew everything about business management. We were wrong. Here's my guide to what I learned at Google: https://t.co/U41CJEWgHa
521773284023877632,2014-10-13 21:23:39,"My speech on innovation, policy, competition, and the evolution of Google in Berlin.. delivered this evening.
http://t.co/7JjaT2Zd0h"
520590033729093633,2014-10-10 15:01:50,"It’s inevitable that you’ll have some misfires. The important thing is knowing how to fail well.
#HowGoogleWorks http://t.co/DKVMeOVnap"
520375813540442112,2014-10-10 00:50:36,How to make your meetings worth attending? Read on! http://t.co/PBdP5BqVnx #HowGoogleWorks
520086521194364928,2014-10-09 05:41:04,"RT @jchchm: Avi Goel,10, stole the show at  #CHMGoogleWorks quizzing @ericschmidt on China. What’s the showbiz line about kids &amp; dogs? @Com…"
519936308245176321,2014-10-08 19:44:10,Excited to talk #HowGoogleWorks with @jjrosenberg &amp; @marissamayer tonight! http://t.co/vvmXLN65Je @computerhistory
519557752943693824,2014-10-07 18:39:55,"At @Google, we look for people who aren't limited by imagination- theirs OR others'. What 'crazy' ideas do you have? http://t.co/APJHV9hipW"
519269149005316098,2014-10-06 23:33:07,Committees are better than managers at sorting out job candidates. More on our thinking here: http://t.co/HeY5yxgztM #hiring #HowGoogleWorks
518582357842866176,2014-10-05 02:04:03,Very proud to have made the @NYTimes Best Seller list: a credit to so many who had a hand in #HowGoogleWorks. http://t.co/UWp505yPy5
517786571806760960,2014-10-02 21:21:53,Years of experience at #Google led to these pro tips on email. Idea for a book sequel? http://t.co/CNn7SqvO7r @jjrosenberg #HowGoogleWorks
517427813725798402,2014-10-01 21:36:18,"My advice to leaders: Provide a compelling vision, make big bets, and then get out of the way. http://t.co/LswK3rirfD #HowGoogleWorks"
516693099285065728,2014-09-29 20:56:49,Spent some time talking to @MariaBartiromo about what it means to be on the cutting edge: http://t.co/HaBAU2aT4O #innovation #HowGoogleWorks
515558565839663105,2014-09-26 17:48:35,"Yes, Google does have a dress code: you have to wear something! http://t.co/8FAgwzgMdO #HowGoogleWorks"
515558450643103744,2014-09-26 17:48:07,"RT @RebeccaJarvis: Everything You Need to Know About Eric Schmidt in 57 Seconds #RapidFire
http://t.co/NfiDAv5uxW"
515225106990133248,2014-09-25 19:43:32,Leave it to @JJrosenberg to work @Shaq into a conversation about Google clip: http://t.co/UNRswcPyfg #HowGoogleWorks http://t.co/Nb0NeaIrrK
515223250079465473,2014-09-25 19:36:09,RT @StephenAtHome: See Eric Schmidt &amp; Jonathan Rosenberg’s book at http://t.co/MNuahlKrpY &amp; share it with all of your friend on Google+! ht…
514892385898475520,2014-09-24 21:41:25,"No better way to start the week than by talking smart creatives, moonshots &amp; hiring with @mlauer: http://t.co/iiJPb4rJDu #HowGoogleWorks"
514497124474839040,2014-09-23 19:30:48,"Most economic fallacies derive from assuming there is a fixed pie, that one party can gain only at the expense of another: Milton Friedman"
514417699548827648,2014-09-23 14:15:11,"@CoryBooker ""If you want to go fast, go alone, but if you want to go far, go together"".. Senator Cory Booker from an African proverb"
514404694144598016,2014-09-23 13:23:30,"My new book #HowGoogleWorks is out! Lessons learned #Google &amp; biz advice for the 21st cent
http://t.co/ZdFh8Yqmy1 http://t.co/cSMt5Q2tsP"
514251003794034689,2014-09-23 03:12:48,"""If you want to go fast, go alone, but if you want to go far, go together"".. Senator Cory Booker from an African proverb"
514115461118574592,2014-09-22 18:14:12,"More info: in case you're wondering where to pick up our new book, #HowGoogleWorks, this week: http://t.co/A7HF2sAgbI http://t.co/l0nU6amLwF"
512668678421114881,2014-09-18 18:25:12,@jjrosenberg Very impressed with @Kevin and glad we've learned from our bozo moment. #Instagram #HowGoogleWorks
512668507385778176,2014-09-18 18:24:31,"RT @jjrosenberg: My biggest bozo moment...not letting Kevin Systrom transfer as an APM. Hello Instagram!
http://t.co/7GQvfSCnFI http://t.co…"
512305067714961408,2014-09-17 18:20:20,"As a leader, your default mode should be: share everything w/as much of your organization as you can. #HowGoogleWorks http://t.co/kbju0FMpMb"
511988202953924609,2014-09-16 21:21:14,"RT @jjrosenberg: A few highlights from some of my favorite (actually fun) offsites. 

#howgoogleworks 
http://t.co/KHLyqC1MAq http://t.co/8…"
511939725041881088,2014-09-16 18:08:36,"President Carter on the most important issue:  improving health, education, and safety for women and girls worldwide https://t.co/UBvxIOg6B3"
511938103846899712,2014-09-16 18:02:09,Good news about our future in the interconnected world.. Things are getting much much better.  https://t.co/fimtvVh7Rn
511638882392485888,2014-09-15 22:13:10,@jjrosenberg @jjrosenberg Maybe it's time for another bet!
510557666654302208,2014-09-12 22:36:48,The case of the smiley killer - or why we kept @jjrosenberg very far away from #ProjectLoon: https://t.co/4SY5Y25YxC #HowGoogleWorks
509602132405014528,2014-09-10 07:19:51,"RT @jjrosenberg: Passionate people don’t wear their passion on their sleeves.
#HowGoogleWorks 
http://t.co/KHLyqC1MAq http://t.co/iXnmmGOmL2"
509601871263440896,2014-09-10 07:18:48,Good words from @JJRosenberg: create opportunities for people to express the things they love. http://t.co/HD6zihbiCQ #HowGoogleWorks
509134418670530562,2014-09-09 00:21:19,"For @Google, success in a new area means we grow the pie. #HowGoogleWorks http://t.co/5b6Rf6OYmR"
507799349728784384,2014-09-05 07:56:14,"RT @jjrosenberg: Culture is difficult thing to get right. A friend found his old Lehman Brother's Mission. Awful.

#HowGoogleWorks http://t…"
507220701766373376,2014-09-03 17:36:53,"We never set out to create an ""enterprise"" business; we wanted to create a new way of doing work. http://t.co/6t04BWKxq7 #GoogleforWork"
507220112345006081,2014-09-03 17:34:33,"RT @jjrosenberg: Difficult people can be the ones you need. I call them divas. So exile knaves, but fight for divas! #HowGoogleWorks http:/…"
507219358246903809,2014-09-03 17:31:33,"I like to say “revenue solves all known problems"" it’s the one metric that PMs and execs can’t game. #HowGoogleWorks http://t.co/JubnIbY9H5"
506664485835112448,2014-09-02 04:46:41,"Company character is the sum of its employees, which is why you root out people with low integrity. #HowGoogleWorks http://t.co/l7Qn7BF3oI"
504683272228446208,2014-08-27 17:34:03,RT @jjrosenberg: Smart creatives build things using information and computing power. You need them on your team. #HowGoogleWorks http://t.c…
504349362978586625,2014-08-26 19:27:13,Playing catch-up with the competition will never help you get ahead by creating something new. #HowGoogleWorks http://t.co/AFfVKQ9m80
504040957747396608,2014-08-25 23:01:43,"RT @jjrosenberg: Fortune article includes Windy Day from Regina Dugan's ATAP team.

#howgoogleworks

http://t.co/1ymtnhCI4O

https://t.co/n…"
503217991794716672,2014-08-23 16:31:33,"Ten years later, Larry and Sergey's IPO letter is the single best explanation of Google's culture. #HowGoogleWorks http://t.co/gdiLhd3Lsi"
503056780230815744,2014-08-23 05:50:57,"RT @jjrosenberg: What are some of your favorite ""Technical Insights"" I posted some of my thoughts here. https://t.co/FKvvHRF2nk
#howgooglew…"
502700596961361920,2014-08-22 06:15:36,"RT @jjrosenberg: Hippos are among the most dangerous animals in Africa. Conference rooms too. #howgoogleworks
http://t.co/y4ye84zydj http:/…"
501845957974040577,2014-08-19 21:39:34,Give people a strong set of strategic principles &amp; freedom to build on them. They'll do great things #howgoogleworks http://t.co/sxYda6D4TD
500051997098520576,2014-08-14 22:51:01,"When tech's cheap and experimentation's easy, over-worrying about risk is a great way to fall behind #howgoogleworks http://t.co/yrnsCGy4L9"
499225220843319296,2014-08-12 16:05:42,"RT @jjrosenberg: Here’s a peek into a real-life crowded, chaotic Google office. #howgoogleworks

http://t.co/5m5dQ7FdC8 http://t.co/rOX38HG…"
498914334546739200,2014-08-11 19:30:21,Good things happen when you bring smart people together. When you don't? Good luck... #HowGoogleWorks http://t.co/Qb0bHNeOLg
497836843736371200,2014-08-08 20:08:47,"+1 RT @JJrosenberg In today’s connected world, great products- not big marketing budgets- win the day #howgoogleworks http://t.co/5lVsEwbfW7"
496973611526537216,2014-08-06 10:58:36,"Thrilled to announce #HowGoogleWorks, a new book on business management in the Internet Century, out Sept. 23: http://t.co/Y1NQj614qF"
491620376573509632,2014-07-22 16:26:46,"Secretary Hilary Clinton at Google https://t.co/RSruLRdvJR

I hope you like the humor..."
490361507847229442,2014-07-19 05:04:28,RT @ladygaga: On my way to Vegas back to The ARTPOP Ball and lookie whose giving me a ride ericschmidt what a guy… http://t.co/OhdBhBsYrp
482097013987635200,2014-06-26 09:44:19,"Particularly excited about Android One, launching first in #India. Affordable smartphone technology for the next billion. #io14"
482096899936112641,2014-06-26 09:43:52,"In case you missed it, highlights from a great day for Google developers (and a look at the future of Android): http://t.co/RJ1omosoxW #io14"
480028049824821249,2014-06-20 16:43:00,Amazed by the response to #MadewithCode. Great effort provides free CS projects &amp; resources for girls. Inspiring. https://t.co/ShG19JOrT3
474712325564293120,2014-06-06 00:40:12,It's been one year since the first Snowden revelations. Let's see real reform. http://t.co/KxWpUjyfN6 #USAFreedomAct
473958749023903745,2014-06-03 22:45:46,Very important news. Proposal would mean more clean energy for Google's buildings and data centers. http://t.co/PuXF768Rxx
462316823611191296,2014-05-02 19:44:54,Computer scientists and science advisors report on privacy and big data to the President: http://t.co/ZOxiFV0IDX
458736735103766528,2014-04-22 22:38:55,And a shout out to any other non-profits who'd like to see how @GoogleGlass can help you—info on applying here: http://t.co/je39MlheiO
458736590840659968,2014-04-22 22:38:20,Great video: rhino protection through the eyes of the  @World_Wildlife Fund. Happy #EarthDay &amp; thx for your impt work http://t.co/p6afasyIAa
453625901490503680,2014-04-08 20:10:17,"This exhibit on the Civil Rights Act of '64 is a treasure. Proud that it's now hosted online: http://t.co/3NKrNfuRmH 
#CivilRightsSummit"
446643175328083968,2014-03-20 13:43:25,"We are at risk of pushing our climate system toward abrupt, unpredictable, and  potentially irreversible changes http://t.co/YVe7xkXnu5"
445650309646667776,2014-03-17 19:58:08,"“The mind, once stretched by a new idea, never returns to its original dimensions.” - Ralph Waldo Emerson"
443958306965422080,2014-03-13 03:54:43,"On the 25th anniversary of the web, @JaredCohen and I look at the future of internet freedom: http://t.co/uC2OX4NA79 #Internet25"
440949893499072512,2014-03-04 20:40:21,"The #NewDigitalAge, with new afterword, now available in paperback: http://t.co/VCthugN1OP"
440683195399290880,2014-03-04 03:00:35,"Readers of #NewDigitalAge: we’re coming to L.A.! To hear @JaredCohen and me on 3/5, get your tickets here: http://t.co/XhhN8u6n3g"
438859518454558720,2014-02-27 02:13:57,Order our new paperback of #NewDigitalAge with cover art by Jeff Koons and a new afterword with some surprises http://t.co/xkyvXznyEt
438321700401610753,2014-02-25 14:36:51,"John von Neumann in 1955 on human values, science and climate change: patience, flexibility, intelligence  http://t.co/225T4NxHa6"
438066991212285953,2014-02-24 21:44:44,Proud today to announce #NewDigitalAge Grants for innovators who are using tech to solve pressing human problems. http://t.co/8TUb6WN4qQ
436589005317345280,2014-02-20 19:51:44,"Sochi: worth the trip. Here's to the Games, athletes &amp; people who work hard, often for little, to make them great. http://t.co/t70VZFTuSh"
425421210982162432,2014-01-21 00:14:55,"Daily youtube show with all the highlights and new stuff, and funny to boot !  http://t.co/F6WaO460nq"
421430679973273600,2014-01-09 23:57:58,"White House Science Advisor Dr John Holdren explains the Polar Vortex and why we are so cold, or not. http://t.co/vTyWeDFzPL …"
413037030780575744,2013-12-17 20:04:36,"Each year, @Google's Zeitgeist reflects back our world in Search. A great way to mark 2013: http://t.co/vE4T55hpYP #Zeitgeist2013"
412413071076782080,2013-12-16 02:45:13,"Lengthy article about NSA spying and surveillance, worth reading.   Exhaustive on the path that got us here. #NSA  http://t.co/YDp6g1Xo8b"
410933000730185728,2013-12-12 00:43:56,"Under a law written in '86 (!), the government says it can read some comms w/out a warrant. Sign the petition! http://t.co/5rhisN8flq #ECPA"
410875263853928448,2013-12-11 20:54:31,"To celebrate 2013, we invited some YouTubers to star in a mashup of popular moments this year. http://t.co/sb4arDcQNQ"
410155649247367168,2013-12-09 21:15:01,"Okay everyone, get coding! http://t.co/aTMSnZvOJ3 @susanwojcicki #HourofCode"
410105405767839744,2013-12-09 17:55:22,It's time for a change. http://t.co/PCW4FAFRA1
408987436945907712,2013-12-06 15:52:58,Tell the government to get a warrant.. this is important.  https://t.co/wpjXegxSyI
408724258907385856,2013-12-05 22:27:11,"In awe of all that Nelson Mandela did to push forward humanity. ""It always seems impossible until it's done."" #Madiba"
402856063654825984,2013-11-19 17:49:04,Be sure to visit our fascinating exhibit on the Gettysburg Address - including all 5 drafts in Lincoln's handwriting: http://t.co/y6G5NHOwtG
402539582048055296,2013-11-18 20:51:29,Why the world needs women entrepreneurs | The Economist http://t.co/SxeXlgrB3h cc:@toryburch
402539043033849857,2013-11-18 20:49:21,We've listened - and here's how we're using technology to fight the depravity of child sex abuse images: http://t.co/nhN8l2NFcl @MailOnline
400016400711811073,2013-11-11 21:45:16,Our hearts are with all who have been devastated by the Super Typhoon. Person finder &amp; other resources: http://t.co/phyhW9dTwy #Philippines
400016066270597120,2013-11-11 21:43:56,"Great piece on vets in tech: ""I know they are the type of person I want to hire."" http://t.co/kz0FDqeDDe #VeteransDay"
397962626426089472,2013-11-06 05:44:18,"The web is the ultimate enabler in #Thailand, yet only 1% of the indexed web is in Thai. Would like to see young Thais build up that number."
397647878933344256,2013-11-05 08:53:36,"Hong Kong invested in the Internet, so we're proud to invest in its entrepreneurs. http://t.co/kC6m7WXYuX"
397378756739756032,2013-11-04 15:04:13,Fascinated by #Korea's most sophisticated invention: its alphabet. Proud of what @Google is doing to promote #Hangeul and Korean culture.
396918880653672448,2013-11-03 08:36:50,"""In fact I exercise a lot: I run for cover, I jump to conclusions, I jog my memory, and I stretch my imagination."" - Sir David Tang"
395017437269082112,2013-10-29 02:41:10,"Proud to give away 5,000 @Raspberry_Pi mini-PCs in Tokyo this morning, with a goal of reaching 25,000 Japanese students. #Japan"
395017393241468930,2013-10-29 02:41:00,Its math &amp; science curriculum is the envy of the world. But #Japan faces a profound shortage of young computer science professionals.
393924650171789312,2013-10-26 02:18:50,How can we protect the new connected commons? So important to get this right. Thx for joining me at the #ideassummit: http://t.co/KkTUjdc1hS
388440642197520384,2013-10-10 23:07:20,A few thoughts on the rebirth of IT: http://t.co/OmFNThN043 @GoogleAtWork
383579710841552896,2013-09-27 13:11:44,RT @whitehouseostp: Statement by @whitehouseostp Director John P. Holdren on #IPCC Physical Science Report --&gt; http://t.co/ZvP2VPhim0 #ActO…
368000639680270336,2013-08-15 13:26:04,40 maps that explain the world... maps are endlessly fascinating http://t.co/5wVcCUv65X
367999842288541696,2013-08-15 13:22:54,Scripps does a good job of outlining the changes from climate change to Northern and Southern California https://t.co/YY85HbPGM7
362934977672921089,2013-08-01 13:56:56,Proud that @Motorola decided to do local manufacturing rather than stick with the easiest and cheapest choice. #MeetMotoX
356642008292540417,2013-07-15 05:10:55,RT @CBSSunday: Google exec chairman @ericschmidt and the New Digital Age; with web-extra videos http://t.co/sj4YYnFPB1
353165062720065536,2013-07-05 14:54:47,The importance of people for a vibrant technology industry and the importance of tech immigration into the US  http://t.co/abOKbujJyW
352990006169710592,2013-07-05 03:19:10,"Detailed article on the new cyberwars... and the US reactions, and the conundrum: did the Iranians do it?  http://t.co/BBbFDS086a"
352133670586417152,2013-07-02 18:36:24,@fwd_us president @joekgreen in @cnn: Immigrants are group of risk-takers who define America's entrepreneurial ethos.http://t.co/qsQVDmJNwJ
352130339122057216,2013-07-02 18:23:09,"Google is definitely run for the benefit of our users; see here for  alternate history of why corporations are run 
http://t.co/dpKZalr5xk"
352066811811991552,2013-07-02 14:10:43,"The emerging field of computers detecting human emotion, what will be next ? 
http://t.co/dlUxdqzxuH"
351815307809132547,2013-07-01 21:31:20,"The White House takes real action to help with climate change; finally someone is acting to help avert crisis

http://t.co/W0GNfjolFv"
351739071648899073,2013-07-01 16:28:24,"The old model for spectrum does not work, the new model is to share spectrum; we will stop having all these problems! http://t.co/xlXoQXBMbx"
351720556237828097,2013-07-01 15:14:49,The pursuit of enhanced cognition is the fundamental goal of computing according to this author ..we just get smarter http://t.co/2bmiPdkpC8
351708665595707392,2013-07-01 14:27:34,"From the Economist..."" “SOCIAL media are the worst menace to society,”"" the Turkish PM.. the Internet changes govts

http://t.co/m7gHNGFf3E"
350690084439343105,2013-06-28 19:00:06,Check out this great oped in WaPo by @FWD_us Founder @reidhoffman on how immigration promotes entrepreneurship: http://t.co/NHMkf6AHGq
350450865758420995,2013-06-28 03:09:32,Video of the world record electric race car http://t.co/Y1At7zw3Kt
350257128218439681,2013-06-27 14:19:41,"Drayson Racing electric car sets new world speed record.. driven by the owner, this is so cool and real step forward
http://t.co/rRyu813fPS"
350224766331912193,2013-06-27 12:11:05,Senate is voting today on #immigration reform. Join @FWD_us Day of Action &amp; tell your senators to vote yes http://t.co/2iPS2RVEfH #CIR
347151127608954882,2013-06-19 00:37:33,We're standing on principle: transparency means being able to say what's a national security request &amp; what's not: http://t.co/vA49lNV2yE
345948557653708801,2013-06-15 16:58:58,RT @google: Our request is clear: to publish national security requests separately. http://t.co/PfSr4zJJfd
344887828511080448,2013-06-12 18:44:00,"Quote of the day :
""Surest sign of intelligence is curiosity"" -- Oliver Jeffries, Artist"
343145042610900993,2013-06-07 23:18:48,In case you missed it: Larry's response to alleged Google involvement in a government spying program called #PRISM: http://t.co/qWuWmP1wGS
343062040270761984,2013-06-07 17:48:58,"Must read: @NYTimes on ""one of the most sophisticated &amp; effective cybercrime attacks ever uncovered."" http://t.co/RSqVAIqqO5 #NewDigitalAge"
343039271273377792,2013-06-07 16:18:30,"What’s changed is not how many conflicts there are, but how visible they’ve become. #NewDigitalAge"
343038928460316672,2013-06-07 16:17:08,"Now, @qz reports on a possible solution to hunger in the #NewDigitalAge: 3-D printed FOOD: http://t.co/nlcqW05MNu #pizza"
343036486347800576,2013-06-07 16:07:26,"The good news is that well being, how we feel and our outlook, actually increases as we age:

http://t.co/luXGdDhAtt"
343028542646386688,2013-06-07 15:35:52,Google does not have a 'back door' for the government to access private user data - statement by Google; read in your favorite news sites
342785277766561794,2013-06-06 23:29:13,"The Council of Foreign Relations has released a sharp report similar in focus to our book and urging strong action
http://t.co/ezDHgsE0Wm"
341636662188724224,2013-06-03 19:25:02,"Mary Meeker's annual report is well worth reading:
http://t.co/oB4PlMfdtR"
341215736959737856,2013-06-02 15:32:25,"Julian Assange on Google and our book, fondly, from your witch doctors Jared and Eric

http://t.co/8DFb7dxwur

book is #NewDigitalAge"
339341202593832960,2013-05-28 11:23:42,More Chinese Hacking http://t.co/hwRe1MJdLk
339050947810586624,2013-05-27 16:10:19,"What we can do in Syria... get the citizens connectivity!!!! 
http://t.co/fETGG6qvvM
#NewDigitalAge"
336453601188794368,2013-05-20 12:09:24,Chinese man uses Google maps to locate family 23 years after being kidnapped http://t.co/2RbIwBk2UK
336199948251037698,2013-05-19 19:21:28,Google's and my view on UK tax reform  http://t.co/FMYDs9hXf3
336174915059339264,2013-05-19 17:42:00,"What’s changed is not how many conflicts there are, but how visible they’ve become. #NewDigitalAge"
334722576288976897,2013-05-15 17:30:55,"Sundar at I/O:  900 Million Android activations !!!!! ""Remember: there are over 7 billion people in the world. We have a long journey to go"""
334720600033595392,2013-05-15 17:23:04,Are you watching the @Google #io13 keynote? Plenty of time (and launches) left: https://t.co/yxznJivj0y
333442778338045953,2013-05-12 04:45:28,Psy reading the new book New Digital Age #NewDigitalAge http://t.co/ChFMRT5NRh
333414118864351232,2013-05-12 02:51:35,Psy is reading The New Digital Age http://t.co/tumbiGwUZ7
333276961919098881,2013-05-11 17:46:34,"The government asks the information be removed..  but there is no delete button on the Internet for personal weapon

http://t.co/0reLZbfBTu"
332214965874331648,2013-05-08 19:26:34,"300 million views and growing fast, Psy's next huge global hit.. time for us to learn to dance ! https://t.co/8ddEAR7sKY"
330709443937464320,2013-05-04 15:44:10,"Sir Martin Rees: ""The main threats to sustained human existence now come from people, not from nature""
http://t.co/cAfJNopo77"
330704630428336129,2013-05-04 15:25:02,Communal 3D printers in poor countries will let people make tools from open-source templates and avoid iffy delivery routes. #NewDigitalAge
330409945520541699,2013-05-03 19:54:04,Thought-controlled motion technology will create new possibilities for those with spinal cord injuries. #NewDigitalAge
330355760796168192,2013-05-03 16:18:45,"How Chinese users get around censorship today, a topic covered in our  new book http://t.co/tZ7rcNSqGv 

http://t.co/8ZRhhnqw9i"
330040418165198850,2013-05-02 19:25:42,"Here is a detailed summary of Chinese security activiities and hacking  into US firms,  http://t.co/H2ttdN9e6l 

http://t.co/k6lbJcZnjB"
330015426341900289,2013-05-02 17:46:23,"With holography, couples will be able to re-create their weddings for grandparents who weren't able to travel. #NewDigitalAge"
329999532425363457,2013-05-02 16:43:14,RT @JaredCohen: Book tour lineup today: 1-2pm MSNBC's Andrea Mitchell; 4-5pm CNN's @jaketapper  and this evening @pbsnewshour #NewDigitalAge
329999354633015296,2013-05-02 16:42:31,"Health exam by mobile phone: One of the predictions in our new book http://t.co/v3jNSfdCph
 
 http://t.co/wwpLHKEwbM"
329304870987395072,2013-04-30 18:42:54,"The carjack victim was a hero, and the phone and MB car finder helped find the suspects .. in boston
http://t.co/QQSIYCy7UA"
329304458586624000,2013-04-30 18:41:15,The #NewDigitalAge is out: http://t.co/OzeR1w3UqT. What do you think awaits us in a more connected #future?
328971749855215616,2013-04-29 20:39:11,RT @JaredCohen: We will be on @charlierose this evening talking about The #NewDigitalAge. Tune in at 8pm on Bloomberg.
328723584996495362,2013-04-29 04:13:04,"How will war, diplomacy &amp; revolution change when everyone is connected, and how can we tip the balance in a beneficial way? #NewDigitalAge"
328630679338377216,2013-04-28 22:03:54,Who will be more powerful in the future: the citizen or the state? http://t.co/mglnh9D0fF #NewDigitalAge
327545013322010624,2013-04-25 22:09:51,"The #NewDigitalAge is a book about technology, but even more, it’s a book about humans. http://t.co/HAYYvrh5k6"
327265417292808192,2013-04-25 03:38:50,"In the next decade, 5B people will come online for the first time. Who are they &amp; what happens next? http://t.co/mglnh9D0fF #NewDigitalAge"
326730765184425984,2013-04-23 16:14:19,"CNET reviews the New Digital Age
http://t.co/ZRylF9Xbor"
326532740566630402,2013-04-23 03:07:26,RT @JaredCohen: Tune in to MSNBC's Morning Joe tomorrow between 7:30 and 8am. @ericschmidt &amp; I will be talking about The #NewDigitalAge
326496914751238145,2013-04-23 00:45:05,"NPR All things considered:

http://t.co/8NIk7PWdmB

http://t.co/tZ7rcNSqGv"
326341712865787904,2013-04-22 14:28:22,RT @ariannahuff: .@EricSchmidt and @JaredCohen on the next 5 billion people coming online and the pros and cons of connectivity http://t.co…
325976163644223488,2013-04-21 14:15:48,Excerpt from our forthcoming book The New Digital Age in The Guardian: http://t.co/rejSKH4bqr   #NewDigitalAge
325704531440726016,2013-04-20 20:16:26,"Wall Street Journal today is excerpting from our forthcoming book.

http://t.co/bkboZgTIsA"
325284055119699968,2013-04-19 16:25:36,Memory prosthetics &amp; social prosthetics will free us of small burdens that add stress &amp; chip at away our mental focus. #NewDigitalAge
325031282125987840,2013-04-18 23:41:11,"As if you needed another reason to read #NewDigitalAge: it's co-authored by 1 of the #Time100! Congrats, @JaredCohen. http://t.co/sGTKQFwYqC"
324905096599179265,2013-04-18 15:19:46,"In our new book, @JaredCohen &amp; I are brainstorming the future. What do you think unlimited connectivity will bring us? #NewDigitalAge"
324761072273874944,2013-04-18 05:47:28,24-year-old Anthony Mutua of #Kenya has invented a chip that can charge phones with footsteps. Innovation from the ground up. #NewDigitalAge
324649686428426240,2013-04-17 22:24:51,"As 5 billion come online, innovation will increasingly come from the margins. Intractable problems drive change http://t.co/kEyv7ZdTTE"
324625547571376129,2013-04-17 20:48:56,There are no countries whose situations worsened with the arrival of the internet. #NewDigitalAge
324565828211187712,2013-04-17 16:51:38,"Jared &amp; I have traveled together to some of the world’s least connected countries: #NorthKorea, #Myanmar, #Libya, #Pakistan, #Afghanistan"
324249049941295105,2013-04-16 19:52:52,Met @JaredCohen on a delegation to #Iraq in 2009. Mobile devices were *everywhere*. The country had been a war zone for 6 years.
324225060246269952,2013-04-16 18:17:33,"Just one week (4/23) till the #NewDigitalAge, my book with @JaredCohen about the future of people, nations &amp; business http://t.co/5TeFmxEfDn"
324013134371241984,2013-04-16 04:15:25,"Market economies take yrs to develop, but tech provides workarounds. Think: mobile already helps #DRC fisherwomen sell a fresher daily catch"
323959731288952832,2013-04-16 00:43:13,Even modest connectivity changes lives. No one's suggesting it automatically improves conditions. But it can empower. #NewDigitalAge
323954576820678657,2013-04-16 00:22:44,Our hearts are with our friends and loved ones in Boston. Person Finder if you have or need info: http://t.co/1mm2ZNRfDk
323486611386036224,2013-04-14 17:23:12,Think about how great the internet is with 2B users. Now think about how amazing it will be when 5B come online in a decade. #NewDigitalAge
323096997588504576,2013-04-13 15:35:01,"What happens next? For the next few days, I'll be sharing some thoughts about the future. http://t.co/QaLMU9Gzw9 #NewDigitalAge @JaredCohen"
322942312093192193,2013-04-13 05:20:21,"For every person online, there are two who are not. By the end of the decade, everyone on Earth will be connected. #NewDigitalAge"
322902266183049217,2013-04-13 02:41:14,The tech community is uniting around #immigration reform through @FWD_us. Join us at http://t.co/iRyOApt94Y
280112327418843136,2012-12-16 00:49:17,"Stephen Colbert at Google!  Highlights at http://t.co/gNDlPY1y and full version
http://t.co/pEtyC0Ge
/watch?v=-HpBHWUPa8Q&amp;feature=youtu.be"
265894062765248512,2012-11-06 19:10:59,Please vote today!  And follow election on Google's election page http://t.co/si5YqseS
218074792438398977,2012-06-27 20:14:16,Google i/O: 1 million activations of Android phones and tablets every day !!!!  do the math.. more than 400 million already
189737312924610560,2012-04-10 15:31:15,"How do we get some dynamism and innovation into health care, education and government, as David Brooks outlines?
http://t.co/g0MQwnNG"
187772156346761216,2012-04-05 05:22:25,"An amazing project from MIT, Harvard and Penn aims to make print-on-demand robots a reality for the average person. 
http://t.co/3ynrNfFw"
182923172562210816,2012-03-22 20:14:17,"There is a serious possibility of destruction of our Oceans, they provide a huge part of our food supply.
http://t.co/Q32qsqj6"
182919213273460738,2012-03-22 19:58:33,"The world gets 60 ms closer !
http://t.co/tzQP8r3M"
174998347948630016,2012-02-29 23:23:52,"The Next Five Billion talk by (me) in Barcelona
http://t.co/c1PcvcD6"
174666195000246272,2012-02-29 01:24:00,"Another reason for countries to embrace the Internet.. better finances, better economics, better growth:  http://t.co/iaRhsLWY"
174304233447895040,2012-02-28 01:25:42,So so much of the world around us was invented at Bell Labs http://t.co/erdYPlxy
169248230369009664,2012-02-14 02:34:57,"MIT launches its first free course to be studied and assessed completely online. 

http://t.co/DNmtGI0v"
166744950422257664,2012-02-07 04:47:48,"And the website for the Solve For X talks

http://t.co/lFibU8cu"
166744584104312832,2012-02-07 04:46:21,"Last week we hosted a conference on the real ideas of the future.. no longer science fiction 

 http://t.co/7zH7SXtr"
162554678905798656,2012-01-26 15:17:10,"Wikipedia is going to offer free access for mobile users on Orange throughout the MENA - no data charges! 
http://t.co/Db2V7ZOv"
159717946556563456,2012-01-18 19:25:00,Take 1 minute to sign Google's petition urging Congress to vote NO on PIPA and SOPA. Defend the web!  https://t.co/f6UUk0Kw
156483410116870144,2012-01-09 21:12:06,"I thought this piece from the NYT might interest you, on the rise of China as a high-tech power.

http://t.co/64HAPDZC"
155057462536445956,2012-01-05 22:45:54,"13 out of the box ideas to fix the global economy
http://t.co/UWC8OzSA
Maybe we need some new ideas !!!!"
150518178957627392,2011-12-24 10:08:25,"RT @vkhosla: FINALLY: The Difference between Nerd, Dork, and Geek Explained by a Venn Diagram http://t.co/2xEL1KKE"
147326110844203009,2011-12-15 14:44:16,"RT @OutFrontCNN: Sneek peak: @Google CEO @ericschmidt says ""Google grew out of a system that rewarded innovation"" http://t.co/7ImFARED I ..."
92418263304249344,2011-07-17 02:20:05,"RT @IvankaTrump: ""Snow Flower and the Secret Fan"" comes out in theaters today. Ladies, definitely go see it! I LOVED this movie. #Snowflower"
60440918897082368,2011-04-19 20:33:32,I'll be interviewing Tina Fey from @google HQ on Wednesday.  Submit your questions now at   www.youtube.com/atgoogletalks   - thank you!!
60113691949023232,2011-04-18 22:53:15,Email passwords - be safe and have a recovery SMS num and use a second password (don't be a victim of evil hackers)see http://goo.gl/7R8Vs
39844081219801088,2011-02-22 00:29:03,Modern AI - Focus shifted from replacing humans to augmenting them:  man/computer can each concentrate on what do best. http://goo.gl/md2a1
37326917485072384,2011-02-15 01:46:45,Egypt: people plus technology--what an amazing force for good
28292570488508416,2011-01-21 03:27:29,Stepping up as Exec Chairman.  New to-do’s: London-Monday.  Munich-Tues.  Zurich-Wed.  Davos-Thurs….
28196946376130560,2011-01-20 21:07:30,Day-to-day adult supervision no longer needed!  http://goo.gl/zC89p
13467848143802368,2010-12-11 05:39:19,See how the World Searched with Google's 2010 Zeitgeist:  http://goo.gl/OP3BX
12979928752463873,2010-12-09 21:20:30,"RT @sundarpichai: The first Cr-48s pilot chrome notebooks should reach users today. Long ways to go, exciting to get it out. http://goog ..."
11919104835321857,2010-12-06 23:05:10,Introducing the Nexus S & Gingerbread. I said there wouldn’t be a Nexus 2 but I never said anything about the letter S! http://goo.gl/a5qUK
9491250747015168,2010-11-30 06:17:45,Check out Google's http://www.demoslam.com/  .. a place for fun demos and learn something in the process; mostly fun !
349685751488513,2010-11-05 00:52:26,"RT @JaredCohen: Our talk on ""The Digital Disruption"" last night @CFR_org: http://tinyurl.com/3amj6h8 and our article: http://goo.gl/6ByW"
29320561838,2010-10-31 23:22:25,Interesting article in the Atlantic on the Web and how people are using it to distort facts and other disinformation: http://goo.gl/qXLQ
29305441082,2010-10-31 19:51:52,Jared and my article in Foreign Affairs: think coalitions of the connected and what govts will have to/want to do http://goo.gl/6ByW
27851485686,2010-10-19 17:03:09,"RT @Arubin: the definition of open: ""mkdir android ; cd android ; repo init -u git://android.git.kernel.org/platform/manifest.git ; repo ..."
27149714004,2010-10-12 15:37:04,Fun story on Google Cars http://goo.gl/RP26 its wild to be in a car that is driving itself.  Note the wisdom of the taxi driver at the end.
27000855079,2010-10-11 03:51:05,Happy to have Michael Arrington impersonate me on Facebook http://goo.gl/ScpY lets see how he handles everything !
23920548950,2010-09-08 14:52:22,I predict big things happening today at Google.  We're already fast.. fast is about to get faster.
23255345992,2010-09-07 17:14:41,Worth reading: the launch of Google Ideas & its new Director @jaredcohen: http://tinyurl.com/39epxxr
20086981438,2010-08-01 20:52:22,Tom Friedman's column this sunday in the NYT... shows our current strategy is not working.  Sorry.  http://nyti.ms/9alBXi
18061199896,2010-07-08 20:34:29,"Also interesting on innovation, American competitiveness from my friend Andy Grove http://bit.ly/9e9hEr"
17957653726,2010-07-07 15:35:59,Surprisingly interesting on Leadership and solitude and thinking: http://bit.ly/bkuH97
16258299021,2010-06-15 22:08:52,RT @whitehouseostp: @EricSchmidt Polishing Technology’s Golden Triangle http://go.usa.gov/3wW
15375257939,2010-06-03 23:44:56,"Why we are so bad at managing risk; the gulf disaster and how to design complex, risky systems http://bit.ly/b9pFiK"
15056872303,2010-05-30 18:15:08,"The science of motivation; explained on a whiteboard, on youtube.  Absolutely fascinating http://bit.ly/ckwckZ"
14724639123,2010-05-25 23:30:59,Amazing article about the 1970s and how our society changed as a result of crime; less crime today but memory lags http://nyti.ms/aDKQyy
12979344303,2010-04-28 01:47:02,Google IPO.. what it was really like .. on Harvard Bus Review this month http://bit.ly/9GtYyb
11436510144,2010-04-01 17:45:24,Google renamed Topeka: http://googleblog.blogspot.com/2010/04/different-kind-of-company-name.html
10958628253,2010-03-24 02:38:05,talk summary: http://brainstormtech.blogs.fortune.cnn.com/2010/03/11/top-five-moments-from-eric-schmidt’s-talk-in-abu-dhabi/
10958289717,2010-03-24 02:31:22,My talk at the Abu Dhabi media conference: http://www.youtube.com/watch?v=9GMjtOSvMDs
9104295965,2010-02-14 16:54:57,Scott Pelley covers Davos on 60 Minutes on CBS tonight; worth watching.
8988287526,2010-02-12 01:48:10,My thoughts on Davos http://bit.ly/bA2yD9
8890908497,2010-02-10 06:15:37,"USS Louisville submarine tour video; impressive technology, people, and leadership  http://youtu.be/CdqCz_XM8dQ"
8890695784,2010-02-10 06:07:09,Article on jobs in the Washington Post by (me!) http://bit.ly/cG6vGW
8738388895,2010-02-06 22:12:00,"Can't wait to watch the Superbowl tomorrow.  Be sure to watch the ads in the 3rd quarter (someone said ""Hell has indeed frozen over."")"
8729523307,2010-02-06 17:31:09,#subsaturday to these @youtube channels: http://bit.ly/jimmybuffettchannel  http://bit.ly/pulitzercenter  http://bit.ly/xprizechannel
8090242616,2010-01-23 00:07:50,RT @elatable: Sergey's visit to Haiti: http://too.blogspot.com/2010/01/hope.html
8018768684,2010-01-21 07:01:14,"Worth reading ""If Your Kids Are Awake, They are Probably Online"" in the NYT http://bit.ly/5MHa3o"
8017379133,2010-01-21 05:58:49,Cute youtube video from Google about Search.. we have a whole collection of these http://bit.ly/2Z2YvM
7486109392,2010-01-07 17:44:09,Follow @PCAST44 and @whitehouseostp - Watch PCAST meeting webcast and submit Twitter comments to be read later in the mtg
7484628908,2010-01-07 16:55:19,Presidents Science Committee at the National Academies - PCAST - http://www.tvworldwide.com/events/pcast/100107/
7378575749,2010-01-04 20:52:59,Here is another provocative piece in the National Review http://bit.ly/6eCqDU
7377570037,2010-01-04 20:15:24,"Well worth reading on US business, investment and growth in the NYT today http://bit.ly/89lbSL"
6921840850,2009-12-22 07:00:46,RT @Chad_Hurley: I favorited a YouTube video -- Norah Jones and Jimmy Kimmel Sing YouTube's 12 Days of Christmas http://youtu.be/qGyIucm ...
6866756990,2009-12-20 18:20:18,http://twitpic.com/udk44 - Thanks to the sailors of the USS Louisville.. the people make the difference above and below the water
6501304670,2009-12-09 16:42:04,"AOL goes public today; good luck, best wishes, and congratulations to our friend Tim and his entire team!"
6474218731,2009-12-08 20:38:02,So glad we could integrate tweets into our Google search products; real-time really matters http://bit.ly/7jiu5p
6422684088,2009-12-07 05:34:47,WSJ op-ed on newpapers and online news; thanks to the WSJ for publishing ! http://bit.ly/895j8L
6422496134,2009-12-07 05:25:18,"CNN GPS with Fareed Zakaria on Nov 29th, starts around minute 17; Fareed is a very good interviewer   http://bit.ly/6GwGjn"
