608716680076771328,2015-06-10 19:25:40,"RT @MSFTnews: Microsoft has acquired @BStripeSoftware, a leading provider of app management software http://t.co/TBRGrfeNd2 http://t.co/78s…"
608681567599218690,2015-06-10 17:06:09,Great read &amp; inside look at how we are reimagining meetings with Surface Hub: http://t.co/WRSPT7lds9
606969700208156673,2015-06-05 23:43:48,Can't wait to see @samandmattie in action! https://t.co/nHNmgc9I4G
606566476636553216,2015-06-04 21:01:32,Great visiting my alma mater @ChicagoBooth today to chat with students. Thanks for the warm welcome! http://t.co/Ugtq3AzuAy
605818063552790528,2015-06-02 19:27:36,Love the talent &amp; creativity our interns bring to @Microsoft. Inspired by Kartik’s perseverance to pursue his dreams http://t.co/kYE8YBPRCY
605810870476611585,2015-06-02 18:59:01,Congrats to all of the award winners and nominees. https://t.co/GMakj1TjUw
605765493354405890,2015-06-02 15:58:42,Thrilled @Wunderlist is joining @Microsoft to help customers organize &amp; tackle their most important tasks! http://t.co/rJ1mjT5GEA
601474604452970496,2015-05-21 19:48:15,RT @MSFTEnable: Microsoft employees volunteer tech skills to give soldiers a home base at @USONorthwest http://t.co/XamTrwqjoh #TT4G http:/…
601474391218716674,2015-05-21 19:47:24,RT @Office: Learn about The #CollectiveProject students' lasting impact &amp; be inspired to do good http://t.co/AxVNpKW86k #OneNote https://t.…
601239997115596800,2015-05-21 04:16:00,RT @BradSmi: Incredible work by@4Afrika TVWS team for expanding wifi access and reaching kids. @4Afrika http://t.co/y4zTLDFqCo
601153077589233664,2015-05-20 22:30:37,RT @msonenote: Recipe for inspiration: #IronMan + epic fist-pump + #CollectiveProject’s students. http://t.co/2IdDK3ME37 http://t.co/5e1JDN…
598644507941281792,2015-05-14 00:22:27,RT @ShubhamSocial: Had a great day with #MicrosoftStudent: The @WindowsBlog has more on the #Braigo printer and #Windows10: http://t.co/tWG…
598644153879113728,2015-05-14 00:21:03,Congrats to all award winners &amp; educators who are transforming learning for students around the globe http://t.co/3ETDsYhBMX #MSFTEduE2
598643948475658240,2015-05-14 00:20:14,"Thank you @Yuanqing_Lenovo - looking forward to joining you, @bkrunner and Robin Li at Tech World and connecting with our customers!"
596832850772512769,2015-05-09 00:23:34,RT @SO_Washington: Thank you so much to @Microsoft for being such an integral part in bringing the 2018 National Games to Seattlle! #comcas…
595981691161677825,2015-05-06 16:01:22,"RT @MSFTaccess: ""We have an opportunity at Microsoft to empower the world."" - @jennylayfluffy http://t.co/TXqqdrWfwO #AbilitySummit"
595630805122179072,2015-05-05 16:47:04,RT @MSFTnews: .@Surface 3 hits shelves today! http://t.co/JbxyMpi2Oc http://t.co/kGQtwP5qzb
595319644321361920,2015-05-04 20:10:38,Continuing the conversation about empowering organizations &amp; industries to transform with IT. http://t.co/Zg4PKDo3HR #MSIgnite
595266794664939520,2015-05-04 16:40:38,RT @IdanPlotnik: @satyanadella presents Advanced Threat Analytics #MicrosoftATA taking User Behavior Analytics to the next level http://t.c…
595239345914826752,2015-05-04 14:51:33,Thanks @common for joining #MSIgnite today – your voice made the words even more powerful.
595238865063018497,2015-05-04 14:49:39,Thx Jose Angel for sharing how @realmadriden is transforming with the @Microsoft Cloud. Good luck with #UCL tomorrow! http://t.co/1xqF8r7S89
593483687863439362,2015-04-29 18:35:12,Empowering developers…music to my ears! Thanks @docker @Uber @StaffPad @salesforce http://t.co/ZmHrTwYCQB #Build2015
593256904513572866,2015-04-29 03:34:02,T-minus 12 hours! http://t.co/ZmHrTxgdI9 #Build2015 http://t.co/99Uu83iurb
591393131871866880,2015-04-24 00:08:04,RT @MSFTnews: Slideshow: @MSYouthSpark at @WeDay Seattle http://t.co/qLuZg0uEhH http://t.co/XsyIzAxaiN
590893604463251456,2015-04-22 15:03:08,"RT @Microsoft: Tracking the endangered Black Rhino with the help of Surface. #EarthDay
https://t.co/l8Bmiaq463"
590583214755946500,2015-04-21 18:29:45,RT @MSFTnews: .@Microsoft and @NOAA collaborate to enable data access &amp; innovation http://t.co/q3THNQrnqy http://t.co/ryIcV1ZCsl
590582450667053059,2015-04-21 18:26:43,RT @MSFTnews: At #RSAC: Read how Microsoft customers enjoy greater transparency &amp; control over data in the Microsoft cloud http://t.co/aRl3…
590231077450481664,2015-04-20 19:10:29,RT @Azure: Enjoy speed and scale with #AzureServiceFabric - http://t.co/CbfugUtccb http://t.co/RJ9kr6VmR2
589159071166533632,2015-04-17 20:10:43,Honored to join the President to discuss what empowering people means for @Microsoft http://t.co/cc13x2luUU #WorkingFamilyChamps
588811641858437120,2015-04-16 21:10:09,Thanks @LaborSec - very much enjoyed the opportunity and discussion on empowering people to do their best work.
588472862249357312,2015-04-15 22:43:58,"RT @Office365: Learn about our vision for Modern Collaboration in #Office365 in today’s post, “The Rise of Dynamic Teams” http://t.co/tvDwh…"
588072229864341504,2015-04-14 20:12:00,Welcome @DatazenBI to @Microsoft…helping customers maximize value from their data across devices. http://t.co/yIyHLBbpPT
587671861514780672,2015-04-13 17:41:04,The new industrial revolution...how #IoT is transforming manufacturing: http://t.co/2HvWbkdsnb #HM15
586675723756298240,2015-04-10 23:42:47,Look forward to joining #ImagineCup again this year. Always impressed by the creativity &amp; innovation of the teams. https://t.co/B7WWbC9AhB
586674552282841088,2015-04-10 23:38:07,"RT @Health_IT: Explore a new, interactive map that features U.S. health organizations who are using @MScloud solutions: http://t.co/yyXXBkY…"
586203209305206784,2015-04-09 16:25:10,"RT @MSFTResearch: Probabilistic programming, Infer NET, #machinelearning solve @Office365 email #clutter http://t.co/3qij1iuVTT  @DotNet"
585929303134576640,2015-04-08 22:16:46,RT @MSFTResearch: Bravissimo! #SkypeTranslator adds Italian and Mandarin https://t.co/a2OO1t9UuI @Skype #machinelearning
585871103421067264,2015-04-08 18:25:30,Working together @Microsoft #containers + @docker + Nano Server usher in the next generation of cloud: http://t.co/uW6CWfABOy
585140272423686145,2015-04-06 18:01:26,RT @Microsoft: From the battlefield to the workforce: Microsoft helping veterans transition to jobs in IT http://t.co/3RuNRNfzoz
584802747817439232,2015-04-05 19:40:14,Thanks @RealJayWilliams. Full credit goes to @bing predicts &amp; our team of data scientists...blending tech algorithms w/ human intelligence
584122661082566656,2015-04-03 22:37:49,RT @Microsoft: Microsoft announces pilot program to hire people with #autism https://t.co/LK9HSMqLEf
584021783386271744,2015-04-03 15:56:58,"Thank you to our customers, partners &amp; employees who made 40 yrs of @Microsoft possible! Look forward to the next 40 &amp; #empowering everyone"
582931984881573889,2015-03-31 15:46:30,RT @selop: Thrilled to introduce the new #Surface3 today. Learn more about the tablet that can replace your laptop: http://t.co/V2Otm72qWx
582681460538142720,2015-03-30 23:11:00,Cool data visualization of Cricket fans’ passion for the World Cup around the globe. Congrats Australia! http://t.co/oF4mI07V0k
578719628442017792,2015-03-20 00:48:06,Taking #MarchMadness to the next level with Bing’s machine learning. Check out my #BingBracketBuilder http://t.co/kiVrJmRU5t
578708150301294592,2015-03-20 00:02:29,Incredible to see the creativity of students and teachers at Sammamish High School using OneNote in the classroom http://t.co/tlQ9lLJULp
578315832356265984,2015-03-18 22:03:33,RT @TOMS: We've partnered with @SkypeClassroom to inspire the next generation of global change-makers: http://t.co/eyQ5btJBdc http://t.co/r…
577939442377224192,2015-03-17 21:07:55,RT @Windows: Say good-bye to passwords with Windows Hello: http://t.co/RJAjhUktKD #Windows10 http://t.co/kezIvWyb3u
577611085055860736,2015-03-16 23:23:08,RT @arneduncan: Congratulations @NancieAtwell for winning the Global #TeacherPrize! Thank you for teaching our kids so well! http://t.co/ce…
577585187023822848,2015-03-16 21:40:14,Great meeting customers at Convergence today...Azure IoT Suite preview coming soon to help you transform your biz http://t.co/eDHG0jljfm
577474223192424448,2015-03-16 14:19:18,Great to see you in Atlanta @DangeRussWilson ....thanks for sharing your story of how data helps you stay at the top of your game.
577468007930204160,2015-03-16 13:54:36,"In a world of big data, small patterns matter. Find them: https://t.co/6cqBJWCkmq"
575821849545732096,2015-03-12 00:53:21,RT @Microsoft: These four are helping to design the future of Microsoft. https://t.co/1LiblvqrZh
575805295412125696,2015-03-11 23:47:35,RT @Padmasree: . @Cisco partners with @Microsoft to accelerate service delivery for #cloud providers http://t.co/B7BvZhQnwd
575074359905124352,2015-03-09 23:23:06,"RT @msonenote: Watch how #CollectiveProject student Neha Gupta is starting a #RippleEffect: http://t.co/51SrDxPej4
https://t.co/UDCjD9q2td"
575068390173212672,2015-03-09 22:59:23,RT @Health_IT: .@MSPowerBI &amp; EPIC’s Cogito help @ProHealthCare instantly view quality &amp; cost metrics to improve patient care: http://t.co/9…
574658441400078336,2015-03-08 19:50:23,RT @BradSmi: Walking across the bridge for @Microsoft in Selma. Spirit of #diversity continues to march forward. #Selma50 http://t.co/jMWms…
573607755635781633,2015-03-05 22:15:20,RT @MSFTResearch: Tradition &amp; research advancements combine to fuel a new online Chinese riddle game #MLatMSFT http://t.co/E6oi2VZ3wR http:…
573530514637897728,2015-03-05 17:08:25,RT @Microsoft: Men &amp; women can both lean in for gender equality. #LeanInTogether with Microsoft &amp; @LeanInOrg: http://t.co/WnlNTcfOvW http:/…
573275945806643200,2015-03-05 00:16:51,RT @MicrosoftDCU: Watch: Take a behind the scenes look at how @MicrosoftDCU is combatting #cybercrime http://t.co/A6lSdKQvO8 @karashotcorne…
572809515294326784,2015-03-03 17:23:25,RT @MicrosoftIoT: Using #IoT and @Azure #ML to study the universe http://t.co/McA0TP97x1 @SLAClab @MicrosoftIoT @OpenAtMicrosoft http://t.c…
572452323445719040,2015-03-02 17:44:04,RT @selop: Happy to introduce the Lumia 640 and Lumia 640XL at #MWC15
571405616347897856,2015-02-27 20:24:49,"RT @CoreySandersWA: Machine, Swarm, Compose....oh my! Really great stuff from @docker today. Check out how we integrate it with @Azure: htt…"
571009015452295168,2015-02-26 18:08:52,RT @MSFTnews: .@Microsoft launches Tech Talent for Good &amp; increases volunteer match as employees raise record-breaking $117M http://t.co/kg…
570980589555228673,2015-02-26 16:15:55,"RT @MSFTnews: From #Florida to #Maine to the West Coast, U.S. governments bet on Microsoft‘s #cloud: http://t.co/bVBKalHL6H http://t.co/HBZ…"
570651117131931648,2015-02-25 18:26:43,Excited to see the creativity of youth around the globe to change the world through tech. What’s your big idea? http://t.co/LdZZi52z2s
570650572275101699,2015-02-25 18:24:33,RT @MSFTnews: Julie Larson-Green honored with Anita Borg Institute's Women of Vision Leadership Award  http://t.co/6zDEfXgQxx http://t.co/R…
570018531040890880,2015-02-24 00:33:02,"Bringing free @Office365 access to more students &amp; schools around the world to create, learn &amp; achieve more: http://t.co/MhRs0oujeM #edtech"
569930524845744129,2015-02-23 18:43:20,"RT @MSFTnews: For language, technology is both the medium &amp; the message http://t.co/KYw7asaUUd http://t.co/RD31MAjhUB"
568520523002429443,2015-02-19 21:20:29,"RT @MSFTnews: Learn how Henkel, maker of Dial and Persil, created a connected enterprise for 47,000 employees with #Office365: http://t.co/…"
568109024287141888,2015-02-18 18:05:21,"RT @scottgu: Today we released some major enhancements to Microsoft Azure (GA of Machine Learning, Hadoop Enhancements, more): https://t.co…"
568108189880709120,2015-02-18 18:02:02,RT @josephsirosh: Excited to announce the general availability release of #AzureML @strataconf this morning http://t.co/8as2lpBGh8 http://t…
567392188925874176,2015-02-16 18:36:54,RT @BradSmi: Why adopt the first int'l cloud #privacy standard? Because it puts customers in control of their data. http://t.co/i8fEcgB6lU
565983461509316608,2015-02-12 21:19:07,"RT @Windows: The Windows 10 Technical Preview for phones is now available: http://t.co/TZsZDSJLm0
 #WindowsInsiders #Windows10"
565937872209866752,2015-02-12 18:17:58,Looking forward to joining our partners at #WPC15 in Orlando! http://t.co/OzpnDotfFX
565608651474632704,2015-02-11 20:29:45,RT @MSFTnews: New York City public schools’ 1.1 million students will get free access to @Office365 http://t.co/jBNtR1exM6
565601206811512833,2015-02-11 20:00:10,Proud to welcome @sunrise to @Microsoft…to help people make the most of their time in the mobile &amp; cloud first world http://t.co/k8HI5LN15K
565215999440322560,2015-02-10 18:29:30,Proud of our employees who won Global Startup Battle with innovative tech to help children with autism http://t.co/8irhqdFK4R
564889886990168064,2015-02-09 20:53:38,RT @sama: $500k of Azure credit for YC startups: http://t.co/WWyJhsUtQn
563495904468951040,2015-02-06 00:34:27,RT @verge: Microsoft Office for Windows 10 looks like a great addition http://t.co/LE5uG9Bg64 http://t.co/B029l8TUIV
562311174973181952,2015-02-02 18:06:46,RT @msdev: We are expanding the #WinDev Program for IoT by delivering #Win10 support for Raspberry Pi 2! http://t.co/RgYXSdAsSl http://t.co…
562310889856970752,2015-02-02 18:05:38,How cloud computing is accelerating cancer research &amp; delivering more personalized medicine http://t.co/wFOLHi4Ggw #empowering
561980551989432320,2015-02-01 20:12:59,Truly inspired by Braylon’s story and so many others who show what is possible with the power of tech. #Empowering http://t.co/DnSC67ovfD
561979571650973696,2015-02-01 20:09:05,Celebrating @EstellaPyfrom &amp; her brilliant bus....#empowering kids with access to tech http://t.co/n054ikVilO
560932223948312576,2015-01-29 22:47:18,"Thanks @Riccobono, our focus is to empower people of all abilities to achieve more with tech. We value your feedback in this area"
560886118535544832,2015-01-29 19:44:06,RT @Office: Big news: #OfficeforAndroid and @Outlook for mobile! Read more here: http://t.co/Lwon1I8Ind
560262310061551616,2015-01-28 02:25:18,Powerful story on how tech can aid rehabilitation therapy for childhood strokes http://t.co/ZriA9msTzu
560215081602932736,2015-01-27 23:17:38,Bringing data culture to everyone...meet the new Power BI: http://t.co/XFAkDbkabT
559773307336007681,2015-01-26 18:02:11,Common man will always live on….RIP R.K. Laxman http://t.co/7L7k8i6k78
558699599012315137,2015-01-23 18:55:39,Congrats @levie on your #BoxIPO!
558325238778195968,2015-01-22 18:08:04,Thanks @Yuanqing_Lenovo...look forward to continuing our partnership and delivering new experiences to delight customers around the world
558002137037152258,2015-01-21 20:44:11,Our ambition is for you to love Windows and make it home - sign up to be an Insider. http://t.co/qWsXiv4GJq #Windows10
557633882812870658,2015-01-20 20:20:52,Fascinating example of how machine learning is modernizing one of the oldest industries. http://t.co/7iqNXL0PeM
557580030943838209,2015-01-20 16:46:53,.@Equivio joins @Microsoft to bring machine learning tech to @Office365 eDiscovery solutions: http://t.co/YAozDcq4Eh
557328938557399040,2015-01-20 00:09:08,RT @MSFTnews: New @Office365 open source integration with @Moodle transforms education technology http://t.co/AThvjamaVB http://t.co/8Dv36c…
557307711197425667,2015-01-19 22:44:47,Reflecting on &amp; paying tribute to Dr. Martin Luther King Jr.'s legacy. His work impacted the lives of so many around the globe. #MLK
556962774316630017,2015-01-18 23:54:07,Super Bowl bound! Congrats NFC Champs @Seahawks @PaulGAllen @PeteCarroll. Incredible game! #GoHawks http://t.co/Ucy7hCtOla
555089597361692672,2015-01-13 19:50:47,"RT @StevenGuggs: On your marks, get set, //build/!  Registration open Jan. 22, so don't forget! http://t.co/2KHKl1ns1H"
554742284705492992,2015-01-12 20:50:41,"RT @MSFTenterprise: MSFT powers interactive, personal experiences at @Hardees, @TGIFridays, &amp; @GameStop: http://t.co/xFUWXKcV0s #NRF15 http…"
554707366394880002,2015-01-12 18:31:56,New tools from @GitHub &amp; @visualstudio for student devs to build the next great app: http://t.co/MNBhtgrlgF
553279722298175488,2015-01-08 19:58:59,"RT @Microsoft_EDU: Together, @MdPublicSchools &amp; #MSFTEDU respond to the @WhiteHouse #ConnectEd tech for schools challenge in a big way http…"
553234773422772225,2015-01-08 17:00:23,Great variety of new premium @Windows devices at #CES2015. Which one was your favorite? http://t.co/FEIBbF2Zdq
550366010453532673,2014-12-31 19:00:56,"Some of my favorite @Microsoft tech from 2014, sketched on a Surface Pro 3. Look forward to what’s ahead in 2015. http://t.co/Zjge5iNbRc"
547933777985802240,2014-12-25 01:56:07,RT @richardbranson: A sleigh landed on the roof of @virginatlantic #FestiveFlights over Greenland. Who could it be? http://t.co/PuSxqLvuHt
545665349245353984,2014-12-18 19:42:11,Open source and the cloud: Changing the lives of people with Type 1 diabetes | News Center http://t.co/mhnaQTX7Dt
545665052557066240,2014-12-18 19:41:01,RT @MSFTnews: Connecting more customers in emerging markets with Windows Store http://t.co/Dcxr4sL1Pv http://t.co/Ect44w4LsT
545333320423194624,2014-12-17 21:42:50,RT @Gizmodo: Microsoft's awesome photo-sharing app just got even better http://t.co/bdtV4lSFnH http://t.co/Mg1l8E9TDb
544990669442256898,2014-12-16 23:01:15,Cool use of @Azure RT @MSFTResearch Watch how cloud computing helps make sense of Brazil's cloud forests http://t.co/pGiroOuAw4
544622847029571587,2014-12-15 22:39:39,.@Skype just took simultaneous translation from #sciencefiction to #sciencefact...http://t.co/A4xjvE5khq #SkypeTranslator
544562192159227904,2014-12-15 18:38:38,"We believe #privacy matters...great to see business, media, tech, civil society agree &amp; support our filing http://t.co/X1WbpfpKhC"
543841028793319424,2014-12-13 18:52:59,Some books I enjoyed in 2014…and more to add to my reading list for 2015 http://t.co/J3xj1Y8aw0 via @WSJ
542854641105793025,2014-12-11 01:33:26,Everyone Starts Somewhere...give #hourofcode a try. http://t.co/GJKozhPqZI
542853147505750016,2014-12-11 01:27:30,"Coding at http://t.co/tbzMPkvTfF...Inspired by students' passion for learning, imagining, creating #HourofCode http://t.co/g6j4t4oFv3"
542436916881141760,2014-12-09 21:53:33,RT @Skype: Watch @AnnieMovie’s @IamQuvenzhane discuss creating new career paths and building robots thanks to @WomenWOW: http://t.co/V821Nl…
542380549391003648,2014-12-09 18:09:34,The next step for Microsoft Cloud for Government – the most complete cloud for every government org: http://t.co/GPX6Rl7dLO
541980238285000704,2014-12-08 15:38:52,Teaming up with @Accenture &amp; @AvanadeInc to bring a powerful #hybridcloud solution to the enterprise: http://t.co/EIiUUxG1L5
540986340171456512,2014-12-05 21:49:29,"RT @Windows: #Cortana for Windows Phone arrives as a developer preview in France, Italy, Germany &amp; Spain. http://t.co/ctLvYxe79E http://t.c…"
540659603571109892,2014-12-05 00:11:09,RT @MicrosoftIoT: From oil platform to gas pump. #IoT and @ROKAutomation's #ConnectedEnterprise  http://t.co/HpgmsX44SK http://t.co/1qzldaQ…
540285674167885825,2014-12-03 23:25:17,Oh my…@GeorgeTakei tests out Skype Translator http://t.co/KPTzkCMWDo
540029534234361857,2014-12-03 06:27:28,Inspired by the power of #GivingTuesday….Helping young people do &amp; achieve more. http://t.co/Gjp8XTV3An
539287648477523970,2014-12-01 05:19:29,RT @MSFTnews: Bing shares the top searches of 2014 http://t.co/YU0jsKdONb http://t.co/2jriC1Mu7z
538848034843418624,2014-11-30 00:12:37,Congrats @TeamGleason on your HOF induction tonight. Truly well deserved…you’re an inspiration to many. #AppleCup #NoWhiteFlags
538039528145965056,2014-11-27 18:39:54,RIP Phil Hughes....you will be 63 not out for ever! Be strong Sean Abbott.
537306893929037824,2014-11-25 18:08:40,.@CarnegieMellon is creating smarter buildings using #Azure and #BigData http://t.co/uCkAg7dFkh
537008673441067008,2014-11-24 22:23:39,RT @MicrosoftIoT: On board this #IoT-enabled floating hotel for offshore workers: http://t.co/mGFnzOQsNs #IoYT http://t.co/IsX2DX8imr
535524746260017153,2014-11-20 20:07:03,RT @Microsoft_Gov: .@Office365 becomes the first #cloud-based communication and collaboration service to obtain #FedRAMP authorization: htt…
535524300023791616,2014-11-20 20:05:17,RT @MSFTnews: Lufthansa &amp; Austrian Airlines to equip pilots with @Surface Pro 3 http://t.co/t12kUqCETx
535105200214654976,2014-11-19 16:19:56,@manuelvalls thank you for the productive discussion. The French startup ecosystem is inspiring indeed!
534780197971578881,2014-11-18 18:48:29,Goal! Working with @realmadriden to put fans at the center of the game http://t.co/JAwzf5HonK
532568699035602945,2014-11-12 16:20:47,"New tools for every developer building any app, on any platform, and a more open .NET, @VisualStudio https://t.co/36TKksi8tk #VSConnect"
531861307683659776,2014-11-10 17:29:51,"“Our Age of Anxiety is, in great part, the result of trying to do today's job with yesterday's tools &amp; concepts” http://t.co/r7oJAHl0mM"
530417866412027904,2014-11-06 17:54:08,"@sundarpichai @Office Thanks, looking forward to more opportunities to work together."
530380300107661312,2014-11-06 15:24:52,"Life just got easier with new apps from @Office letting you get things done from anywhere, on any device: http://t.co/2Nn7FuN3Hm"
530163762938920961,2014-11-06 01:04:25,Incredible tech for the visually impaired to explore their city independently &amp; with confidence: http://t.co/iruhM63RyP
529690056861032448,2014-11-04 17:42:05,Great to partner with @drewhouston to bring @Dropbox to @Office and give our customers tools to easily do more http://t.co/sXyK11CqCZ
529482182020956161,2014-11-04 03:56:04,Thanks for a great evening @MadronaVentures. Great to see the Seattle business &amp; innovation community come together.
529301532173287424,2014-11-03 15:58:13,"RT @MicrosoftAfrica: In Kenya we've launched the EmployMentor programme, helping over 150 female graduates start their career with @ACWICT …"
528304565867642880,2014-10-31 21:56:38,"RT @bing: As you walk this haunted forest, just keep telling yourself, “It’s only a search engine..."" http://t.co/51HEBjZrnA http://t.co/SF…"
528300503835234304,2014-10-31 21:40:30,"RT @scottgu: I just blogged about our new Azure Real-time data streaming and Data Factory services.  Very, very cool services: https://t.co…"
527839397799264256,2014-10-30 15:08:13,"Inspired by @tim_cook: “Life’s most persistent &amp; urgent question is ‘What are you doing for others?’"" http://t.co/wjzW5QPxqY via @BW"
527185625309401088,2014-10-28 19:50:22,"RT @MSFTnews: New blog post: Helping IT professionals and developers do more in the mobile-first, cloud-first world http://t.co/glxpns0KMF"
526848679655657472,2014-10-27 21:31:28,"RT @MSFTnews: .@Microsoft to modernize Special Olympics, raise system to the cloud http://t.co/PzwWP2ebSO http://t.co/8w3avxiyVK"
524287402185998336,2014-10-20 19:53:52,Congrats @jennylayfluffy on being named @WhiteHouse Champion of Change! Inspired by all you do. #Champs4PwDs http://t.co/MiQXXkaNAo
524275855837499392,2014-10-20 19:07:59,Microsoft Cloud: the most complete cloud http://t.co/k5ZA0OzzGF http://t.co/elAUuWlG7L
523176777749766144,2014-10-17 18:20:38,Building a future where anyone can converse with ease – regardless of the language you speak: http://t.co/W3gQLgYCO1
520379421769748480,2014-10-10 01:04:56,Thanks for the feedback – further thoughts here: http://t.co/VbKkvsuv1N #GHC14
520311425726566400,2014-10-09 20:34:45,Was inarticulate re how women should ask for raise. Our industry must close gender pay gap so a raise is not needed because of a bias #GHC14
519967118389825536,2014-10-08 21:46:36,Thanks #GHC14 attendees for the questions on Twitter! Look forward to an engaging conversation with @MariaKlawe tomorrow
519891215978745856,2014-10-08 16:44:59,Coding is fun! Help us get 100M students to see how it can help them achieve great things. #HourofCode http://t.co/OGmqlhQhl3
519716642234707969,2014-10-08 05:11:18,"Great video…OneNote empowering teachers, students and parents to teach, learn &amp; collaborate in new ways http://t.co/4cUiTsKDlS"
519518968143310849,2014-10-07 16:05:48,Great conversation with @merv &amp; @dreeves1 today at #GartnerSYM. Look forward to talking more about the Cloud on Oct 20th in SF
519234651458531328,2014-10-06 21:16:02,"“Creating is the essence of life”…@Adobe @Microsoft empowering the creatives with hardware, apps, &amp; the cloud http://t.co/G4vGfLt1mm"
518954188210855936,2014-10-06 02:41:34,RT @MSFTnews: Get inspired by these 5 amazing young people using tech for good: http://t.co/HisczBEahc http://t.co/E13tAY4mEf
517443778882588673,2014-10-01 22:39:45,I've enjoyed using Windows 10 for weeks and look forward to feedback on the Technical Preview:  http://t.co/yIA7vD4pwl
511627503912247297,2014-09-15 21:27:57,Inspiring story...RT Read how @TeamGleason &amp; @Microsoft are making a difference in the fight against ALS http://t.co/igwF4SZhkF
511500936821223425,2014-09-15 13:05:01,Thrilled to welcome the Minecraft community to the MSFT family &amp; excited about the open-world possibilities ahead! http://t.co/es1eMMYOEr
509747713588482048,2014-09-10 16:58:20,Inspiring stories of impact with #YouthSpark…and expansion of computer science opportunities for youth: http://t.co/wAMw0sJaE3
509184363292925953,2014-09-09 03:39:47,"Congrats to @UW’s Mary-Claire King! Local science, global scale: http://t.co/6OLU2XuIpL #Lasker"
509082194661212160,2014-09-08 20:53:48,Machine learning meets Office documents….watch the new Office Graph come to life: http://t.co/79qDARSSAs #Delve
507615032356532225,2014-09-04 19:43:49,Good luck to @PeteCarroll @Seahawks tonight. Wishing you an incredible season! #GoHawks
507220416692109312,2014-09-03 17:35:45,"Gaming for a mobile-first, cloud-first world with @JumpStart3D @Azure http://t.co/PcpOFONCvz"
506911395837800449,2014-09-02 21:07:49,"RT @Azure: Get it now! #Azure Infographic with overview of features, services, and common uses: http://t.co/aKlUGpu5sI http://t.co/8RcVzJFU…"
505422518262321152,2014-08-29 18:31:33,"Another step forward in bringing a cloud to everyone, on every device: https://t.co/1jf4OSuKrO"
504413546638102529,2014-08-26 23:42:15,Remarkable stuff! RT @erichorvitz: Great audience at #KDD2014; enjoyed sharing @MSFTResearch work on ML/data science http://t.co/NpcXQVESQ8
503987793274867712,2014-08-25 19:30:28,Productivity on the ocean with @RoyalCaribbean http://t.co/g6qm4oxxM9
502511428163489792,2014-08-21 17:43:55,Tristan’s story is truly inspiring: http://t.co/KAGNgcFjY8
501428952942915584,2014-08-18 18:02:33,Mesmerizing video &amp; @medialab project on UI of the future: http://t.co/CWIsyB0Hzv
500683702780039168,2014-08-16 16:41:11,"Don’t just ask a question, have a conversation with @bing http://t.co/XU2PWcmqTv"
499691316251328512,2014-08-13 22:57:48,Proud of hackathon winners Ability Eye Gaze: incredible work with @TeamGleason to make tech accessible to everyone. http://t.co/n1AiOa1p2W
499686449474596865,2014-08-13 22:38:27,"This one's for Steve. You’re up, Jeff Bezos &amp; Larry Page. Donate to @TeamGleason @ALSassociation. #icebucketchallenge http://t.co/HASJDg7P6k"
499572160067694592,2014-08-13 15:04:19,Congrats to Maryam Mirzakhani for inspiring us through symmetry of spherical surfaces to breaking glass ceilings! http://t.co/MhxVAmaZVy
498879850367950848,2014-08-11 17:13:19,Wow…first time seeing “Hyper-lapse” in action. Even novice videographers like me can make a professional-grade videos!http://t.co/1GniDqfDhm
495288512661303296,2014-08-01 19:22:38,"Honored to judge #ImagineCup with @hadip, @hueypriest. Congrats to World Champ @Eyenaemia – incredible project! http://t.co/NDOWKAH2sc"
494882909757513729,2014-07-31 16:30:54,Truly amazed by this demo. Thanks @TeamGleason for joining our hackathon &amp; inspiring us to imagine what’s possible http://t.co/MAA9Su47o8
494259194493538306,2014-07-29 23:12:29,Azure ML would have allowed me to predict this post http://t.co/EPrDRbm7Kz from @johnplattml back in 2009: http://t.co/8lyRAMKn6a
494217685941497856,2014-07-29 20:27:33,RT @Azure4Research: How might climate change affect our food supply? #climatedata http://t.co/bNI83PhPTp
492325377176395776,2014-07-24 15:08:11,Changing the world: @microsoft quest for a quantum future - http://t.co/3VINawjads http://t.co/TdStguVwZy
492323529807781890,2014-07-24 15:00:51,This blackboard may contain secrets of the universe... http://t.co/RzodckR6fF
489407122946277376,2014-07-16 13:52:05,Congrats award winners &amp; finalists…Great examples of achievement from around the world! #WPC14 http://t.co/k9qSXcb9eS http://t.co/vNllahjFm3
488852342172033025,2014-07-15 01:07:35,Thanks @WalterIsaacson for a great @brainstormtech discussion on everything from machine learning to literature. #FortuneTech
488669761434177536,2014-07-14 13:02:04,A warm welcome to every #msPartner joining us for #WPC14! http://t.co/qpFQsl4Vgv
482568136999202817,2014-06-27 16:56:24,“We learn more by looking for the answer to a question &amp; not finding it than we do from learning the answer itself.” L. Alexander
482336076229382145,2014-06-27 01:34:16,Great example of cities harnessing &amp; utilizing data to power people &amp; improve safety: http://t.co/ld0DCOm3Hj #IoT
482261335762161664,2014-06-26 20:37:17,Giving #developers in Africa a chance to finally protect &amp; market their valuable innovations http://t.co/cWHtPKFghb #IP4Afrika
481609588194566145,2014-06-25 01:27:28,Every child deserves opportunities in tech. Thx @ClintonGlobal for your belief in #YouthSpark #CGIAmerica http://t.co/B62uECgOSA
480745369521754112,2014-06-22 16:13:22,Explorations in math can happen at any age...cool approach to making math fun for 2nd graders: http://t.co/zTew8xufp7
480028743348797440,2014-06-20 16:45:45,"“Focus on the journey, not on arriving at a certain destination.” Great read! http://t.co/YDvT7Fe17r"
479290474318921731,2014-06-18 15:52:08,A day at MIT…learning from faculty and students on “hacking the world” for the better. http://t.co/EbU3ZxPj0w
479284016047091712,2014-06-18 15:26:28,"RT @LACountyCEO: Very cool! 105,000 County employees will now be using @Microsoft @Office365 to run the nation’s largest County http://t.co…"
479147198991437824,2014-06-18 06:22:49,Calling all #IoT devs &amp; startups! Next @MSFTVentures accelerator to be held in Redmond: http://t.co/bTl5oh4yHq
478987043532328961,2014-06-17 19:46:25,RT @BradSmi: Good to see the WH ban workplace LGBT discrimination. @Microsoft has long followed this principle &amp; it has served us well.
478673972708380672,2014-06-16 23:02:23,RT @MSFTResearch: Catapult propels datacenter services into the future @Bing @MSFTResearch @dcburger #FPGA http://t.co/pqX5eUABWM http://t.…
478571753451446272,2014-06-16 16:16:12,Today is a big milestone for democratizing machine learning for developers everywhere. http://t.co/JtJyB88H4V
478256346354036737,2014-06-15 19:22:53,"“I believe that what we become depends on what our fathers teach us at odd moments, when they aren't trying to teach us"" - Umberto Eco"
477971046092398593,2014-06-15 00:29:12,Congrats to today’s @Booth_Insider grads… “It’s not what the world holds for you. It's what you bring to it.” - L.M. Montgomery
477849543577313280,2014-06-14 16:26:23,"Making the impossible, possible. Would love to see the Warp Drive Ship become a reality someday! http://t.co/Amwv6E5J1s"
477496320920256512,2014-06-13 17:02:49,Power BI analyzes the World Cup…All the questions you want to ask and visualize! http://t.co/k0r357XKHf
477147445923557377,2014-06-12 17:56:30,"Futbol, football, fuβball, Soccer: @Bing on @Twitter can help translate the beautiful game: http://t.co/nBEYv4uZKO http://t.co/siLMLTf45L"
476239928058073088,2014-06-10 05:50:21,"Developer goodness, Docker &amp; Azure ..http://t.co/ta2cU9K6kY &amp; http://t.co/NVc8tjm0hh"
475714614211010560,2014-06-08 19:02:57,http://t.co/dkZd61DJSC ...enabling apps for a more personal computing era
474585793697042432,2014-06-05 16:17:25,"Thrilled to be a judge at #ImagineCup 2014...35 teams, 5 days, countless ideas. http://t.co/Okrj8ikQJI"
474326781881630720,2014-06-04 23:08:12,Congrats to our =partners that announced new Windows devices at Computex this week @MicrosoftOEM http://t.co/mkPiX5Uudm
474310809070215168,2014-06-04 22:04:43,RT @GeorgeTakei: Microsoft turned Skype into something straight out of Star Trek: http://t.co/tPV23Dzy95
472401218782769152,2014-05-30 15:36:42,"Congrats, to the two Scripps Spelling Bee champs…as for me, I’m glad we have the red squiggly line in Word! http://t.co/UTvLWbThNb"
472113819943059457,2014-05-29 20:34:40,Thanks for the partnership @Benioff and the @salesforce team. Ready to hop on the phone at 1:45 with 100 of our closest friends?
472112324195532801,2014-05-29 20:28:44,"Excited about partnering with @Salesforce to enable a mobile-first, cloud first world  http://t.co/lClzr9jFwP"
471695098489483265,2014-05-28 16:50:49,“All great achievements require time.” RIP Maya Angelou. Your achievements will last long beyond your lifetime.
471529954069725184,2014-05-28 05:54:36,"7/7 The most powerful OS in the world is still the human being, that’s what drives us into the more personal computing era"
471529559146639361,2014-05-28 05:53:02,"6/7 More Human. Technology is at a point where it starts to understand us, becomes more personal – see Skype Translator"
471529150797213696,2014-05-28 05:51:24,5/7 Balanced Monetization. One business model does not fit all. Balance is achieved by putting people at the center
471528989283340289,2014-05-28 05:50:46,4/7 Data is our most precious natural resource. Our task is to refine data into the fuel for more personal experiences
471528903019085824,2014-05-28 05:50:25,"3/7 People centered. Apps power experiences across devices. We will not be bound to one app, on one device, in one place"
471528813885534208,2014-05-28 05:50:04,"2/7 Four characteristics: people centered, data fueled, balanced monetization, more human"
471528725264494592,2014-05-28 05:49:43,"1/7 In the spirit of @pmarca , a set of tweets to define the more personal computing era (h/t to @evanspiegel )"
471500523367976961,2014-05-28 03:57:39,My highlight of the day: Skype Translator demo @ #Codecon with @karaswisher and @waltmossberg http://t.co/Lv80KhLY8R
468877997937012737,2014-05-20 22:16:40,"RT @panos_panay: + sketch of features RT @satyanadella today’s @Surface event, sketched on a #SurfacePro3 http://t.co/BR2pt9SHY4 http://t.c…"
468850282554994688,2014-05-20 20:26:32,"today’s @Surface event, sketched on a #SurfacePro3 http://t.co/Tv7S8ACgxP"
468751841443205120,2014-05-20 13:55:22,"hey Cortana, what's the weather like in New York today? http://t.co/0G46Lvrn6l"
467425828406820866,2014-05-16 22:06:16,I love online courses….and so do 2m Microsoft students http://t.co/jGsnlRzY19 @MSVirtAcademy http://t.co/Re3YhUA8bD
466012820870410241,2014-05-13 00:31:29,RT @InTheCloudMSFT: had a blast sharing the MSFT cloud vision at #msTechEd today. what a bright future for IT! watch it on-demand here: htt…
464183328216604672,2014-05-07 23:21:44,Excited to join WPC in July! Looking forward to meeting and connecting with partners from around the world. http://t.co/el8yur3FWr
463723707077099520,2014-05-06 16:55:22,"Congratulations @MichaelDell on 30 years of @Dell, here’s to #Dell30more"
463093877209960448,2014-05-04 23:12:38,"Gary Becker... RIP...a great mind, who applied quintessential Chicago school analysis to many new areas..http://t.co/y7oGXxGA8V"
461983796904992769,2014-05-01 21:41:35,"Inspired by your ideas! Cheers to Dominic, Juan, Laura, Sara &amp; Sathya. Winners of #YouthSpark Challenge for Change http://t.co/RhBT37w21C"
461563690865553410,2014-04-30 17:52:14,Gives fresh meaning to “pounding away on the keyboard.” New research on stress levels of computer users http://t.co/8sSHdbFN8n #chi2014
459836922685571073,2014-04-25 23:30:40,@LBellBell An true mentor in every sense of the word!
459718001348972544,2014-04-25 15:38:07,"RT @BradSmi: Finally, a way to be in 2 places at once, NY &amp; Seattle. Thanks to #Skype &amp; @Microsoft Research. http://t.co/BglH48RCpr"
459538492494594049,2014-04-25 03:44:49,.@jennylayfluffy inspired by your story and proud of our team’s work on our Ability Summit today http://t.co/5bX0h2bR4O #MSFTAbility
459377179449520129,2014-04-24 17:03:49,"Major coding starts tomorrow @MSFTResearch hackathon, connecting women at universities around the world #MSHack
http://t.co/1Zy0b3vZYH"
458721089707712513,2014-04-22 21:36:45,@SEACityLight &amp; @SEA2030 doing great work to increase #efficiency of large #Seattle buildings http://t.co/LGCFmje8Yo #EarthDay #smartcities
457378260188274688,2014-04-19 04:40:49,".@elonmusk congrats, one giant leap for @SpaceX today"
456945173964943360,2014-04-17 23:59:53,RIP GGM…the “magic” of magic realism will bring a smile for generations to come http://t.co/T1tc7tECms
456136489663860737,2014-04-15 18:26:28,.@smfrogers love this data visualization installation. thanks for turning big data into art
456133776947425282,2014-04-15 18:15:41,great doodle of the world of data. catalyzing data exhaust into fuel for ambient intelligence http://t.co/GayjelefsE http://t.co/zO597DXUED
455908796007596032,2014-04-15 03:21:42,01100100 01100001 01110100 01100001 00100000 01101001 01110011 00100000 01100011 01101111 01101111 01101100 http://t.co/xS6ZZVTfXN
454028962859982848,2014-04-09 22:51:54,inspiration for more reading http://t.co/FBAEUzRQ9y
451420383934025729,2014-04-02 18:06:21,Backstage at #bldwin http://t.co/jBlasqF1mc
451106102784962560,2014-04-01 21:17:30,"Happy 10th birthday, @Ch9 – looking fwd to more conversations with developers at #bldwin tomorrow http://t.co/kGjN8bnM2S"
449604995361411073,2014-03-28 17:52:39,looks like it's a productive Friday for #iPad owners! http://t.co/hjoDxxbp7c
449279798884306944,2014-03-27 20:20:25,"Thanks @tim_cook, excited to bring the magic of @Office to iPad customers #cloud4mobile"
449245222870867968,2014-03-27 18:03:02,Today I discussed the magic of what’s possible with #cloud4mobile. More thoughts here:   http://t.co/BZKJzuh39i http://t.co/rMafV4boht
449237617389752320,2014-03-27 17:32:49,"RT @fmanjoo: That MS demo was very smooth, very well produced."
449042748201369600,2014-03-27 04:38:28,"Great to be in San Francisco, looking forward to talking about the intersection of cloud and mobile tomorrow http://t.co/kIYepylcOM"
449033108503810048,2014-03-27 04:00:10,@ClippyTheClip nice try buddy :)
447146616667901952,2014-03-21 23:03:55,Spring is in the air in Redmond! http://t.co/218FMFqpZu
446323564346486784,2014-03-19 16:33:24,.@schoolincloud launches with #sugamitra at #TED2014. Incredible potential for cultural learning.  Join the global movement @TEDprize
445953183420907520,2014-03-18 16:01:39,congrats Leslie http://t.co/WRSEC24HXU - one of these days I will truly understand how Paxos works :) http://t.co/LWw2qKfgES
445703664141737986,2014-03-17 23:30:08,Congratulations to @TEDTalks on 30 years of sharing big ideas! Looking forward to listening to this week’s sessions. #TED2014
438754929952313344,2014-02-26 19:18:21,Grass roots innovation in action - the start-up culture in @Microsoft #Garage http://t.co/hKXkSqKzZE http://t.co/mkpF2yH7LR
438470563560816640,2014-02-26 00:28:23,One final record set as #WindowsAzure helps NBC bring Sochi Games to millions http://t.co/YEb4s5ESDJ
434451056404082688,2014-02-14 22:16:18,@JeffRaikes I added The Boys in the Boat to my weekend reading list - thanks for the recommendation
431225666223079424,2014-02-06 00:39:45,.@PaulGAllen @Seahawks congrats on a great season http://t.co/aFQ4h8qEvk
430890529472004096,2014-02-05 02:28:02,first commitment as CEO...i won't wait 4 years between tweets!
18326755721,2010-07-12 03:47:33,RT @Chewtheweb Microsoft Bing News Beckons Google News Haters: ...http://bit.ly/cPt8cS
15642422074,2010-06-07 16:59:44,HTML5 - what fun!
9037449521,2010-02-13 02:29:39,at Garlic Crush http://loopt.us/ArEBdw.t
9037296218,2010-02-13 02:25:43,at Barrier Motors http://loopt.us/bB-uJg.t
9025192289,2010-02-12 20:51:38,"in Bellevue, WA http://loopt.us/Zr0V9Q.t"
8987655530,2010-02-12 01:31:40,awesome to see spatial search meme catch-on http://cot.ag/d6FtIe
5412802115,2009-11-04 04:59:26,new msn @  http://bit.ly/bhhhs
5378202306,2009-11-03 00:48:21,playing with my new msn hp!
5048991950,2009-10-21 18:12:17,http://bit.ly/3sUSVa - check it out at noon!
5023568296,2009-10-20 17:46:07,Web 2.0 & Bing.... looking forward to some exciting stuff!
3984729995,2009-09-14 17:48:42,visual search on http://bing.com/visualsearch
2908956107,2009-07-29 12:57:06,Bing on Yahoo!
2727031448,2009-07-19 20:41:12,I may break my continuous work  day record!
2420988864,2009-07-01 14:56:09,Looking forward to Bing's Twitter answer!
2067257569,2009-06-07 19:01:44,asp.net mvc framework is  nice... need a day to refactor my spaghetti!
2062073776,2009-06-07 05:16:16,"some nice bing nl... :  http://bit.ly/19Gcnu ,   http://bit.ly/cEkYQ &  http://bit.ly/x9puw"
2061369168,2009-06-07 03:43:29,check out bing maps worldtour...  http://bit.ly/Aoa07
2044520736,2009-06-05 16:28:46,i am really digging the bing mobile stuff to come!
1987999001,2009-06-01 04:24:24,Bing IT On!
1504930865,2009-04-12 20:49:19,azuring away today!
1460990713,2009-04-06 04:20:11,All About H. Hatterr... quite a read!
1454694394,2009-04-05 01:37:39,great evening to be watching some good old fashioned test cricket!
1445457318,2009-04-03 14:13:33,Lots of interest today again on RT streams and search!
1436565496,2009-04-02 04:55:24,muking around omuk!
1198103296,2009-02-11 04:49:37,machine learning!
