611032856932933633,2015-06-17 04:49:20,"Congrats to Abby Wambach and the US Womens team, onto round of 16 in the world cup! #WomensWorldCup"
611031086454325248,2015-06-17 04:42:18,RT @StephenCurry30: Promise to all the Warrior fans...we will figure this thing out...if it's the last thing we do we will figure it out
610997187900669952,2015-06-17 02:27:36,"RT @Jason: let's do this @warriors!  
cc @DavidSacks @chamath @phil_hellmuth @westcoastbill @Maidenberg @bgurley @sundarpichai @bhorowitz @‚Ä¶"
610660776991309824,2015-06-16 04:10:49,"RT @nytimes: Race after race, this teenager crosses then finish line ‚Äî then collapses http://t.co/LwvIi5G7eN http://t.co/SWsZLmhQ16"
610240240582668288,2015-06-15 00:19:45,#goldenstatewarriors http://t.co/zA6XZIrObD
609902345741189120,2015-06-14 01:57:05,RT @igrigorik: moving web platform security forward: http://t.co/d9YFVRjb5X - awesome overview of new and upcoming security work (and featu‚Ä¶
609570835779555328,2015-06-13 03:59:47,RT @ValaAfshar: Google ‚ÄòHeadquarters‚Äô in 1998 http://t.co/w5rQWwz8rU
607749648384561152,2015-06-08 03:23:02,RT @brainpicker: Computing pioneer Alan Turing died on this day in 1954 ‚Äì may we never forget why http://t.co/H6P8lB2hpr http://t.co/CDWfA3‚Ä¶
607425047859363840,2015-06-07 05:53:11,@Padmasree best wishes
607216708596592640,2015-06-06 16:05:19,RT @FiveThirtyEight: Lionel Messi is once again on the precipice of glory: http://t.co/MCm5qukuQg http://t.co/TYsJFL1ZKo
606671381762220032,2015-06-05 03:58:23,RT @warriors: !!!!
606201456765636609,2015-06-03 20:51:04,RT @msquinn: Photo from 1st untethered spacewalk in 1984. @NASA spacesuit eng team doing an AMA in 10 mins: http://t.co/3P63Nur8DP http://t‚Ä¶
606111703600787456,2015-06-03 14:54:25,RT @xamat: Pretty blown away by #GooglePhotos . Thanks @Google for solving a problem so many have tried to solve before.
605935660201971713,2015-06-03 03:14:53,"I have followed football since the days of Socrates, Zico and the glorious Brazilian team then. Today is a good day. http://t.co/IT1QorP9xs"
605811383750369280,2015-06-02 19:01:03,"RT @inboxbygmail: Inbox now helps you get right to other apps, like HotelTonight and Eat24 faster. http://t.co/VFNuqb4TBI http://t.co/LXOgQ‚Ä¶"
605751656035151872,2015-06-02 15:03:43,"RT @waltmossberg: The new Google Photos: Free at last, and very smart. Here‚Äôs my review. http://t.co/cz40EOQbDN http://t.co/0FqI4fSXm1"
605104195776057345,2015-05-31 20:10:57,"RT @mashable: Recycling center looking for woman who left behind rare $200,000 Apple I computer. http://t.co/Vk7pODr0Of http://t.co/hqSIioS‚Ä¶"
604342825778466817,2015-05-29 17:45:32,"@backlon Love the tech and the details behind the site and the app, thanks for the immersive look at #io15"
604342572094349312,2015-05-29 17:44:31,RT @backlon: I wrote a lot of things! https://t.co/a7JU6ez0W4
604342387578511360,2015-05-29 17:43:47,@msquinn thanks:)
604317004779008000,2015-05-29 16:02:56,RT @adamlashinsky: Google's Sundar Pichai: This is why we can afford to be patient via @FortuneMagazine http://t.co/CwykmSKo9Q
604304602599542784,2015-05-29 15:13:39,RT @davidlee: Whoa - @googlephotos is amazing. Cc @dflieb @sundarpichai
604200978330472449,2015-05-29 08:21:53,@davemorin @pmarca well said. congrats!
604048060063174656,2015-05-28 22:14:14,RT @googlephotos: Google Photos is now live in the App Store! Download the app at https://t.co/v2OL3OycQt.
604047586626953218,2015-05-28 22:12:21,RT @timoreilly: I failed for an hour on Memorial Day to find this photo of my great uncle's gravestone.   Google Photos took seconds http:/‚Ä¶
604027921125105665,2015-05-28 20:54:13,RT @Android: The new Google Photos app is here https://t.co/qnBWKHBdqF
604024541027770369,2015-05-28 20:40:47,"RT @pmarca: Google I/O is like Free Ice Cream Day for the world. Extraordinary contributions to progress. Fantastic work, well done!"
604023679505195008,2015-05-28 20:37:22,RT @claybavor: We've had a few GoPro cameras laying around the office recently... http://t.co/BGikx4YoN4
603986370776846337,2015-05-28 18:09:06,RT @TheFunnyHipster: Offline maps can be very useful for me. Thank you @sundarpichai @google
603983482277113856,2015-05-28 17:57:38,"RT @SusanWojcicki: #HappyBirthdayYouTube! Celebrating 10 years today from A-Z:
https://t.co/43DIAeNxNs"
603981073362485248,2015-05-28 17:48:03,RT @stripe: Android Pay is coming. Learn more and sign up for the beta: https://t.co/CyIuAYvrbX http://t.co/aUKAzq33lf
603979579506630656,2015-05-28 17:42:07,RT @joshuatopolsky: Google's new app-context-aware search is completely insane and huge
603979435595804672,2015-05-28 17:41:33,"RT @fmanjoo: Google is launching a new photo service, Google Photos. They‚Äôve long had the best photo service, but it was buried in G+. No l‚Ä¶"
603979379329273856,2015-05-28 17:41:20,"RT @Recode: At I/O, Google introduces newest version of Android, two payments products http://t.co/dJkQCgqw1X http://t.co/4eeT8j3iUo"
603979155810615296,2015-05-28 17:40:26,RT @StevenLevy: .@sundarpichai now explaining how deep learning works.   This is news that stays news.  #GoogleIO2015
603979016157073408,2015-05-28 17:39:53,"RT @erickschonfeld: ""Any Android device will recognize another device based on Brillo or Weave""-@sundarpichai #GoogleIO  (extending Android‚Ä¶"
603953832989564928,2015-05-28 15:59:49,RT @dannysullivan: Jumbo Pong at Google #io15 http://t.co/GHubcjYA2T
603616125696475136,2015-05-27 17:37:53,"RT @BradStone: Meeker: India top country in new internet users: 232 million internet users growing 37 percent y/y, majority on smartphone"
603616041407754241,2015-05-27 17:37:33,RT @cdixon: Mary Meeker's @kpcb's 2015 Internet Trends Report is out. Always a must read http://t.co/6ufFWjs8lH
602532600024997888,2015-05-24 17:52:21,"RIP John Nash, a truly original thinker and a beautiful mind http://t.co/PPZYW8DToO"
602174731056361474,2015-05-23 18:10:18,RT @dannysullivan: Proud to be Irish. Now if we can get gay marriage legalized throughout the US http://t.co/9fRIuwW3mW
601598619788054529,2015-05-22 04:01:02,Excited to support @ColorGenomics on their mission to make genetic testing affordable http://t.co/83MymCOXgW
600730742763626496,2015-05-19 18:32:24,RT @google: Your search results just got more real time: See Tweets in Google Search on mobile http://t.co/nuiEhiQM87 üëç http://t.co/Vt2lxSP‚Ä¶
599364511993241600,2015-05-16 00:03:29,"RT @JRRaphael: How I use Android: Android VP Brian Rakowski http://t.co/x6GWNfvte4

A super fun series -- really enjoying these! http://t.c‚Ä¶"
598628604784705536,2015-05-13 23:19:16,"RT @ChromiumDev: Chrome for Android team are doing a Reddit AMA starting right now. Come join in the fun!

https://t.co/a5VBcjd5nc"
598378952445464576,2015-05-13 06:47:14,"RIP Venkat. So selfless and always put others first. We will miss you, thoughts with your family http://t.co/dkjWIa3kdX"
595449287460261888,2015-05-05 04:45:47,RT @claybavor: Delighted to welcome the Timeful team to Google! @timefulapp
592376796760289281,2015-04-26 17:16:48,RT @lanesainty: Stephen Hawking weighs in on Zayn's departure from #OneDirection http://t.co/1IUCKRBb4x http://t.co/vXXjP8Wcpb
592141006973243393,2015-04-26 01:39:52,"RT @cdixon: ""Lemonade vs Lemonade Cleanse"" (from @NewYorker) http://t.co/Ik8vR8DHkW"
590381251749523456,2015-04-21 05:07:13,@ColorGenomics @othman @eladgil  congrats!
590381147584012289,2015-04-21 05:06:48,RT @ColorGenomics: We are excited to announce the launch of Color‚Äôs Breast and Ovarian cancer genetic risk test for $249. https://t.co/sTdS‚Ä¶
589831669751750656,2015-04-19 16:43:23,"RT @MaxCRoser: Price of sequencing genome:
- $95 million in 2001 
- less than $5 thousand in 2014

(Source: http://t.co/ufpwzqL3fG) http://‚Ä¶"
582961832018755586,2015-03-31 17:45:06,RT @googlechrome: The Chromebook family is growing with new Chromebooks from just $149. http://t.co/6JXQxyVYPL
580383173030219776,2015-03-24 14:58:26,RT @google: We‚Äôve got a new CFO! Excited to welcome Ruth Porat to Google (and back to California). http://t.co/Bcl4OdfRJ0
579312332108500992,2015-03-21 16:03:17,RT @elonmusk: SpaceX Photos Are Now Available Under a Creative Commons License http://t.co/OgHJYimuCU
576963878938021888,2015-03-15 04:31:22,"RT @dannysullivan: Google Now really is good. Just got off the plane at LAX &amp; predicted yep, I'm off to #PaleyFest http://t.co/yLHA8ftl5V"
575767406120943617,2015-03-11 21:17:01,RT @GoogleStore: The Google Store is now open. Explore the latest products made with Google. http://t.co/36SxDPm3WU http://t.co/p6oEYdBaZG
575767116659453952,2015-03-11 21:15:52,"RT @jankoum: WhatsApp crossed 1B Android downloads. btw our android team is four people + Brian. very small team, very big impact. http://t‚Ä¶"
575766343032643584,2015-03-11 21:12:48,RT @googlechrome: Learn more about the new Chromebook Pixel with USB Type-C at http://t.co/zcg9nd5wEo http://t.co/7rGOzFsH2C
575131440242782208,2015-03-10 03:09:55,Thanks to @om and @gigaom for the great work over the years.
574460022463205376,2015-03-08 06:41:56,RT @googledevs: Today we salute all women &amp; their contributions to tech http://t.co/pZVR1KGnGI #IWD15 #WomenTechmakers http://t.co/BfvI9ddJ‚Ä¶
573744227500232704,2015-03-06 07:17:38,"RT @cdixon: ""The smartphone is the defining technology of the age"" http://t.co/cW3Mwnmizz http://t.co/gFt2jvDOAR"
573393816893431809,2015-03-05 08:05:13,"RT @Android: Today's the last day of #MWC15. If you're in Barcelona, be sure to stop by #AndroidMWC and say hi! http://t.co/WytOwto9tz"
573172326809907201,2015-03-04 17:25:06,Helped get thru the jet lag in Barcelona. http://t.co/s6dF5rF1ot
573000335524044800,2015-03-04 06:01:40,RT @RolfeWinkler: Rewatching @BradStone interview w @sundarpichai at #MWC15. Really well done. Very impressive how much ground got covered.
572782990666936320,2015-03-03 15:38:01,RT @waltmossberg: Google says its voice-recognition software is now 92% accurate. So @laurengoode put it to the tes‚Ä¶ http://t.co/EiVVXbEyuH‚Ä¶
572152876333727745,2015-03-01 21:54:10,"RT @BradStone: If you're at #MWC15 come see me Monday in conversation with Google SVP @sundarpichai talking Android, access and more. Hall ‚Ä¶"
570985927046090752,2015-02-26 16:37:08,"RT @Techmeme: Interview with Sundar Pichai on Android, Play ads, Google+, Apple, China, and more (@mhelft) http://t.co/193dVPSbHA http://t.‚Ä¶"
569721797509132288,2015-02-23 04:53:56,"RT @google: #Redmayne stole our hearts, but #Hawking still blows our minds. #OkGoogle #Oscars2015 http://t.co/HSohqiWukU"
568479868427632640,2015-02-19 18:38:57,"@inboxbygmail coming to more places http://t.co/6FGMwAA4Qx
rolling out to apps customers imminently"
568085522435801089,2015-02-18 16:31:57,@johnbattelle congrats!
567102881304543232,2015-02-15 23:27:17,RT @waltmossberg: Here's the full transcript of @karaswisher interview with President Obama. http://t.co/Ciu9w4yEEw http://t.co/8Vr0nBXCSs
566136100603715584,2015-02-13 07:25:39,"RT @NickKristof: David Carr collapsed in the newsroom he loved, doing what he loved, surrounded by those who loved him. RIP http://t.co/gVb‚Ä¶"
565414904711372800,2015-02-11 07:39:52,RT @kfury: Tesla is postponing its quarterly earnings call by an hour so Musk can oversee delayed SpaceX launch. Too cool. https://t.co/e1J‚Ä¶
565240065945661440,2015-02-10 20:05:08,"Excited to announce dates for Google I/O in San Francisco on May 28-29, 2015. More details at https://t.co/9CdxQHxEiS"
565236798268653572,2015-02-10 19:52:08,"RT @waltmossberg: Finally! @Flipboard on desktop. @katieboehret had early hands-on, reviews it here: http://t.co/YJ0yO3RaiC http://t.co/aR3‚Ä¶"
565236705796816901,2015-02-10 19:51:46,RT @google: Need a remedy for health-related questions? Get answers with facts from the Knowledge Graph. http://t.co/rh1HHRSSOv http://t.co‚Ä¶
565236672242388994,2015-02-10 19:51:38,RT @ericschmidt: Wow: paramedics use Google Translate to converse with a Swahili-speaking woman as they deliver her baby...in Ireland. http‚Ä¶
563596469639200768,2015-02-06 07:14:04,Definitely looks like I am missing an exciting party #Crunchies congrats to the winners!
563528562221662208,2015-02-06 02:44:13,Android: Friends Furever: http://t.co/wuyHg9zjuI Just started running today
562052672555978752,2015-02-02 00:59:34,That was a gutsy call #SuperBowl
561725366054567937,2015-02-01 03:18:58,"RT @conradhackett: Heartbreaking letter by Roald Dahl about losing his daughter to measles in 1962

http://t.co/iZu3Rdu76x http://t.co/Vrsz‚Ä¶"
561665447993827329,2015-01-31 23:20:52,Android shipments in 2014 exceed 1Billion for first time. Pretty cool to see. http://t.co/xlTE8rccba
560471174811885568,2015-01-28 16:15:15,"RT @NateSilver538: Here's our short film on Grace Hopper, who was a total badass.  http://t.co/NJq6Yq8UIg"
554347299636518914,2015-01-11 18:41:10,RT @elonmusk: World's top artificial intelligence developers sign open letter calling for AI safety research: http://t.co/ShWc8F7Kyq
552156182593286144,2015-01-05 17:34:27,RT @BenBajarin: @sundarpichai shameless plug of my own article on the future of the mobile internet https://t.co/icx8hQDPcc
552156081586061312,2015-01-05 17:34:03,RT @googlechrome: Coming soon: Google Cast for audio. Cast your favorite audio entertainment from your mobile device to your speakers: http‚Ä¶
552141823691354113,2015-01-05 16:37:23,"RT @johnbattelle: From wknd: Predictions 2015: Uber, Google, Apple, Beacons, Health, Nest, China, Adtech‚Ä¶ http://t.co/5SsQwDT5Mz via @johnb‚Ä¶"
552141717734830080,2015-01-05 16:36:58,"Great reading @fredwilson and @johnbattelle predictions for 2015, also @BenedictEvans questions for 2015. Lmk if there are other great reads"
552141277911740416,2015-01-05 16:35:13,"Coming back to the grid. Happy New Year. Just got back from Costa Rica. Beautful country, Pura Vida as they would say."
545243332331323392,2014-12-17 15:45:15,RT @SusanWojcicki: Read my just published op-ed in the @WSJ ‚ÄúPaid Maternity Leave Is Good for Business‚Äù #maternityleave http://t.co/op2hBGv‚Ä¶
543835181098864641,2014-12-13 18:29:45,"RT @google: As you look back on the year, what did you search for in 2014? #YearInSearch http://t.co/8mJHlDvVCd"
539637496053628929,2014-12-02 04:29:39,RT @theamitsinghal: Huge leap forward in image understanding. This system scores 59 vs state-of-the-art of 25 (humans score 69) http://t.co‚Ä¶
538436709646880768,2014-11-28 20:58:09,"RT @rabovitz: Star Wars: The Force Awakens - 
http://t.co/JqacvN5pik getting a little excited :) http://t.co/iKh8UbSedF"
537834248368312320,2014-11-27 05:04:11,"RT @wilw: FWIW, Android 5.0 is an exponential improvement upon previous versions. It‚Äôs my favorite mobile OS, ever."
537686548444377089,2014-11-26 19:17:17,RT @google: Create your own @Android character and you might see it on the big screen in Times Square ‚Üí http://t.co/CYBPq1wZxc http://t.co/‚Ä¶
536005441373732864,2014-11-22 03:57:10,RT @Android: Say hello however you please. #AndroidLollipop now supports over 68 languages. http://t.co/FGcNeXt5NG
536003245957599232,2014-11-22 03:48:26,RT @WIRED: A 5-year-old is now the youngest person ever qualified to install Microsoft Windows http://t.co/Htf5opSYvW http://t.co/S3dUhI0aMa
535636896836096000,2014-11-21 03:32:42,RT @googlechrome: #Chromecast and @NASA bring out-of-this-world photos to your TV screen. Get started at http://t.co/o7o6Eb9xBC. http://t.c‚Ä¶
532597844071305217,2014-11-12 18:16:35,RT @Recode: Nexus 6 Review: A Sweet Treat for Those Who Crave Big Phones http://t.co/I6S43tnt7i by @BonnieSCha
531851825612619776,2014-11-10 16:52:11,"RT @google: Help #FightEbola. For every $1 you give, Google will give $2. Donate here: http://t.co/M8MOJYpwbX http://t.co/vRNMsYixiI"
530791210571411456,2014-11-07 18:37:40,RT @Recode: Review: Google's new inbox app comes close to mastering email http://t.co/NWWW0dOWo4 by @KatieBoehret http://t.co/cyVjPSunRP
530387324786323456,2014-11-06 15:52:47,@satyanadella @Office excited to see Office for Android
529872560465666048,2014-11-05 05:47:17,RT @mattcutts: Google releases an open-source tool to help test and secure SSL: http://t.co/ljWSVpOkDo
529376868630147072,2014-11-03 20:57:35,"RT @dannysullivan: Android 5 ""Lollypop"" feels very polished and refreshed. Android keeps growing up &amp; maturing in nice ways."
529338175324311552,2014-11-03 18:23:50,RT @androidcentral: Google's updated calendar app is a gorgeous addition to Android 5.0 Lollipop http://t.co/vxRgEmIId6 #android http://t.c‚Ä¶
529337295787139072,2014-11-03 18:20:20,Rethinking Google Calendar http://t.co/vZrxMj4WNv
528603079881408512,2014-11-01 17:42:49,"RT @richardbranson: My thoughts from Mojave @VirginGalactic - space community united to learn from tragedy, then move forward http://t.co/K‚Ä¶"
528579509214134272,2014-11-01 16:09:10,RT @androidcentral: Sonos working on Android Wear app to control its speakers with a smartwatch http://t.co/qwCNBWv3FM #android http://t.co‚Ä¶
527850591112802304,2014-10-30 15:52:42,@om @tim_cook really inspiring and this will make a difference
527548951210110976,2014-10-29 19:54:06,"RT @google: 12 of the best new features in Android #Lollipop, according to @verge http://t.co/3DYOTF4rIw http://t.co/dwHRIhgQQR"
527548894519910400,2014-10-29 19:53:52,"RT @Gizmodo: Nexus 6 hands on: So big, so beautiful http://t.co/pyBy0T9So8 http://t.co/s05x4b8JcE"
527519371514892288,2014-10-29 17:56:33,"RT @googledrive: Today's updated Docs, Sheets, and Slides Android apps include the new ""Incoming"" view and a bunch of other updates: http:/‚Ä¶"
527312964227833856,2014-10-29 04:16:22,"RT @StevenLevy: Google X building a ""Tricorder"" to find early cancer signs via nanoparticles in blood and wearable sensors. https://t.co/oh‚Ä¶"
526953101316485121,2014-10-28 04:26:24,"RT @Recode: ""About 50% of our views are from mobile or tablet"" - YouTube CEO @SusanWojcicki #codemobile http://t.co/6q6ET8ybXu"
526113707051323392,2014-10-25 20:50:57,"@om thanks Om, now I have no choice but to do this dinner:)"
525870588292628480,2014-10-25 04:44:53,thanks @msquinn @sacca @MikeIsaac for the kind words:)
525721111804141568,2014-10-24 18:50:55,Soproud of you @aeustace he had our usual work meetings between his jump from 105K ft &amp; his world record jump today!! http://t.co/dtgxoOMGay
524983449355300864,2014-10-22 17:59:42,RT @om: John McFarlane CEO of @Sonos told me onstage that his company - now almost 12 years old will do a billion dollar in sales this year‚Ä¶
524983335509323776,2014-10-22 17:59:15,RT @gmail: Please welcome @inboxbygmail to Twitter :-D
524972392989220864,2014-10-22 17:15:46,"RT @StevenLevy: Google's new ""Inbox"" is the app child of Gmail and Google Now.  https://t.co/LOjM8dZtie"
524972101686403072,2014-10-22 17:14:37,"Our biggest rethink of email since Gmail, really excited for Inbox http://t.co/spQi2fWtsH"
524728544937508864,2014-10-22 01:06:48,"Welcome to the firebase team, excited to have you all join us to help developers http://t.co/sMDr8qXhyc"
524601733729640449,2014-10-21 16:42:54,Excited to be part of your journey @magicleap @rabovitz http://t.co/AheeYMjObx
523906112379056128,2014-10-19 18:38:45,RT @AndroidPolice: Stephen Colbert Goes On The Offensive Against Google Search And Fights For Every Inch http://t.co/T69n37MH5J
523873709023432705,2014-10-19 16:30:00,"RT @MatiasDuarte: RT Teens Use Voice Search Most, Even in Bathroom, Google's Mobile Voice Study Finds http://t.co/AZd0jAeMpr http://t.co/mN‚Ä¶"
523291706457075712,2014-10-18 01:57:19,"RT @TMFBiggles: Since the start of the decade, Google has paid out nearly $50 billion to websites running its AdSense network. $GOOG $GOOGL"
523181004177960960,2014-10-17 18:37:26,"RT @AndroidPolice: Android 5.0 Lollipop SDK 21 Is Now Available ‚Äì Developers, Start Your Downloads http://t.co/WniZS9Y6hK"
523180921193639936,2014-10-17 18:37:06,RT @androidcentral: Nexus 9 now up for pre-order at HTC and Best Buy http://t.co/kkuWpjUNxG #android http://t.co/18fCG4ZvDi
522937310162452480,2014-10-17 02:29:05,RT @SonyMobileNews: Delighted to announce that we‚Äôll be bringing the Android L upgrade to our entire Xperia Z series! #Android #software ht‚Ä¶
522608878031106049,2014-10-16 04:44:00,RT @dannysullivan: Wow. That was a hell of an @Android ad they aired during @ModernFam http://t.co/MK0kzejiEh
522436636877930496,2014-10-15 17:19:35,Thought you may want to see how the casting ended yesterday. maybe next next next time Oreo? https://t.co/gz3gTB6xmR]
522417945041846272,2014-10-15 16:05:18,"So excited to announce #AndroidLollipop and the latest #Nexus devices : Nexus 9, Nexus 6 and Nexus Player. 
http://t.co/8H5aQ0EXBG"
522119213087870976,2014-10-14 20:18:15,Met some sweet new friends today. #NationalDessertDay #Android http://t.co/KNxe1LjpgI
521871566666489856,2014-10-14 03:54:12,RT @mathewi: The first Netscape Navigator browser was launched 20 years ago today. Time flies when you're having fun. Thanks @pmarca
521562097130287104,2014-10-13 07:24:28,RT @paulg: It's impressive what Google has done with Youtube. Acquisitions don't usually work out that well.
520973043703635968,2014-10-11 16:23:47,RT @Medium: ‚ÄúWhat the Nobel Peace Prize means to me.‚Äù ‚Äî@MalalaFund https://t.co/RoPZfsnSiI
518059721815629824,2014-10-03 15:27:17,RT @jeffweiner: Lowest unemployment rate since July 2008 -- Jobless Rate in U.S. Falls Below 6% as Hiring Picks Up via @nytimes http://t.co‚Ä¶
516821670082789376,2014-09-30 05:27:42,@iamsrk Great meeting you and @deepikapadukone @juniorbachchan and cast. Highlight for Googlers today
516397944304848896,2014-09-29 01:23:58,RT @Concept96Ltd: @sundarpichai Hi Sundar! We're developing games for Chromecast. Kickstarter here: http://t.co/yuCt1jCNyf support us with ‚Ä¶
511455784954101761,2014-09-15 10:05:36,"Excited to announce Android One in India today, coming to more countries with more partners soon. http://t.co/E6n6eUX48u"
510296368254951424,2014-09-12 05:18:29,"RT @googlechrome: We‚Äôre adding the first set of Android apps to Chromebooks today, with more to come. http://t.co/iREH3A6Hnh http://t.co/Ix‚Ä¶"
508508043647000576,2014-09-07 06:52:19,RT @inafried: My first computer was a Kaypro II. RIP Andrew Kay. http://t.co/kXiXT86roB
508384897887899650,2014-09-06 22:42:59,RT @jon_wertheim: Let‚Äôs pause to acknowledge Federer-Nadal-Djokovic. It will be almost a decade -!-since we‚Äôve had a Major final without at‚Ä¶
508384686398533633,2014-09-06 22:42:09,RT @sean_a_rose: Stanford's starting running back is a computer science major. #gostanford
507570195175452673,2014-09-04 16:45:39,Privileged to have worked with both @smithmegan and @amac . lucky to have them as a team in public service. Psyched
506969110258151424,2014-09-03 00:57:09,"RT @googlechrome: Happy Birthday #Chrome, celebrating 6 years of speed, simplicity, and security. A big thank you to all of our users! http‚Ä¶"
504472159146614785,2014-08-27 03:35:10,RT @google: Thanks @sundarpichai for helping announce Campus Seoul! Aim is to help Korean startups grow: http://t.co/u9dYGafKKr http://t.co‚Ä¶
502563215596060672,2014-08-21 21:09:42,Look forward to @deepnishar next role. Amazing work scaling up linkedin over the past six years
502562772132323328,2014-08-21 21:07:56,RT @karaswisher: LinkedIn Product Head Deep Nishar Departs Business Network http://t.co/xgHH8vDctH via @karaswisher
501032083167641600,2014-08-17 15:45:32,"RT @SusanWojcicki: Great to see Larry and Sergey accept the #IceBucketChallenge and pledge a donation to help #StrikeOutALS. 
https://t.co/‚Ä¶"
500758759799398400,2014-08-16 21:39:26,RT @WSJD: Africa's mobile banking boom: 70% of people have phones and less than 25% bank accounts. http://t.co/p8eccc01ee http://t.co/LOzMd‚Ä¶
499585988386385921,2014-08-13 15:59:16,"RT @Techmeme: Google Opens Classroom, Its Learning Management Tool, To All Teachers (@fredericl) http://t.co/VADNRybhws http://t.co/jej4qkw‚Ä¶"
499068741557432321,2014-08-12 05:43:54,"Rewatched Good Will Hunting just a few weeks ago on a plane, mainly for @robinwilliams . Truly great artist. Rest in Peace"
497864947544494080,2014-08-08 22:00:28,"RT @mims: Two things our descendents will marvel at: That we ever built roofs without solar panels, that we ever breathed in vehicular emis‚Ä¶"
497864765394276353,2014-08-08 21:59:44,RT @googlechrome: A Spacecraft for All: A @ChromeExp exploring the amazing space odyssey of the ISEE -3 spacecraft. http://t.co/nsgMV3eHlL
496177618828681217,2014-08-04 06:15:37,RT @levie: Today I saw a 17 year old build a computer vision app that detects malaria. Mobile + Sensors + Cloud is still dramatically under‚Ä¶
493648361233195008,2014-07-28 06:45:15,"RT @pmarca: There is so, so, so much yet to build."
493648241955590144,2014-07-28 06:44:47,too late: passenger rating: undefined:(
492905593699438592,2014-07-26 05:33:45,@ericvishria @bgurley @benchmark @mattcohler @peterfenton @mitchlasky congrats!
492905233668775937,2014-07-26 05:32:20,@joshuatopolsky congrats! Just caught the news
490316040924975105,2014-07-19 02:03:48,RT @DavidLinthicum: Nobody doubts Google‚Äôs cloud intentions anymore ‚Äî Tech News and Analysis http://t.co/cR8Ukdq29Q
490010967451783169,2014-07-18 05:51:33,"RT @johndoerr: Poignant piece on #TheCoach Bill Campbell by @AdamLashinsky.  17 awesome years @Apple board. Friend, Mentor, Hero... http://‚Ä¶"
490010909553610754,2014-07-18 05:51:19,@nikesharora thanks to you too. Can't wait to see what u do the next 10
489979392613818368,2014-07-18 03:46:05,"RT @mlevchin: Three (!!) cars drifted into ‚Äúmy‚Äù side of the road today, then swerved back, as driver looked up from their phone. Self-drivi‚Ä¶"
486937246348496896,2014-07-09 18:17:41,Now you can mirror your android screen with Chromecast. really cool to use http://t.co/DU85s5wXGf
484364934189285377,2014-07-02 15:56:14,RT @verge: Microsoft seeks Office for Android testers as it readies tablet version http://t.co/OPi8aa9h8c
483297402233688064,2014-06-29 17:14:14,RT @engadget: #EngadgetReplay: We just played with Android's L Developer Preview http://t.co/QgH4C5j9PN http://t.co/aiJo4Xnz23
482596110100217856,2014-06-27 18:47:33,"RT @johnbattelle: Google's ATAP brings the ""epic shit"": 3-D scanning, modular phones and digital storytelling  http://t.co/DkFG9EM2lw via @‚Ä¶"
482572153615687680,2014-06-27 17:12:21,@timoreilly great to chat with you at IO.
482571907850452994,2014-06-27 17:11:23,@StevenLevy Thanks. Excited to see what u will do with the new gig at medium
482571766955401216,2014-06-27 17:10:49,"RT @StevenLevy: .@sundarpichai gives me i/o postmortem, sez why Amazon Fire isn't Android, and ‚ô•Ô∏é Samsung.   http://t.co/0OC1jFjpyC"
482348484327002113,2014-06-27 02:23:34,"RT @piercedavid: Android L is really, really nice-looking http://t.co/CIrA4uHt91 http://t.co/02XoOSuRpC"
482311311137595392,2014-06-26 23:55:52,"RT @dannysullivan: Finally assembled Google Cardboard. Amazing, VR on the way cheap. Now if I could just get it back from my son http://t.c‚Ä¶"
482264359289106433,2014-06-26 20:49:17,RT @verge: The many flavors of Android. http://t.co/6xgcN5toCb
482049098363592704,2014-06-26 06:33:55,RT @verge: The 17 most important things Google announced at I/O http://t.co/0gP6Bu7vch http://t.co/xZLtiB7wFU
482042964772798464,2014-06-26 06:09:33,"RT @davemorin: Just tried Google Cardboard. Amazing virtual reality. It is as good as Oculus, and made of cardboard and a smartphone."
482042863442612225,2014-06-26 06:09:09,RT @claybavor: No more worrying about megabytes or gigabytes or terabytes. Google Drive for Work comes with... unlimited bytes. #driveforwo‚Ä¶
482042633972224000,2014-06-26 06:08:14,RT @waltmossberg: Google Puts the Phone at the Center of Its Multiscreen Universe http://t.co/HXfkYmQFis via @LizGannes
481818525275652096,2014-06-25 15:17:42,"RT @dannysullivan: Our @Marketingland Google I/O selfie, me and @gsterling and @sundarpichai-approved @BradStone photo bomb http://t.co/ZTW‚Ä¶"
481792805535092736,2014-06-25 13:35:30,"RT @msquinn: ""Google's Play Store Emerges as a Powerful Weapon"" - more apps, more downloads than App Store &amp; growing rev for devs http://t.‚Ä¶"
481493279431598080,2014-06-24 17:45:18,It‚Äôs been an exciting journey. Grateful to lots of folks behind all this &amp; looking fwd to more. http://t.co/aoiGUEHAXd by @BradStone @BW
481465194896310273,2014-06-24 15:53:42,"RT @googlechrome: #PBSKIDS, #DailyBurn and #Deezer are #NowCasting on Chromecast. Just look for the cast icon on these apps...happy casting!"
481318132099731456,2014-06-24 06:09:19,"RT @inafried: Ahead of I/O, Google's Nest Labs Opens the Door to Third-Party App Makers http://t.co/BJP7QvcWHy via @LaurenGoode"
480541208582701057,2014-06-22 02:42:06,"RT @karaswisher: Bill Maris, the man behind Google Ventures, wants to redefine Silicon Valley economics  http://t.co/gz4DrHuFjN via @jtemple"
480192143214911490,2014-06-21 03:35:03,"RT @tfadell: ""The Nest family is growing."" @nest http://t.co/wpwE2RhUAK"
479819851200876544,2014-06-20 02:55:41,RT @verge: Google investing $50 million to get girls to code http://t.co/zunWitdmrs
478383232941953025,2014-06-16 03:47:05,RT @bgurley: Great profile on Tony Fadell by @adamlashinsky http://t.co/BlDZsbMjHd Everyone should follow him also: @tfadell
476233393487634432,2014-06-10 05:24:23,RT @jhuber: Congrats to @autismspeaks &amp; the Google Cloud Genomics team on creating a huge public database for autism research -- http://t.c‚Ä¶
476144717877362688,2014-06-09 23:32:01,RT @BenedictEvans: The numbers of Google Android devices on earth today is roughly the same as the total number of digital cameras ever sol‚Ä¶
475496165648371712,2014-06-08 04:34:54,"RT @dannysullivan: Google Chrome Surpasses IE, Becomes Most Popular Browser In US http://t.co/pvwdjF4vAw via @marketingland http://t.co/wRe‚Ä¶"
473557289278787584,2014-06-02 20:10:30,RT @googlechrome: Chromebooks are coming to nine more countries. Find out where at http://t.co/zkiLGMerlw
471873906224009216,2014-05-29 04:41:20,"RT @GooglePlay: Australia, Belgium, Japan, Korea, Norway, Portugal, and Switzerland: #Chromecast is here. http://t.co/B8YFiEJ0bM http://t.c‚Ä¶"
470985102810701824,2014-05-26 17:49:33,"RT @chrisfralic: Remember The Fallen:

Civil War 498,332
WW I 116,516
WW II 405,399
Korea 36,574
Vietnam 58,220
Iraq 4,476
Afghanistan 2,185"
470610652336513024,2014-05-25 17:01:37,"RT @jyarow: A long interview with Walt Mossberg and Kara Swisher, the most powerful media duo in Silicon Valley. http://t.co/es9T4iI019"
467749129201123328,2014-05-17 19:30:57,"RT @googlechrome: We may be a bit biased, but we‚Äôre rooting for California Chrome today -- good luck at the #Preakness!"
467102753446039552,2014-05-16 00:42:29,The Gmail App on Android just crossed 1Billion installs!
463746507913437184,2014-05-06 18:25:58,"RT @googlechrome: The Chromebook family is expanding‚Äìannouncing new lineup w/ Intel inside from Asus, Dell, HP, Lenovo, LG and Toshiba: htt‚Ä¶"
463380313008140288,2014-05-05 18:10:50,"@eladgil @Optimizely @dsiroker @koomen Congrats, so great to see"
463211584513253376,2014-05-05 07:00:22,"RT @jacobgoldstein: ""The most fundamental constraint is limited time."" - Gary Becker, 1930-2014 http://t.co/zd6khhI6ft"
463174150299725824,2014-05-05 04:31:37,Really interesting http://t.co/dbwyQmD4ph
462314210043502592,2014-05-02 19:34:31,@asenkut @mhelft thanks
459549449082003456,2014-04-25 04:28:21,"RT @mattcutts: Chrome on Android gets faster, better encryption: http://t.co/mUsFEI3S95"
450884109254922240,2014-04-01 06:35:23,"RT @stevesi: ""Galaxy S5 is the best smartphone display ever tested"" by @DisplayMate, including 27% power efficiency improvement. http://t.c‚Ä¶"
450831584837386240,2014-04-01 03:06:40,RT @mattcutts: Gmail is introducing shareable selfie themes: http://t.co/hAROhV2VK6
447494571467878400,2014-03-22 22:06:34,"RT @ClassicPixs: 19 years ago today,  the Netscape Navigator 1.0 web browser was released. http://t.co/3WiuzetXni"
447395534471299074,2014-03-22 15:33:02,RT @Bill_Gross: Charlie Rose interviews Larry Page from Google at #TED now live: http://t.co/Lovv5FC7Mv #TED2014
445976651223269377,2014-03-18 17:34:54,"RT @Recode: Google Announces Android Wear, its Plan for the Smart Watch and Beyond / by @InaFried / http://t.co/98uaMhsCwf"
445976553244340225,2014-03-18 17:34:30,RT @verge: The LG G Watch will be powered by Android Wear http://t.co/GRV7YszpRP http://t.co/MSZCYX0qFI
445976516527419392,2014-03-18 17:34:22,RT @verge: The Moto 360 will also be powered by Android Wear http://t.co/GRV7YszpRP http://t.co/Umk4praCTv
445960184511606784,2014-03-18 16:29:28,RT @joshuatopolsky: Google unveils Android Wear... and actually does smartwatches right (at least in this demo video) http://t.co/evCdsi0aUa
445953154774208512,2014-03-18 16:01:32,Really excited to introduce Android for Wearables to a new generation of devices with a developer preview today http://t.co/ITx7f6Lb3f
443848732614725632,2014-03-12 20:39:18,RT @googlechrome: Happy Birthday to the World Wide Web! #web25
443411407002812416,2014-03-11 15:41:32,"RT @yvesbehar: And boom! Here it is: UP24 is now on Android, here @jawbone: http://t.co/8mzDn5cmUA http://t.co/s8NCPBmvZk"
443411324152737792,2014-03-11 15:41:12,@lauchheimer thanks
443268142525980672,2014-03-11 06:12:15,@elonmusk @om interesting indeed. wish there was a video link to this
442758296588406784,2014-03-09 20:26:18,RT @waltmossberg: Google commits to help developers with wearable devices http://t.co/rsvYN3cEa5 via @LizGannes
438344226846539776,2014-02-25 16:06:22,RT @johnbattelle: What Would You Ask @sundarpichai SVP Android &amp; Chrome at Google? http://t.co/be76fGVRM1
436739027216003072,2014-02-21 05:47:52,@om thanks for all the great stuff over the years. Best of luck
436245962344779776,2014-02-19 21:08:37,"Only 126 days until Google I/O 2014, which will be June 25-26 in San Francisco. More details to follow next month including registration inf"
436047707694575617,2014-02-19 08:00:49,"World Press Photo of the year, shows the power of mobile http://t.co/b2Japu5lmI"
435536560738422785,2014-02-17 22:09:42,"RT @sxsw: Google‚Äôs Sundar Pichai talks Android and Chrome at SXSW Interactive on Sunday, March 9 http://t.co/1tmqm133Jr #sxswinteractive @s‚Ä¶"
430422987217444864,2014-02-03 19:30:11,"Chromecast SDK is now open to all developers, look forward to all the new apps coming"
428208124747472896,2014-01-28 16:49:07,"RT @googlechrome: Trillions of @LEGO bricks meet the world wide web in Build with Chrome, a @ChromeExp: http://t.co/FJSHGSH2jM http://t.co/‚Ä¶"
423234126850711552,2014-01-14 23:24:13,"RT @googlechrome: With the latest version of #Chrome, you can now scan your tabs for a speaker icon to quickly find a noisy tab: http://t.c‚Ä¶"
422837606590582785,2014-01-13 21:08:36,"Welcome @tfadell and team, really excited to have you all part of Google. Love using your products

http://t.co/rofgHVUJ1h"
421081235612397568,2014-01-09 00:49:24,"RT @om: What do Chromebooks, NSA, eBooks, Oakland raiders &amp; HipTops have in common? They are on my 10 must reads for today. http://t.co/Bll‚Ä¶"
420066110466056192,2014-01-06 05:35:39,"Congrats @karaswisher @waltmossberg for the great launch of @re/code, look forward to reading more and the conference"
419989114075627520,2014-01-06 00:29:42,Back to the grid. Happy 2014 everyone! stressed out watching the game #GoNiners
410647526820163584,2013-12-11 05:49:34,Internet a series of tubes #FiveWordTechHorrors
410455413889323008,2013-12-10 17:06:11,RT @googlechrome: 10 new apps are #NowCasting with #Chromecast! Head to http://t.co/9vQXYCvfFo to explore them all
399361345230880768,2013-11-10 02:22:19,RT @elonmusk: Model S owner blogs about TN accident http://t.co/93Fz8WEwOU
395976571321733120,2013-10-31 18:12:26,"@isaach Should be up in 5 min, thanks"
395973824585281537,2013-10-31 18:01:31,"Boo! Just in time for Halloween, we‚Äôre serving up two new treats for Android fans: KitKat (Android 4.4) and Nexus 5. 
http://t.co/d0myQBGOBN"
391974585052049408,2013-10-20 17:09:58,@KatieS indeed:) exciting times
389185878318256128,2013-10-13 00:28:38,@elonmusk wow!
387622057652932608,2013-10-08 16:54:34,"RT @googlechrome: Introducing the HP Chromebook 11, designed &amp; built in partnership with our friends @HP: http://t.co/88wj8KSPsW #chromeboo‚Ä¶"
387444529764110336,2013-10-08 05:09:08,RT @billatk: Yay! Apple has donated my original QuickDraw and MacPaint source code to the Computer History Museum for people to download an‚Ä¶
387382293284671488,2013-10-08 01:01:50,Its gadget time. Love the color http://t.co/SxY05gPtih
387100842198704128,2013-10-07 06:23:27,RT @ccheever: Chromecast is a great device. They got so many little things right with it and the one simple thing it does unlocks a lot of ‚Ä¶
381662360433217536,2013-09-22 06:12:52,RT @EstherWojcicki: Ten Things I Didn‚Äôt Know About Google http://t.co/kH5GdPG7l9 via @techland
378403377228423171,2013-09-13 06:22:50,11.7 billion miles. with an 8-track taperecorder inside:) so inspiring http://t.co/E4M8bStkMW
375800046484066304,2013-09-06 01:58:07,RT @googlechrome: Thanks #Chromies for an a-mazing year! Join the fun with a birthday edition of World Wide Maze. Give it a roll! http://t.‚Ä¶
375647880112914432,2013-09-05 15:53:28,@KatieS will be on its way soon
375646936834899969,2013-09-05 15:49:43,@KatieS happy to send one over:)
375133354078654465,2013-09-04 05:48:55,"@karaswisher anytime, have a nice stash in my office:)"
375120827370323968,2013-09-04 04:59:09,"@karaswisher in that case, lets just hang out in twitter:)"
375118800632283136,2013-09-04 04:51:06,"@karaswisher sounds awesome, we should meet there!"
374959627093299200,2013-09-03 18:18:36,@karaswisher had to think for a min about what surreal goofiness means but yes i do:)
374942329083154432,2013-09-03 17:09:52,@dannysullivan nope. I felt the same way too
374933465998708736,2013-09-03 16:34:39,We now have over 1 Billion Android activations and hope this guy in front of the building  keeps that momentum going http://t.co/V0VovgmObl
374763074265178112,2013-09-03 05:17:34,@karaswisher @Ovo671 :))
374734604424339456,2013-09-03 03:24:26,RT @karaswisher: Microsoft To Buy Nokia‚Äôs Device Business for $7.17 Billion http://t.co/DGYFhz99hD
374629063098236928,2013-09-02 20:25:03,RT @stshank: Chrome just turned five years old. A remarkable ascent in a market people thought was mature. http://t.co/q33C1yoFZy by @sethr
373517646576119808,2013-08-30 18:48:41,RT @timoreilly: Gmail's five tabs are the first tool that have really brought email overload under control for me. Take the time to train t‚Ä¶
367549881021255681,2013-08-14 07:34:55,@asenkut @davidlee @triketora thanks aydin great team effort
367549657800396800,2013-08-14 07:34:01,Congrats @om as always well written:)
365177894684737536,2013-08-07 18:29:29,"RT @tfadell: Since October 2011, the @Nest community has saved 904,720,489 kWh! http://t.co/px2kfYnA6L #energyreport"
362609727601000451,2013-07-31 16:24:30,"RT @mattcutts: Starbucks &amp; Google partner to bring faster, free wifi to 7,000 Starbucks stores: http://t.co/Ye5FxuZfRR"
362436386630017025,2013-07-31 04:55:42,@waltmossberg Thanks for the indepth look!
362435274090889219,2013-07-31 04:51:17,RT @waltmossberg: My review of Google‚Äôs new Chromecast. I think it's a winner.  http://t.co/2JyTuMVnam
360084201007099904,2013-07-24 17:08:58,"I have Chromecast on the 2 TVs in my house, can cast videos to it from phones, tablets and laptops with Chrome, pretty cool for $35"
360082114504441856,2013-07-24 17:00:40,"RT @gigaom: Google announces Chromecast, a dongle to stream online videos to your TV http://t.co/ZnvozgGSu8"
360082074092318722,2013-07-24 17:00:31,RT @dannysullivan: You can ChromeCast Netflix out of iOS even http://t.co/ULcrxmKRjW
360054982218764288,2013-07-24 15:12:52,final prep before event. tune in for exciting updates from  Android &amp; Chrome teams 9am PT: http://t.co/DpQCmrXD4M http://t.co/5hCiw9SGXF
360045108248313858,2013-07-24 14:33:37,"RT @dannysullivan: Google Now, telling me traffic to Google press event tomorrow, via @googleglass blows my mind. What's in my eye http://t‚Ä¶"
355149142454059008,2013-07-11 02:18:48,"RT @googlechrome: Browse in Arabic, Farsi, or Hebrew? Today's #Chrome for @Android release brings support for these new languages http://t.‚Ä¶"
344342782191747073,2013-06-11 06:38:11,"Excited to try out iOS7 beta, guess I need to register as a developer first:)"
341568905485090816,2013-06-03 14:55:47,RT @jack: Vine. Now available for Android. Congrats @dhof and team! https://t.co/Y7255icd0w
340146666948669441,2013-05-30 16:44:19,RT @TechCrunch: Google's Sundar Pichai Says Google Play Music Is Coming To iOS In A Few Weeks http://t.co/mMwQL1XC5W by @ryanlawler
340146606181588994,2013-05-30 16:44:05,"RT @StevenLevy: Sundar Pichai says that Google will sell Nexus-ized versions of Samsung and HTC phones--the unofficial ""official"" Android e‚Ä¶"
333965559765008384,2013-05-13 15:22:48,"Enjoyed my Q&amp;A with Steven Levy, looking forward to Google IO, http://t.co/hdQVbNg90Y"
329115039212642304,2013-04-30 06:08:34,RT @btaylor: Congratulations to @jasoncollins34 for coming out today. What courage. A big day for sports.
319223452802355201,2013-04-02 23:02:56,"RT @karaswisher: More D11 Speakers: Sinofsky, Staggs, Sweeney, Pichai, Ricci and a Pretty Little Liar http://t.co/iHppOwC3WW"
312585014506291203,2013-03-15 15:24:09,RT @othman: Java is to JavaScript as car is to carpet (apparently common quote via @devrimyasar)
312319869469200385,2013-03-14 21:50:34,"@parislemon Thanks, no plans to pry anything:)"
311889476949516288,2013-03-13 17:20:20,"RT @Arubin: No plans to leave Google.  Oh, and just for meme completeness -- there are over 900,000 android devices activated each day : ..."
309746016108806144,2013-03-07 19:22:59,"Linus Torvalds on Pixel, http://t.co/cY1VFaP9E2"
306112925343559680,2013-02-25 18:46:23,"RT @parislemon: I mean, there's no way around it: price aside, the Chromebook Pixel is pretty amazing."
304669717359104000,2013-02-21 19:11:35,RT @googlechrome: Introducing the #Chromebook Pixel: http://t.co/W6mfWWMyVb
284316811372154881,2012-12-27 15:16:24,RT @mattcutts: The next version of Chrome disables silent extension installs: http://t.co/0tvAw1jh Nice protection by Chrome!
268051591960084480,2012-11-12 18:04:14,RT @googlechrome: Introducing the new Acer #Chromebook: http://t.co/WtZKuosV #foreveryone
266619390240382977,2012-11-08 19:13:10,RT @googlechrome: Speed is the name of the game in today‚Äôs #Chrome Beta release http://t.co/8SkmPCcr
265563746376765440,2012-11-05 21:18:25,RT @StevenLevy: Diminishing returns from clicking Nate Silver six times an hour.
264059322336681984,2012-11-01 17:40:23,RT @googlechrome: The new #Chromebook: the computer that both sides of the aisle can agree on http://t.co/KfXLzxK9 #foreveryone
259005069918343168,2012-10-18 18:56:35,"For everyone, a great new chromebook for $249. The perfect additional computer at home:) http://t.co/51zXqLPC"
256274301106401280,2012-10-11 06:05:29,"RT @davegirouard: Times are a changin': Upstart visitors: 45% Chrome, 19% Safari, 16% Firefox, 13% IE.  Better yet: 48% Windows, 36% Mac ..."
248590617456820224,2012-09-20 01:13:16,"RT @googlechrome: Explore the magic of @Cirque du Soleil brought to life in the browser with #MoviKantiRevo, a new sensory @ChromeExp ht ..."
243051101392359425,2012-09-04 18:21:12,Chrome is four years old:) Thanks to all of you who helped us get here http://t.co/H1NCPegF
239616436472000512,2012-08-26 06:53:04,RT @elonmusk: Neil Armstrong was a hero to all of humanity. His spirit will carry us to the stars.
236327366648012800,2012-08-17 05:03:29,"RT @manizkrisnan: The way chrome syncs data across all the devices(mac,pc,ipad,android) still amazes me :) @sundarpichai"
226185071013552128,2012-07-20 05:21:37,"RT @dannysullivan: Wow. Chrome for Android is nice. Next stop, The Chrome for iOS."
219970769944453121,2012-07-03 01:48:13,RT @karaswisher: Google‚Äôs Wojcicki and Pichai on : The Full D10 Interview (Video) http://t.co/r0jdR9eh
218407821606260736,2012-06-28 18:17:37,RT @Cirque: Announcing #MoviKantiRevo a uniquely crafted sensory @googlechrome experiment by @Cirque! Details http://t.co/sy9CRCps  http ...
213868659402215424,2012-06-16 05:40:36,RT @googlechrome: Do you have a team in #euro2012? Show support with one of the 16 new Chrome soccer (read: football) themes: http://t.c ...
212564636501942272,2012-06-12 15:18:53,"RT @chr1sa: After 1st day w/ new Chromebook, I'm a convert. Perfect instant-on bedside or travel computer, w/ great Google sync. http:// ..."
207885804217966592,2012-05-30 17:26:52,"On way to the D10 conference, excited to be going there"
207549996462112770,2012-05-29 19:12:29,"RT @peterchane: Google launches Chromebook, Chromebox &amp; gets it¬†right http://t.co/IfTNn1uQ"
207548132106571777,2012-05-29 19:05:05,"Excited by the Chrome OS news today: new hardware, revamped UI and more robust apps. Great effort from the team! http://t.co/hflGCdoD"
205138141059883008,2012-05-23 03:28:38,"RT @elonmusk: Falcon flew perfectly!! Dragon in orbit, comm locked and solar arrays active!! Feels like a giant weight just came off my  ..."
204950517519093761,2012-05-22 15:03:05,"Inspiring to see this, the future of technology (as always) is very bright and exciting. Congrats to Elon Musk &amp; team!

http://t.co/dKGfTwWt"
204611894227632128,2012-05-21 16:37:31,@marius thanks Marius! hopefully a lot more to come
204585954147713026,2012-05-21 14:54:27,Always nice to wake up to news like this:) http://t.co/3x9fRWaM
203508117542150144,2012-05-18 15:31:30,"RT @mikeolson: A sad day. RIP, Jim Gray. http://t.co/2cXmDtIq"
202449660051341313,2012-05-15 17:25:34,RT @googlechrome: Sign in &amp; bring your tabs with you - details in today‚Äôs #Chrome Stable release http://t.co/SXMYBArG
196109159874310144,2012-04-28 05:30:41,"RT @mattcutts: Nice article about how Chrome uses ""fuzzing"" to find and fix real-world bugs faster: http://t.co/tNKtWWaT"
194837205649338369,2012-04-24 17:16:24,RT @mattcutts: Looks like Google Drive is launching with an SDK and a lot of API documentation: http://t.co/fT9lKQtu
194836549777629185,2012-04-24 17:13:48,RT @waltmossberg: My review of Google Drive. http://t.co/nrYEsnz9
194836525148667904,2012-04-24 17:13:42,@waltmossberg thanks for the thorough look and deep analysis as always
194827705139724288,2012-04-24 16:38:39,"Excited to introduce Google Drive, a natural evolution of Docs, at the core helping users live and work in the cloud

http://t.co/idNPlrqu"
194688309409230848,2012-04-24 07:24:44,"RT @marissamayer: Unzip our homepage as we honor the inventor of the zipper, Gideon Sundback in one of our more elaborate doodles yet!
h ..."
192301499504799745,2012-04-17 17:20:24,Excited by today‚Äôs Chrome for Android Beta updates including expanded availability and more http://t.co/8kG4ehVE
177492564784594945,2012-03-07 20:34:59,"Congrats to long-time Chromium contributor Sergey Glazunov who just submitted our first Pwnium entry, qualifying for a $60k reward."
175359153517232129,2012-03-01 23:17:34,Quadrotor robots - one of my favorite ted talks this year. Inspiring to see what can be done with technology http://t.co/dvr27GCA
175030090319667200,2012-03-01 01:30:00,RT @mattcutts: Just saw Jen Pahlka give a great #TED talk about Code for America: http://t.co/zA8PN14e It's a wonderful program.
175030039069470720,2012-03-01 01:29:47,RT @johnbattelle: At #TED this aft. @reggiewatts killed. What talent.
172917259398942720,2012-02-24 05:34:21,RT @mattcutts: Some major improvements for Google's presentation software: http://t.co/waoPgvVs Pulls in commenting like Google Docs.
166939556761968641,2012-02-07 17:41:06,"After a lot of hard work, I'm really excited to see us launch Chrome for Android Beta today. http://t.co/A3SIkkbV"
163841807845834752,2012-01-30 04:31:45,"RT @DjokerNole: Still cannot believe i am awake :) unbelievable match, i love tennis!!!! Ne mogu da verujem da sam jos uvek budan :) k‚Ä¶  ..."
159748150259752960,2012-01-18 21:25:01,"Incredible to see the response from the web today about SOPA, PIPA, amazing moment #sopa"
159543772231897088,2012-01-18 07:52:54,RT @davegirouard: Utah becomes 2nd state to move all employees (22K) to Google Apps. Welcome! http://t.co/KllBCIAz
157339989838004224,2012-01-12 05:55:51,RT @googlechrome: Online RPG hit @PocketLegends brings stunning 3D graphics to the browser by way of Native Client http://t.co/a6yGirHd  ...
157161700460740608,2012-01-11 18:07:23,"RT @davegirouard: BBVA, 1 of the world's largest banks, is moving all 110K employees to Google Apps. Welcome from the Google Apps team!  ..."
155025942790684672,2012-01-05 20:40:39,RT @googlechrome: Today‚Äôs Beta release brings new speed & security features to #Chrome http://t.co/fpx3ozxu
154795831994757121,2012-01-05 05:26:16,RT @davegirouard: Pittsburgh moves to Google Apps in 4 months. ‚ÄúOur data is more secure with Google than with the previous system.‚Äù http ...
147189688992677889,2011-12-15 05:42:11,"RT @googcloudprint: With the latest Chrome release, you can now print any webpage to #GoogleCloudPrint from Windows, Mac and Linux. http ..."
145556246026665984,2011-12-10 17:31:28,RT @googlechrome: Draw something...with flowers? This colorful @ChromeExp animates flowers to the #HTML5 canvas when you draw on screen  ...
141636356928573440,2011-11-29 21:55:13,"Great to see Chrome at No. 1, thanks to our users and readwriteweb! http://t.co/9r72okr3"
132122066710315008,2011-11-03 15:48:50,"New Chrome Beta, share your computer easily, get the same chrome experience everywhere http://t.co/NJEEfHqL"
131405422950223872,2011-11-01 16:21:08,"A new look for Gmail, a major effort from the team, been using it for few weeks, love it and cannot imagine going back http://t.co/17vZCPXa"
131030639548956673,2011-10-31 15:31:53,RT @marissamayer: Video doodle!  Our Halloween logo is a video of the doodlers carving 6 1000+ lb pumpkins into the Google logo.  http:/ ...
128935108941053952,2011-10-25 20:45:00,RT @googlechrome: Shipped today: latest #Chrome Stable release features a more streamlined new tab page http://t.co/hwLEbq9t
128856587862421505,2011-10-25 15:32:59,http://t.co/Il8PO7SH newly resigned web store....
126326508024373248,2011-10-18 15:59:21,http://t.co/0fl2JT8n Excited about this new effort from the team - makes google docs so much better
124584460602720256,2011-10-13 20:37:04,"Larry in the earnings call - Chrome has over 200M users and growing strongly, really excited and thanks to all our users for using Chrome."
124376297140011008,2011-10-13 06:49:54,"RIP Dennis Ritchie, you gave us only C and Unix!!!, we owe you a lot"
124006845911281664,2011-10-12 06:21:50,"Wow, amazing developments in Myanmar http://t.co/BggdnrNl"
123649208782827520,2011-10-11 06:40:43,RT @roelofbotha: Michael Moritz quoted in 1985 about the departure of Steve Jobs from Apple http://t.co/CKetH07N
121826404777197568,2011-10-06 05:57:32,"Stay hungry, Stay foolish - RIP Steve Jobs."
121826259574595584,2011-10-06 05:56:58,RT @waltmossberg: The Steve Jobs I Knew -- Some of my remembrances of a great man: http://t.co/3biPrA9D
121143237577674752,2011-10-04 08:42:53,RT @googledocs: Experience the new look of Docs and Sites http://t.co/X0LMSnzF
119841127510720512,2011-09-30 18:28:45,"@mattcutts we are working to resolve this asap, a number of users have been affected"
119841019662569472,2011-09-30 18:28:20,"RT @mattcutts: A ""crucial false-positive"" resulted in Microsoft uninstalling Chrome off a ton of machines: http://t.co/VlwC7Jo3"
118793418863423489,2011-09-27 21:05:32,"RT @Bill_Gross: ""Kids in Africa have more information today than the President of the United States did 15 years ago."" Ray Kurzweil @ #Z ..."
117119604198875136,2011-09-23 06:14:24,"http://t.co/JLcDPLqE

The birds are angry, new Chrome Ad:)"
114593784960004096,2011-09-16 06:57:42,@peterfenton congrats Peter!
113856805804838912,2011-09-14 06:09:12,"RT @googlechrome: The Global Top Contributor Summit begins today http://t.co/NF7kdIS Welcome to Mountain View, #Chromies! #TCSummit"
113856778571223040,2011-09-14 06:09:06,"RT @jhuber: Favorite take on Flight Search (http://t.co/LVp5Xsg): ""Fast isn‚Äôt the word for it though, it‚Äôs ultra-super-sonic-speed-in-th ..."
113649291859468288,2011-09-13 16:24:37,RT @googlechrome: A Texan couple's success is fueled by the web (and artisan hot dogs) http://t.co/BMnKovv #thewebiswhatyoumakeofit cc/@ ...
113307223429627904,2011-09-12 17:45:21,RT @googlechrome: Fans around the world use the web to pay homage to Johnny Cash  http://t.co/zYVCGbT #thewebiswhatyoumakeofit
113307163304271872,2011-09-12 17:45:07,The Johnny Cash Project http://t.co/kPT6t4Z
111247737202278400,2011-09-07 01:21:42,@mlevchin ugh - hope you feel better soon
109300500133986304,2011-09-01 16:24:04,Happy 3rd Birthday Chrome! It's been 3 amazing years and thanks to all our users who help us make the product better. http://t.co/X651iwo
108941550393901056,2011-08-31 16:37:44,"RT @davegirouard: Offline access for Gmail, Calendar, Docs rolling out now. This is just the beginning! http://t.co/okAFzby"
108799206826835968,2011-08-31 07:12:06,"The impact of Irene from Nate Silver, http://t.co/PWtZj10"
106950774109634563,2011-08-26 04:47:06,"@mlevchin can't wait to see what you are upto next, will miss you here at Google. And yes the feature you want in Chrome will come soon:)"
106779692228542465,2011-08-25 17:27:17,http://t.co/bQ4qOcj great to see the traction with schools
104395328152813568,2011-08-19 03:32:40,RT @googlechrome: Want to save a tree? #Chromies use the new print to PDF to save files directly to Google Docs http://t.co/O6D910z cc/  ...
102998069926301696,2011-08-15 07:00:28,"@cdibona wow, amazing, webgl rocks"
101918034465275905,2011-08-12 07:28:47,"Kindle shows how a great html5 app can look like and they also show how you can make them work offline easily

http://t.co/kVQM67l"
101841567907713024,2011-08-12 02:24:56,@googlechrome it is one of my favorite features:)
101440562489606145,2011-08-10 23:51:29,RT @peterchane: Imagine a computer that keeps getting better over time.  http://t.co/jkR6Kze #chrome #chromebook
100433155735040000,2011-08-08 05:08:24,"RT @owcz: My post on @Quora: Quome, a new Chrome Extension for Quora http://qr.ae/7vFxr or the direct link: http://goo.gl/AhRnV"
99636889958612992,2011-08-06 00:24:20,"RT @parislemon: Chrome for Lion finally getting up to speed with full screen, gestures, stability, etc http://t.co/PLWb2mU"
98495848941490176,2011-08-02 20:50:15,"RT @googlechrome: Instant Pages, print preview (Win/Linux), and omnibox improvements now in the latest stable version of Chrome http://t ..."
98261698347139073,2011-08-02 05:19:49,RT @arrington: Someone Finally Made A Browser Extension That Helps You Find The Tab Making¬†Noise via @techcrunch http://t.co/e35ePAb
97877511668641792,2011-08-01 03:53:11,@mattcutts congrats!
96256015867187200,2011-07-27 16:29:57,RT @googlechrome: OK Go play with Chrome! MT@google: @Pilobolus dancers spell out your message in @OKGo #HTML5 music video http://t.co/I ...
96099636342824960,2011-07-27 06:08:33,Always great to read the valley's beginnings http://t.co/W3ePldS
95714002742689793,2011-07-26 04:36:11,keeping fingers crossed:) http://t.co/qBkPzCL
94299872458579968,2011-07-22 06:56:56,TGIF
93839898943037440,2011-07-21 00:29:10,"Moore's law at work everywhere, 2 hours to sequence your DNA! http://t.co/Bu0e6nO"
92984356448108544,2011-07-18 15:49:32,"RT @KatieS: I love that ""Congrats Japan"" is trending. While disappointed #teamusa lost, it was so great to see the Japan team win. Was a ..."
91332308744941569,2011-07-14 02:24:53,@eladgil @KatieS but he made it up with drinking tons of salty sparkling water:) which was very good BTW. Hope the rest of the trip was fun
90974838096793600,2011-07-13 02:44:26,Nice http://t.co/HK8wqPF
90444383207432192,2011-07-11 15:36:35,"RT @VirginAmerica: Flying through SFO, DFW, ORD or BOS? Send a pic at the Chrome Zone and we might just send you an @VirginAmerica Tee.  ..."
90102570726592512,2011-07-10 16:58:21,"Setting up my Google+ account, was on the road for 3 weeks, it is nice to see innovation. Looking to hanging out. http://t.co/QyeBHYj"
90101718636969984,2011-07-10 16:54:58,Well said @ericschmidt You don't know it's a bubble until the bubble ends:) http://t.co/lKyzZtz
81232068360667136,2011-06-16 05:30:08,@nikesharora this one is for you:) http://t.co/aD3pjMe
80871105287561216,2011-06-15 05:35:48,"@mauriez we are working on the logistics, stay tuned for an email with details soon"
80870315550449664,2011-06-15 05:32:40,"@kraneland @nicolewong Thanks for always putting users first, will miss you"
78179869892157440,2011-06-07 19:21:48,RT @googlechrome: Celebrate the web with us: the next #ChromebookPreview is now live on the first-ever @YouTube video http://goo.gl/UtMFU
78148353787043840,2011-06-07 17:16:34,RT @googlechrome: Our first stop takes us to the beginning: @timberners_lee & the WWW project. #ChromebookPreview now open at http://goo ...
77512387892228096,2011-06-05 23:09:28,RT @mattcutts: Someone found the easter egg in the Chrome OS CR-48: http://t.co/76OD0Py It comes with its own blue screen of death! :)
76545759465582592,2011-06-03 07:08:25,RT @dannysullivan: Chrome from a performance standpoint has been huge step forward for browsers: Marc Andreessen #d9
75039852256694272,2011-05-30 03:24:29,"Arrived in Taipei, for Computex. Like the fact it is 70 degrees at 6 am:)"
74593080866635776,2011-05-28 21:49:11,@tstocky amazing scene! what a game
74592658206629888,2011-05-28 21:47:30,"It was a privilege and an honor watching #barca today. Ferguson ""they are the best team we have ever faced"". Wow. made my day."
74591230314557440,2011-05-28 21:41:49,RT @CNETNews: Killer tips for mastering Google Chrome http://cnet.co/kCs466
73155412215595008,2011-05-24 22:36:24,RT @googlechrome: Try it yourself at #ChromeWebStore http://goo.gl/UT2UR RT@sethladd reverse engineering the physics from angry birds ht ...
72733677108473856,2011-05-23 18:40:34,RT @googlechrome: #Chromebooks at work: check out how @JasonsDeli uses them in the workplace [video] http://goo.gl/T6C4S
72445871442235392,2011-05-22 23:36:56,RT @googlechrome: Thanks @ladygaga and your little monsters for using the power of the web to inspire the world http://t.co/lILqDp6 #the ...
72012465155747841,2011-05-21 18:54:44,RT @rabois: The world cannot end today; we have a launch planned for Monday.
71616727296905216,2011-05-20 16:42:13,"http://blog.chromium.org/2011/05/chromevox-built-in-spoken-feedback-for.html

In screen reader for Chrome..."
71613164747366401,2011-05-20 16:28:03,Angry Birds the first Chrome app to cross 1M+ users! Congrats to Rovio and team. @pvesterbacka thanks for coming to I/O keynote
71324563006435328,2011-05-19 21:21:15,"RT @johndoerr: Congrats to Reid, Jeff, and the Linked In team!  Built to last (not built to flip)!
- JD, and the partners at Kleiner Perkins"
70723913100967936,2011-05-18 05:34:29,RT @amac: Google legal wins best legal department from Law.com http://t.co/BBBK1KR Well deserved. Good article too. It was a privilege t ...
70595873410789376,2011-05-17 21:05:42,RT @googlechrome: Definitely on our playlist today MT @LexRecords @ROMEalbum out today worldwide. Get your copy here: http://tinyurl.com ...
70227386129588224,2011-05-16 20:41:28,Thank you MIT.http://www.boston.com/news/education/higher/specials/mit150/Gates/
68869811744157696,2011-05-13 02:46:57,@amac @zahavah10 thanks! I/O was fun.
68868773645524992,2011-05-13 02:42:49,"RT @googlechrome: Launched: Chris Milk‚Äôs interactive film for Danger Mouse & Daniele Luppi‚Äôs @ROMEalbum, feat @NorahJones & Jack White h ..."
68868470388953088,2011-05-13 02:41:37,RT @jhuber: Simple in-app & web microtransactions at 5% flat rate announced at Google I/O; congrats to the Payments team! More at http:/ ...
68560284792532992,2011-05-12 06:17:00,@iPhoneDevGuy @googleIO ctrl-alt-T ssh
68427096241876992,2011-05-11 21:27:45,RT @peterchane: Chromebooks explained. http://www.youtube.com/watch?v=TVqe8ieqz10
67818968370520064,2011-05-10 05:11:16,Looking forward to Google I/O and the Chrome keynote @googlechrome @google
66038794855526400,2011-05-05 07:17:30,"RT @davegirouard: At Google Atlanta, listening to Bryson from Intercontinental Hotel Group (world's largest) who are testing hundreds of ..."
65901068994871296,2011-05-04 22:10:13,RT @googlechrome: Your post made OUR day - thanks MT@ashleyfryer An Open (Love) Letter to @Google http://ow.ly/4NjsG #thwebiswhatyoumakeofit
65648034897330176,2011-05-04 05:24:45,RT @nikesharora: Congratulations to our marketing team - makes me proud - :) http://goo.gl/Sp2xB - the google chrome commercial.
65636721009758209,2011-05-04 04:39:48,"RT @KatieS: Who knew that a web browser ad could be so heartwarming? Excellent job, @googlechrome team: http://t.co/7DaL6jW"
65636616110223360,2011-05-04 04:39:23,RT @googlechrome: See how people are using the web to do amazing things: http://goo.gl/DvXgf #thewebiswhatyoumakeofit
63264600837206016,2011-04-27 15:33:50,Love this feature:) Google Chrome Blog: Everybody‚Äôs talking (and translating) with Chrome http://goo.gl/qZ0Fj
62772160531410944,2011-04-26 06:57:03,RT @Ghonim: Decided to take a long term sabbatical from @Google & start a technology focused NGO to help fight poverty & foster educatio ...
62769987361832960,2011-04-26 06:48:25,RT @mattcutts: Google launches WebM Community Cross-License Initiative: http://goo.gl/9GSeK Interesting--17 orgs cross-license patents.
58434557413826560,2011-04-14 07:40:58,RT @vkhosla: No Innovator‚Äôs Dilemma Here: In Praise of Failure | Epicenter¬†| Wired.com http://bit.ly/eLz1F6
58433823892963328,2011-04-14 07:38:03,@mlevchin will drop by your office for the perfect cup!
57935894698655744,2011-04-12 22:39:28,RT @matthendry: @trondw @sundarpichai After using the CR-48 as my main computer for 3 months I really want Chrome OS on a Tablet for cas ...
56485735603257344,2011-04-08 22:37:03,"RT @jhuber: Welcome ITA Software to Google -- I look forward to *great* flight experiences for users, and innovation for partners! http: ..."
54671253994348544,2011-04-03 22:26:57,First cell phone call was 38 years ago http://www.cnn.com/2011/OPINION/04/01/greene.first.cellphone.call/index.html?hpt=C1
53732451150864384,2011-04-01 08:16:29,Thank you
53695987641876480,2011-04-01 05:51:35,"RT @googlechrome: Are your fingers speedy, sexy, aerobically fit? Yeah, didn‚Äôt think so. Time to Chromercise: http://goo.gl/trNa9 #chrom ..."
51760410117943296,2011-03-26 21:40:18,"@KatieS answered, wednesday is supposed to be 70 and sunny:)"
51364855982194689,2011-03-25 19:28:30,"RT @mattcohler: Another great post from my partner @bgurley on Android, ""the greatest legal [?] destruction of wealth in history."" http: ..."
50932612851695616,2011-03-24 14:50:55,"@nikesharora willing right now:) sachin just crossed 50, gives me hope"
50927122939772928,2011-03-24 14:29:06,@nikesharora too nerve racking. Hope we pull it through
48618224526434304,2011-03-18 05:34:22,@aplouie congrats
47908745631633408,2011-03-16 06:35:09,"The nuclear situation seems to be getting worse, hope the tide turns, thoughts with the amazing selfless workers in Japan #japan"
47537017051021312,2011-03-15 05:58:02,RT @louisgray: Austin Airport has no free WiFi. Good thing I have the Google Chrome CR-48 notebook. Switched to Verizon 3G data and I'm  ...
46350630540943360,2011-03-11 23:23:46,"RT @gmurphy: Apple cancelled my iPad2 order saying I'd exceeded the per-customer limit. Sorry Apple, next time I will order 0.5 iPads in ..."
46118659835428864,2011-03-11 08:02:00,here's a person finder tool that has been put up #tsunami http://japan.person-finder.appspot.com/?lang=ja
46113132292227072,2011-03-11 07:40:02,"So tough to watch helplessly the videos on TV, thoughts are with all of you in Japan"
46102974770069504,2011-03-11 06:59:40,RT @imagoogle: @sundarpichai It's been a month and I'm loving the CR48
46098278210744320,2011-03-11 06:41:00,"Am on IM with someone who just went through the 8.8 in Japan in an office building, shook violently, thankfully everyone seems ok"
45761377687711745,2011-03-10 08:22:17,RT @KatieS: Great story about #GoogleVentures: http://t.co/toKf7aU. Some of my favorite Googlers: @jkraus @kraneland @foopee @weschan
45181003521728512,2011-03-08 17:56:05,@palmjeff Sorry we have shipped all units for now. Thanks for your interest and we will have partner devices out mid-year.
43512768019705856,2011-03-04 03:27:06,"@sacca yes likewise, what an amazing talent! #TED"
42986651038916608,2011-03-02 16:36:30,@timoreilly very true. Real wake up call. Good seeing u there
40972261477318656,2011-02-25 03:12:03,RT @mattcutts: Google just launched a new algorithmic ranking change. Here's the blog post: http://goo.gl/J1e0a
40514319464538112,2011-02-23 20:52:21,Cool pic! Sports Illustrated #Snapshot - 'Tis the Season http://t.co/5abBVIE via @SI_24Seven
38849830004604928,2011-02-19 06:38:15,"@KatieS @peterchane @sacca same here, planning to head in the morning"
38434521674153984,2011-02-18 03:07:58,"RT @googlechrome: Faster than a speeding rabbit: speed, sync and settings. Learn more about our latest beta release: http://t11.me/FN6-MF"
38434422176878592,2011-02-18 03:07:34,RT @TechCrunch: Google Opens Developer Preview Of Chrome Web Store In 15 More Countries http://tcrn.ch/gfrqlO by @parislemon
37778757976596480,2011-02-16 07:42:12,"@gmurphy thanks, wish i could have one in my house, it will get there one day!"
37765496715616256,2011-02-16 06:49:30,"Pretty cool, wish there was a video link for this. Watson on Jeopardy! Day Two: The Confusion over an Airport Clue http://goo.gl/Uk3FA"
36543993198297088,2011-02-12 21:55:41,Congrats on all that you and the people of Egypt have accomplished! RT @google @Ghonim
36518375249289216,2011-02-12 20:13:53,"My respect for the egypitan army only increases every day - Army Commits To Civilian Power Transfer, Peace With Israel http://goo.gl/D0446"
36516509287194624,2011-02-12 20:06:28,"RT @herf: Wow, my site has more Chrome users (39%) than any other browser this week."
35955472154628096,2011-02-11 06:57:07,RT @SlideRocket: Check out SlideRocket's Chrome Web Store Experience http://t.co/MEcNNXy
35226649234640896,2011-02-09 06:41:02,RT @jonwiley: Been using a Cr-48 notebook for the last several days and really enjoying it. All computers should function this way. http ...
35119940432297986,2011-02-08 23:37:00,Hope it is so - Activist's tears may be game changer in Egypt | Reuters http://goo.gl/A02Sy
35025071185596416,2011-02-08 17:20:02,"After Failing To Get Hacked Last Year, Google Paying For Chrome To Be In Pwn2Own 2011 http://goo.gl/jpHIO"
34458688299208704,2011-02-07 03:49:26,"@Smart_Faheem @WSJ made my day, keeping fingers crossed!"
33661936985964545,2011-02-04 23:03:25,"@chromeOSsite Great site, stay tuned, we will be in touch soon"
33641282685374465,2011-02-04 21:41:21,RT @Chad_Hurley: Photo:  http://tumblr.com/xvj1ffi42p
33069099974131712,2011-02-03 07:47:42,"RT @mattcutts: The Pwn2Own contest is coming up in March: http://goo.gl/2Zrq5 Hack Chrome, win $20,000 (!)"
32705195947327488,2011-02-02 07:41:41,Wishing for the best. Google Seeks Help in Search for Missing Exec Wael Ghonim in Egypt | Epicenter¬†| Wired.com http://goo.gl/SPzx8
32321196385116160,2011-02-01 06:15:48,@amac @speak2tweet @_x4o incredible to see the live translations coming in.
32319616806027264,2011-02-01 06:09:31,"RT @mmastrac: The Cr-48 is basically a giant battery strapped to a browser. In other words, awesome."
31982330662879232,2011-01-31 07:49:16,Pretty Crazy! Torstein Horgmo makes X Games history with big-air triple cork http://goo.gl/N3ME3
31966544791601152,2011-01-31 06:46:32,RT @rmack: Blogger and Google staffer Wael @Ghonim has been missing since Thursday. Pray for him and the ppl of #Egypt http://bit.ly/dOI ...
30526586272882688,2011-01-27 07:24:39,An amazing volunteer project. Official google.org Blog: Explore Yad Vashem‚Äôs Holocaust archives online http://goo.gl/7C2Dy
29950403458113537,2011-01-25 17:15:07,RT @davegirouard: Want to hear what we're doing w/ ChromeOS & Google Apps for Biz? Join us tomorrow at 10am PT http://goo.gl/Q2c0I
29782924727427072,2011-01-25 06:09:37,"@tonwac01 no need to resign, thanks"
28346044232245248,2011-01-21 06:59:58,Trying out tweetdeck from the chrome web store....pretty cool
28205989685633024,2011-01-20 21:43:26,@eladgil glad you are ok!
28205446028328960,2011-01-20 21:41:17,RT @KatieS: Love how @ericschmidt tweeted his news. Eric is an incredible CEO & deserves huge credit for Google's success. Congrats to L ...
28202806003376128,2011-01-20 21:30:47,@ericschmidt thanks for getting us to where we are today and look forward to the road ahead with your new role!
27221914015498240,2011-01-18 04:33:04,"Betting on simplicity.
http://www.zdnet.com/blog/google/go-figuremy-wife-loves-the-chrome-notebook/2742"
26752798397829120,2011-01-16 21:28:58,RT @mattcutts: I missed this: Gmail uptime is 46 times more reliable than Microsoft Exchange? http://goo.gl/mKw6U SLA is improving too.
25388335425921024,2011-01-13 03:07:05,"RT @parislemon: Chrome, Chrome OS Updated With First ‚ÄúElite‚Äù Bug¬†Squashed http://t.co/YvDxb03"
24698650714185728,2011-01-11 05:26:31,Google Goggles beats the National Sudoku champion:) http://goo.gl/Z0gn2
24601238859423744,2011-01-10 22:59:27,@bryantdunivan Yes we will have another batch that will ship out this month. Should be an exciting few months ahead.
23271066419859456,2011-01-07 06:53:49,"RT @Bill_Gross: The Future of Interfaces is now. @ #CES, touchscreens, voice, waving, body-motion. The reign of the mouse is over. http: ..."
23225975965745152,2011-01-07 03:54:38,"@dannysullivan am glad cricket is back competitive again, for a while it looked like Australia was going to dominate the next 30 years!"
22896970452434944,2011-01-06 06:07:17,http://flowingdata.com/2010/12/22/epic-animation-in-google-docs/ power of web apps
22454841863315456,2011-01-05 00:50:26,"next week, same day we will have 1/11/11 11:11 am"
22183818416885760,2011-01-04 06:53:29,"First day back at work tomorrow, every new year is exciting, but this one feels big for the tech space. Should be fun"
22182436876066816,2011-01-04 06:47:59,RT @johnniemanzari: Go back to 2006 and tell people in 5 years Stanford football will be 12-1 and Apple will trade at $330/share. They'l ...
20192824452448256,2010-12-29 19:01:59,RT @mattcutts: Good overview of what happened this year with browsers: http://bit.ly/gVJCdi
20192359924899840,2010-12-29 19:00:08,"@nikesharora sweet. just playing a game of golf is on my bucket list, so you are way ahead:)"
19989451824435200,2010-12-29 05:33:51,"how to deal with a scammer, hilarious http://pogue.blogs.nytimes.com/2010/12/23/a-day-with-an-e-mail-scammer/"
18534043704369152,2010-12-25 05:10:35,@othman am sure the all black look of Cr48 with no branding did not help:)
18533720273190912,2010-12-25 05:09:17,"Tempted to move there, the weather is an added bonus! Asia: Fair dinkum: the digital ambition | The Economist http://goo.gl/OTRE6"
17714066164289536,2010-12-22 22:52:17,"@Portablez sorry, the pilot hardware cr-48 is certified for US only, our partner devices will be available globally when ready"
15815598101499904,2010-12-17 17:08:27,RT @timoreilly: Cool. Google body browser. http://bodybrowser.googlelabs.com/index.html via @slashdot
15504327963582464,2010-12-16 20:31:34,RT @davegirouard: 100% Web - the next step for the cloud for 2011! http://goo.gl/qQI6o
15292276607553536,2010-12-16 06:28:57,RT @waltmossberg: First impressions of Google's coming Chrome OS for computers.  http://t.co/3vZ6bep
15292118993993728,2010-12-16 06:28:19,@bgurley the power of the cloud model!
15141187912474625,2010-12-15 20:28:35,"Browse for a cause, thanks for your support! http://chrome.blogspot.com/2010/12/browse-for-good-cause.html"
14745766731980800,2010-12-14 18:17:19,"@lungsoftheocean yes like grooveshark as well, amazing to see all the innovative web services in music. All in html5 too!"
14744667576868864,2010-12-14 18:12:57,great to see tweetdeck be the first app to cross 100K installs on chrome web store! http://tinyurl.com/2c7mykr
14594953829163008,2010-12-14 08:18:02,"Listening to music on MOG, loving it, discovered it at https://chrome.google.com/webstore/detail/jgljcanfdcmdnncaneopdlcgjlkgpenj"
14370785758023681,2010-12-13 17:27:16,@marissamayer @zackbogue congrats!!
14201928955207681,2010-12-13 06:16:18,@myz06vette Two finger click on the trackpad
14132495779897345,2010-12-13 01:40:24,"@timoreilly glad it makes sense, it is a work in progress and so do let us know if you have feedback"
14130966435991552,2010-12-13 01:34:19,My answer on Quora to: Chrome Web Store: Which apps in the Chrome Web Sto... http://qr.ae/IGGt
13767342299291648,2010-12-12 01:29:24,RT @arrington: RT @crunchgear TechCrunch Giveaway: Five Google Chrome Cr-48 Notebooks http://bit.ly/egooO1
13633594090065920,2010-12-11 16:37:56,@kepley :)
13495851993276416,2010-12-11 07:30:36,RT @ericschmidt: See how the World Searched with Google's 2010 Zeitgeist:  http://goo.gl/OP3BX
13439743203221505,2010-12-11 03:47:39,RT @mattcutts: A fun video about Chrome OS: http://goo.gl/G3Rjr This is why I get nervous if my data is only on my local hard drive.
13355834885017602,2010-12-10 22:14:13,@DaleSchultz Click on the report bug on the top right hand of the screen
13333882057261056,2010-12-10 20:46:59,"RT @arrington: Chrome Appears To Have Hit 10,000 Extensions, Inching Closer To¬†Firefox http://t.co/OUm7ShF via @techcrunch"
13272799669915648,2010-12-10 16:44:16,"@ericschmidt thanks for sharing, the journey continues http://googleblog.blogspot.com/2010/12/cloud-computing-latest-chapter-in-epic.html"
13271814977355776,2010-12-10 16:40:21,"http://blog.chromium.org/2010/12/year-of-extensions.html
One year of extensions, over 70 million installed"
13131752469962752,2010-12-10 07:23:48,"@eladgil no I am thug, see http://www.metrolyrics.com/hey-soul-sister-lyrics-train.html"
13125062378913792,2010-12-10 06:57:13,RT @gmurphy: I was in a ChromeOS video: http://www.youtube.com/watch?v=lm-Vnx58UYo
13007406275502080,2010-12-09 23:09:41,Nice pics and review from engadget on Cr-48. http://www.engadget.com/2010/12/09/google-cr-48-chrome-laptop-preview/
12982036235026432,2010-12-09 21:28:53,RT @tariqkrim: unbelievable !!!!! we are on the top app installed on the Chrome Webstore  http://twitpic.com/3eep3t  keep installing ;)
12925897459900416,2010-12-09 17:45:48,"@kessler thanks, we know there are lots of bugs:) thanks for being a beta tester and helping us improve it"
12917191393415168,2010-12-09 17:11:13,"The first Cr-48s pilot chrome notebooks should reach users today. Long ways to go, exciting to get it out. http://google.com/chromenotebook"
12908478746075136,2010-12-09 16:36:35,"Hope you enjoy it, remember it is pre beta software:) RT @kessler Holy shit! A Google Chrome CR-48 just unexpectedly showed up at my door!"
10592562054172672,2010-12-03 07:13:58,RT @JoeTierney: Funny the easiest thing to do on OfficeLive is buy a copy of Office 2010. Real cloud solutions for any sized org here: h ...
10592500322410496,2010-12-03 07:13:43,"Year end crunch, always the same but more so this year"
9500526211239937,2010-11-30 06:54:36,RT @ericschmidt: Check out Google's http://www.demoslam.com/  .. a place for fun demos and learn something in the process; mostly fun !
29303604454,2010-10-31 19:23:49,"Nice article on html5 momentum, great to see http://www.technologyreview.com/web/26565/"
29048799986,2010-10-29 02:34:05,How do you spend 1Billion dollars on a house? http://www.nytimes.com/2010/10/29/world/asia/29mumbai.html?hp
27844384088,2010-10-19 15:36:39,"RT @Arubin: the definition of open: ""mkdir android ; cd android ; repo init -u git://android.git.kernel.org/platform/manifest.git ; repo ..."
27844131912,2010-10-19 15:33:51,RT @fredwilson: Tweeting from a sony googletv in the sony flagship store on madison ave.  Hell yeah!
26873362928,2010-10-09 20:18:28,RT @mattcutts: In case you've doubted that Google is innovative: http://goo.gl/0IVD Meet our cars. Cars. That drive. Themselves. :)
25662052267,2010-09-27 06:00:36,Quora: Why is Chrome growing? Answer: http://qr.ae/LiQ
25661472996,2010-09-27 05:49:24,"@eladgil not quite what the article implies....it did exist in India, the article says it existed in other places as well before Columbus:)"
25661230603,2010-09-27 05:44:47,"RT @marissamayer: Happy 12th Birthday, Google!  Beautiful logo from Wayne Thiebaud :) http://www.google.com"
25381668364,2010-09-24 06:37:13,Nice to see this http://www.cnn.com/2010/WORLD/europe/09/23/uk.largest.wind.farm/index.html?section=cnn_latest
24355722722,2010-09-13 04:56:30,http://comedy.video.yahoo.com/?v=8204995 the second part is crazy
23972348864,2010-09-09 02:48:46,"I favorited a YouTube video -- 'A Universe From Nothing' by Lawrence Krauss, AAI 2009 http://youtu.be/7ImvlS8PLIo?a"
18583599947,2010-07-15 07:01:49,I favorited a YouTube video -- Iniesta & Xavi - Best Midfield Ever 2009/10 *HD* http://youtu.be/SRU8d1q497M?a
16289028259,2010-06-16 07:12:22,Please please stop the vuvuzelas:(
15577524958,2010-06-06 20:10:38,Inside united flight at SF runway delayed due to bad weather in JFK. Bliss.
15075494218,2010-05-31 01:05:08,"At Computex in Taipei, exciting week ahead...."
14672774117,2010-05-25 05:00:49,I subscribed to jhuber's channel on YouTube. http://www.youtube.com/user/jhuber?feature=autoshare
14659405363,2010-05-25 00:57:32,I liked a YouTube video -- Epic and Honest Mobile Home Commercial http://youtu.be/q-RLqLx1iYI?a
14184964279,2010-05-17 21:40:10,"http://www.nytimes.com/2010/05/18/science/space/18cosmos.html?hp
""not the face of God, but it might turn out to be the toe of God"""
14184893532,2010-05-17 21:38:48,"RT @kraneland: Happy 5th bday, YouTube!  Amazing stats: 2B views per day, 24 hours of new video uploaded every minute..."
13837296115,2010-05-12 07:10:18,I liked a YouTube video -- I Walk The Line Cover http://youtu.be/9_daJjRrv0A?a
13435527053,2010-05-05 16:33:20,Chrome vs potato gun http://chrome.blogspot.com/2010/05/potato-gun-lightning-and-sonic-magic.html
13385236070,2010-05-04 21:25:44,"RT @mattcutts: A *crazy* video about Chrome's speed is coming soon. Catch the ""making of"" video before it goes viral: http://goo.gl/Sysj"
13115300034,2010-04-30 06:46:19,Nice collage of window seat pics http://www.nytimes.com/interactive/2010/05/02/travel/joys-window-seat.html?hp
12780073023,2010-04-24 19:40:24,I subscribed to sbrin1600's channel on YouTube http://www.youtube.com/user/sbrin1600?feature=autoshare_twitter
11412626892,2010-04-01 07:17:35,"Love working at Topeka
http://googleblog.blogspot.com/2010/04/different-kind-of-company-name.html"
10838137122,2010-03-21 21:08:49,"‚ÄúI am not bound to win, but I‚Äôm bound to be true. I‚Äôm not bound to succeed, but I‚Äôm bound to live up to what light I have.‚Äù Proud today"
9911164273,2010-03-03 05:22:43,RT @elatable: Welcome Picnik! http://blog.picnik.com/2010/03/google-acquires-picnik/
9911114727,2010-03-03 05:21:10,"http://news.yahoo.com/s/space/20100302/sc_space/chileearthquakemayhaveshorteneddaysonearth
That was one powerful quake...."
9515165621,2010-02-23 06:34:54,Puts the tiger woods incident in perspective. http://thelede.blogs.nytimes.com/2010/02/22/dalai-lama-now-knows-who-tiger-woods-is/
8799275526,2010-02-08 06:28:43,"Pepsi avoids Superbowl. We run an ad there. What has the world come to:)
http://bit.ly/9IPaym"
8381802315,2010-01-29 20:03:24,"Thanks Bill and Melinda Gates, this is great to see http://www.huffingtonpost.com/2010/01/29/gates-makes-10-billion-va_n_441638.html"
8133865898,2010-01-24 02:40:42,@peterchane simon singh fermat's last theorem - just reading it
7444549601,2010-01-06 15:51:13,"Back in bay area after a whirlwind 3 weeks through Warsaw, Munich, Frankfurt, Mumbai, Bangalore, Chennai - good to be back, happy new year!"
6984306323,2009-12-24 02:00:14,"Great to see Mixerlabs acquisition by Twitter. Congrats Othman and Elad!
http://blog.twitter.com/2009/12/mixing-it-up-at-795-folsom-st.html"
6477226015,2009-12-08 22:36:28,"Mac, Linux and Extensions too....big day for Chrome! http://googleblog.blogspot.com/2009/12/google-chrome-for-holidays-mac-linux.html"
6457582596,2009-12-08 07:19:43,DARPA challenge solved in 9 hours!! http://www.guardian.co.uk/technology/2009/dec/07/darpa-challenge
5925110982,2009-11-21 18:47:37,"Headed to get a new bike for my daughter, she is growing tall!"
5925087036,2009-11-21 18:46:28,RT @mattcutts: The six Chrome OS videos on the Chrome channel on YouTube: http://bit.ly/70Zsjl They've gotten over 2M views in 2 days.
5913980400,2009-11-21 07:47:29,"Second time is the charm, go LHC http://www.nytimes.com/2009/11/21/science/21collider.html?_r=1&ref=global-home"
5385665047,2009-11-03 06:32:17,Keep your bookmarks synced across your Chrome browsers http://bit.ly/3GVkzT
5224106295,2009-10-28 06:27:34,Life is random http://www.cnn.com/2009/CRIME/10/27/nevada.car.crash.home/index.html
5224074825,2009-10-28 06:25:07,Trying out Win 7
5159629473,2009-10-26 00:04:00,had a halloween party last night and one more today - getting started a bit early:)
5052818121,2009-10-21 21:27:31,Love the twitter-google deal http://bit.ly/183svN
4856231004,2009-10-14 06:18:06,La Bella Prinicpessa! http://www.cnn.com/2009/WORLD/europe/10/13/da.vinci.portrait.found/index.html
4591048997,2009-10-04 00:13:50,At oktoberfest party.....
4584264658,2009-10-03 18:19:57,Lovely morning in the backyard with the kids
4308443736,2009-09-23 04:46:45,Introducing Google Chrome Frame...http://bit.ly/Manbm
4118492815,2009-09-20 05:13:25,"Killing all the pigs, all at once, ‚Äúwas the stupidest thing they ever did,‚Äù
http://bit.ly/30ogpl"
4096665670,2009-09-19 04:56:09,"@marissamayer Ugh - sorry to hear, hope you had luck getting back"
4023545700,2009-09-16 05:37:31,@bengoodger Go Chrome 3
3941547508,2009-09-12 21:23:49,"tennis in the morning, baja fresh with kids, peets just myself, and now email"
3728436673,2009-09-03 05:54:32,"Next time you drink a pepsi, there might be a toad inside http://bit.ly/hHxnJ"
3706473828,2009-09-02 06:22:38,Chrome turns 1!
3705147913,2009-09-02 04:38:14,"""maybe you should divorce"" our wonderful healthcare system http://bit.ly/4u5HV"
3571278225,2009-08-27 02:57:22,"Viewing Taipei from 73rd floor of Taipei 101, pretty cool!"
3528736335,2009-08-25 04:45:14,On my way to Taipei....
3234520850,2009-08-10 23:22:27,Relaxing after a nice dinner in Saint-Germain....
3085989245,2009-08-02 12:52:17,"to go to the mountains or be on the lake - that's the question, on vacation in Zurich:)"
2527959714,2009-07-08 05:12:27,Introducing the Google Chrome OS http://bit.ly/13NVxQ
2527945389,2009-07-08 05:11:13,@btaylor Yes it does http://bit.ly/13NVxQ
2442945618,2009-07-02 20:43:46,about time - they are calling it Gay Ho:) http://bit.ly/Uzu36
2306933093,2009-06-24 06:16:03,Our elected representatives:) http://www.nytimes.com/2009/06/24/nyregion/24albany.html
2291247866,2009-06-23 06:30:02,"finally caved in and got my kindle, it is here - only one more device to carry with me!"
2203750235,2009-06-17 07:26:54,"Wireless charging of cell phone, sweet. http://tech.yahoo.com/blogs/null/143945"
2052344891,2009-06-06 07:25:09,R.I.P Rajeev Motwani http://bit.ly/1bl8Z7
2047976403,2009-06-05 21:28:14,"For brave users - Chrome for Mac, Linux http://bit.ly/uh5GL"
2037820612,2009-06-05 02:13:34,Video or webpage? http://bit.ly/kz195
1856791477,2009-05-20 06:32:32,Our ancestor http://www.cnn.com/2009/TECH/science/05/19/human.ancestor/index.html
1703825619,2009-05-05 06:06:40,was abt to buy Kindle when they launched v2. now was getting ready to order and they have the larger screen kindle. should i wait
1653976734,2009-04-29 23:42:25,"What is Google Chrome?
http://tinyurl.com/d7jldu"
1517273958,2009-04-14 15:15:40,Happy New Year http://tinyurl.com/d3dj3z
1435641821,2009-04-02 01:50:55,"enjoying 3d browsing with Chrome, it is awesome! http://www.google.com/intl/en/landing/chrome/cadie/"
1205396897,2009-02-13 05:08:29,thinking abt twittering again....
774770442,2008-03-21 03:26:16,enjoying a rainy day in beijing (clears out all pollution!)
770226665,2008-03-12 06:03:27,Warming up for three 14 hour flights next week! leaving for Sydney this weekend
