finkd	336693
bgurley	328133
pmarca	324435
tnatsu	307475
DuvalMagic	296614
rsarver	285005
reidhoffman	283147
Fwiz	281400
sivers	277718
therealcliffyb	266521
jkottke	262896
digiphile	250952
jkalucki	249766
paulg	247378
ID_AA_Carmack	235550
nzkoz	235442
myspacetom	228454
abdur	226717
carlmanneh	226195
bs	217338
todsacerdoti	206782
timberners_lee	205174
mollstam	201898
_tomcc	200921
Kappische	195639
jeresig	190628
JahKob	190544
danfrisk	179143
bhorowitz	177947
cdixon	177121
Benioff	166901
paul_irish	162782
robhoward	160362
pschiller	159021
tconrad	158602
CraftBukkit	155916
jonkagstrom	155851
poe1985	155643
NFoles_9	155558
Jalopnik	155046
LucyLiu	155040
umichbball	154994
StationCDRKelly	154977
hanni_davis	154891
demandrichard	154859
PierreGarcon	154823
MaLek	154807
usatodaytech	154551
ralphmarston	154533
RosannaPansino	154355
dukeblueplanet	154063
kevinmitnick	153792
jayrosen_nyu	153351
Taghreedat	153117
UnitedAirlines	153071
Wharton	152874
tanehisicoates	152867
skc1210	152857
whymicrosoft	152831
thesoccerdon	152702
OfficialAmiyah	152675
joshuatopolsky	152644
Pictory	152510
Princeton	152247
thejointstaff	152190
ruskin147	151985
ReaganGomez	151942
UNAIDS	151649
billmckibben	151643
docm77	151511
MorganSpurlock	151307
TayarSha3by	151291
originmagazine	150966
felixsalmon	150935
letsmove	150827
Stefsunyanzi	150757
MariaBartiromo	150716
hazuma	150619
nhk_kurogen	150608
waynecoyne	150592
cinemassacre	150550
googlereader	149838
AlusOfficial	149650
RapRadar	149595
jeffjarvis	149447
unity3d	149313
MaryLynnRajskub	149231
ChopTedAllen	149206
jasonfried	149181
levie	148832
TMobileHelp	148771
tpb	148718
iraglass	148556
randyjackson8	148548
myen	148508
kim	148478
FootballAU	148475
JoyAnnReid	148436
MohmedAlbeltagy	148251
nytpolitics	148004
MasuzoeYoichi	147943
Asadx	147865
LumiaUS	147626
XboxP3	147593
Money23Green	147386
ihoudaiby	147293
miyasan_bot	147267
SnoopLion	147104
nagano_t	147002
elnadeem	146675
RickSanchezTV	146634
akaWorf	146439
qz	146380
ElBaradeiii	146328
JayPharoah	146302
dongatory	145925
kalimakhus	145882
TomoMachi	145768
hellomag	145668
team_nakagawa	145657
MsLaurynHill	145555
make	145500
frontlinepbs	145451
GloriaSteinem	145141
nilerodgers	145090
AllieBrosh	144559
PauseUnpauses	144483
slashdot	144419
InsideCHIKIRIN	143725
SharonHayes	143512
GrantaMag	143495
_grum	143484
officialLizz	143446
WeCanEndPoverty	143317
edXOnline	143257
akselsvindal	143191
MichaelSkolnik	143170
NotifyNYC	143100
mdweesh	142807
iwakamiyasumi	142755
JasonReitman	142701
klustout	142670
timyoung	142616
EllenBarkin	142531
mezzoblue	142493
Assaadtaha	142368
NY1weather	142190
joanwalsh	142104
alisonhaislip	142087
lilianwagdy	141928
conniebritton	141919
anywhere	141838
Bill_Gross	141783
TheAnonMessages	141539
KillerMikeGTO	141451
wwww_wwww_wwww	141192
Tanigaki_S	141179
Bey2ollak	140873
prezi	140695
NYTimesDowd	140643
WillSasso	140528
JohnTheCho	140359
moeager	140312
RoyalCaribbean	140302
Murakami_Haruki	139981
CreativeLive	139974
cyanogen	139964
GuardianUS	139868
JohnLithgow	139788
davidchang	139763
postpolitics	139653
thedaveywavey	139581
hat_films	139523
SenGillibrand	139449
zeynep	139423
NetoSanRoman	139365
spartacus_starz	139277
negadelborai	139046
Pistachio	138883
TPPatriots	138807
Martina	138754
dhh	138733
the_intercept	138703
USChamber	138659
levinassien	138588
TUAW	138574
Kasparov63	138322
salmasaid	138246
danacarvey	138233
uxmag	138122
girleffect	137951
zarias	137923
Bassel_adel	137902
shuntorigoe	137888
Visually	137771
bubs	137580
edlevine	137424
yaseralzayat	137326
gchahal	137303
RichardWiseman	137277
Kitsch_Matsuo	137260
ChrisPirillo	137088
grader	136997
nest	136856
Retweets4Writer	136851
AB_Basketball	136811
rkmt	136620
tonyblairoffice	136606
HowardKurtz	136576
HarvardChanSPH	136523
joebelfiore	136514
ahramonline	136416
TheOrlandoJones	136272
AlexTheMauler	136016
assiazar	135993
AlyaaGad	135943
justbobbibrown	135928
chrisguillebeau	135922
mattyglesias	135921
taptaptap	135769
ThaboSefolosha	135749
guyoseary	135703
Ai_Tominaga	135653
sgblank	135622
KrisJelbring	135602
MarkBurnettTV	135511
talenthouse	135415
shikaosuga	135208
StartupWeekend	134985
mizuhofukushima	134945
GuudeLP	134828
Sassafrantz	134821
ThinkwithGoogle	134801
penelopetrunk	134753
chriscoyier	134569
MojangSupport	134459
SybrinaFulton	134170
VanJones68	134123
squarespace	134021
fancy	133984
The_T	133634
hyakutanaoki	133581
ilazer	133534
bataleh	133526
MorningEdition	133417
MiaHamm	133400
thedanieb	133320
RobertPlant	133293
ShaunKing	133293
elizabethforma	133248
FDNY	133213
AymanM	133191
jakeandamir	133072
CTurlington	132957
deray	132739
SatoMasahisa	132682
sundarpichai	132670
shanesmith30	132642
JohnLeguizamo	132379
yojizen	132270
OnePerfectShot	132258
TheRealDratch	132234
fotc	131916
Janina	131791
xlson	131610
jemimakiss	131605
BRIANMBENDIS	131448
RubberNinja	131360
iMore	131057
razzadoop	131036
MSDN	130924
buenothebear	130891
ota324	130848
Toure	130841
SarcasticRover	130556
Blackberry_News	130506
ahmada2	130479
FatboySlim	130464
mranti	130027
mizunoyoshiki	129988
Gsquare86	129851
jscandalp	129817
Atul_Gawande	129755
jaltucher	129705
hecaitou	129594
zeebrathedaddy	129389
CharlesMBlow	129283
TammyCamp	129242
Poynter	129208
SFist	129175
Minervity	129098
FadikAtasoy	128941
socialbakers	128544
NoLabelsOrg	128339
matsudakouta	128207
EYnews	128205
mlevchin	128195
msjwilly	128140
AnwarGargash	127977
titojackson5	127759
MHPshow	127715
rezaaslan	127581
tawara_machi	127552
markos	127404
hayano	127355
davepeck	127233
paulsoaresjr	126939
mozilla	126934
charlierose	126927
cairusso	126840
yoshidahisanori	126525
AmznMovieRevws	126464
NoorNoor1	126305
AudraEqualityMc	126175
jermaineoneal	126079
adamsconsulting	125823
GeorgiaMJagger	125716
bbrowner27	125674
IndiaHistorypic	125541
kathyireland	125460
TakeItFromUsPR	125448
brooklynvegan	125444
symantec	125409
waitwait	125360
Japan_Olympic	125358
tom_peters	125352
TeachForAmerica	125325
fukudamoe	125127
MollyRingwald	124897
gehrig38	124851
lukew	124751
hblodget	124736
loic	124592
GeorgeMonbiot	124581
carnalizer	124572
drewhouston	124412
w3c	124351
judyblume	124270
duplaselton	124218
blog44	124094
GlobalFund	124049
petersagal	123899
morgan_murphy	123792
YouTubeNation	123753
UpshotNYT	123562
CompSciFact	123498
kpcb	123434
BeschlossDC	123372
OfficialKimlee	123337
paulsingh	123327
comScore	123264
TheAshleySky	123258
Astro_Wheels	123154
KatrinaNation	123123
lakebell	123007
JMotte30	122784
MattBarkley	122711
VicMensa	122644
8bit_HORIJUN	122618
youngthegiant	122353
aasif	122227
Marketingland	122108
Leisha_Hailey	121993
AndrewRannells	121904
Asashoryu	121832
bobbyllew	121588
DiggSupport	121475
MsJillMJones	121423
NandiMngoma	121417
marilink	121315
FinEmbTokyo	121263
mrmattwalsh	121067
andersonlive	121031
EuSentimento	120923
lizmeriwether	120855
kurikiyama	120746
ramonashelburne	120736
masui	120706
hilaryr	120701
JustinJamesDJ	120685
bencnn	120505
TwitterDev	120349
SadeOfficial	120275
AntonioFrench	120136
jeffgerstmann	120082
MagicSauceMedia	120018
cwgabriel	119972
PopeTawadros	119963
Cornell	119801
joyvalencia	119760
aimeemann	119734
khatami_ir	119624
BabaRamDass	119150
andrewbogut	118965
gates_mcfadden	118917
BIJUTSUTECHO	118913
michinara3	118663
yoda	118634
abbijacobson	118619
JoeHobot	118571
avantgame	118522
GLEETV	118402
Woodstock	118296
djshadow	118233
SuperMeatBoy	118070
danieldennett	118029
CNBCnow	117617
SlaughterAM	117616
Colossal	117560
YahooCelebrity	117557
intlCES	117506
VerizonSupport	117425
jonronson	117032
meganhilty	116975
utumikeiko	116817
account_kkojima	116767
Fred_Willard	116652
dambisamoyo	116532
MonsterProducts	116331
Columbia	116216
asano_inio	116114
sullydish	116054
SheriSalata	115855
naval	115732
zefrank	115648
shelbyfero	115636
jonathancoulton	115547
hbkr	115540
LydiaWinters	115393
JeanGreasy	115390
Accel	115388
jurneesmollett	115282
Iearnsomething	115185
WesleyLowery	115171
journalismnews	115167
Caterina	115082
mebeijadelingua	115067
MarshaCollier	115055
JoeQuesada	114968
treehouse	114968
jamesstewart3D	114904
continental	114834
KenRoth	114809
RahmEmanuel	114696
COALITION14	114690
BBC2012	114618
JamieRyanDee	114618
Bassem_Sabry	114614
climateprogress	114591
savechildrenuk	114567
claychristensen	114542
MichaelChiklis	114447
scottgu	114396
mulligan	114386
rehab86	114319
sumokyokai	114171
IFTTT	114164
maureenjohnson	114164
ApolloniaKotero	114162
truthout	114158
IceJJFish	114038
CapitalOne	113938
Heello	113901
CaseyNeistat	113857
ECONdailycharts	113852
tjholmes	113804
telegram	113656
iqbaltheba	113608
CashWarren	113580
TeamLiquidnet	113346
SabahyCampaign	113296
Surfrider	113282
SleepyHollowFOX	113230
StKonrath	112984
TheKingDream	112922
LisaLeslie	112606
CarlaBMusic	112491
PennyRed	112412
GirlsWhoCode	112373
TheRealNealE	112338
DragonMobileApp	112311
leighalexander	112190
AlBawsalaTN	112115
broadcity	112113
ayaabdullah	111793
NetApp	111712
SheIsDash	111668
mfathypress	111621
NekoCase	111612
JuliaBeverly	111393
davidcohen	111335
everydaycarry	111276
RamyRaoof	111246
Pocket	111187
jaleelwhite	111151
37signals	110996
360FromTheEdge	110913
Yatsuiichiro	110890
Alabama_Shakes	110886
BaheyaMasr	110879
gwenifill	110749
miusakamoto	110615
DellEnterprise	110570
jimmy_wales	110564
MichaelEPorter	110361
ScandalWriters	110345
iamdevloper	109978
Heshoz	109937
SEALofHonor	109823
DanaiGurira	109606
HeidiWatney	109390
tejbz	109350
Xavier75	109301
ryuichisakamoto	109202
NatalieCoughlin	109138
halu1224	109109
NeinQuarterly	109077
YahtzeeCroshaw	109050
MakerStudios	109036
livedoornews	109029
jasoncollins98	108986
conradhackett	108944
zephoria	108792
TheWire	108610
BradBirdA113	108554
Techland	108461
jenniferbeals	108416
joywilliams	108347
ScottMonty	108342
Terraria_Logic	107997
rocket2guns	107930
Newegg	107776
LoaiNagati	107723
firstround	107722
gottalovepups	107617
SteveForbesCEO	107608
historyweird	107439
davidfrum	107431
novapbs	107423
acarvin	107392
SenSchumer	107238
YoichiTakahashi	107223
ahmeddouma	107146
romenesko	107078
earthquakesSF	107031
mikebutcher	107009
manal	106993
clairecmc	106972
therealelp	106881
ToshibaUSA	106853
McFaul	106782
Jon4Lakers	106621
miyadai	106507
PrinceTweets2U	106348
sagmeisterwalsh	106319
blackthought	106304
ShaneMac	106215
GreylockVC	106093
beatonna	106053
prsarahevans	106009
Nomar5	105942
Edgar_Allan_Poe	105901
iDeLorean	105617
natasha	105528
ZeinabSamir	105362
acarboni	105340
OpenSociety	105275
UltrasAhlawy07	105179
Peggynoonannyc	105098
Adel_Salib	104986
VanessaVeasley	104971
NStauskas11	104879
tounsiahourra	104790
l2k	104700
winklevoss	104677
pmolyneux	104665
MrGeorgeWallace	104660
Joi	104622
robbwolf	104487
CNNWorld	104262
TheAppBrain	104255
Maktoob_Yahoo	104196
nishinoakihiro	104030
maryjofoley	103858
NicoleLapin	103605
McKinsey	103599
FuseODG	103531
Astro_Satoshi	103505
TwitterU	103477
877uszm	103381
Zisteau	103354
ricksammon	102793
MARYAMALKHAWAJA	102749
HistoryImg	102545
RockBand	102524
sorenmacbeth	102501
kazu_fujisawa	102354
snopes	102317
mkapor	102277
CosmoTheGod	102270
lizzwinstead	102228
BrittMichaelian	102219
MrJoshCharles	102217
JedYork	102136
JasonSilva	102057
MaywaDenki	101972
SteveLevitan	101716
newsycombinator	101680
Bryanbrothers	101666
JenniferPreston	101626
TheWrap	101582
Mahienour	101531
sarahcuda	101470
ambermac	101448
ahmed	101397
asahi_kokusai	101363
dukebasketball	101309
takashipom	101281
Mentalist_DaiGo	101257
cooperhefner	101251
msa3d_r	101236
JonHuntsman	101230
dellhome	101209
THErealDVORAK	101208
masaru_kaneko	101050
WeAreDeLaSoul	101010
Jason_Pollock	100932
jes_chastain	100927
richkarlgaard	100907
anamitra	100882
indiegamescom	100804
thurrott	100666
MarkHalperin	100509
JayOatway	100491
TheWeek	100452
socialmediaweek	100355
IMGmodels	100311
OHnewsroom	100307
rago_legal	100252
usatf	100172
EnvDefenseFund	100111
paulapoundstone	100081
core77	99995
jeffreytambor	99918
HuffPostJapan	99899
fmanjoo	99876
nntaleb	99806
charleneli	99705
mikko	99705
addyosmani	99653
gatesed	99547
USSupremeCourt	99545
Oregonian	99407
Canada	99264
NTSB	99255
MattBesser	99241
bbcpress	99223
Gachatz	99073
Rich_Fulcher	98970
wol_lay	98743
DrMorsiNews	98725
CarolineKennedy	98723
mollywood	98705
whatmatterspr	98605
Yano_Akiko	98520
k_satyarthi	98464
RebelMouse	98365
briankrebs	98339
nyc311	98253
US_FDA	98180
vanessariddle	98127
anjelahjohnson	98065
skonnard	98008
dealbook	97927
Heather_Poole	97823
JustineBateman	97629
iliza	97613
TwitCleaner	97425
OliverSacks	97417
CityLab	97359
CentralParkNYC	97318
martinvars	97277
KawasakMunenori	97262
GoodWifeWriters	97244
aureylian	97227
NohaAtef	97179
annieleibovitz	97071
mozhixu	97053
jsa	97048
dhewlett	96995
mtilsonthomas	96803
TimHarford	96795
HowStuffWorks	96738
joshtpm	96690
toriamos	96663
Amtrak	96621
f	96586
IvanCNN	96435
wild_sugichan	96412
KidFury	96357
takagengen	96352
Fred_Delicious	96344
SheilaEdrummer	96329
blakehounshell	96197
TIDALHiFi	96179
BrianRoemmele	96106
alfarhan	95923
OKKenna	95754
MicrosoftDesign	95663
NancySinatra	95525
tweetmeme	95440
ericharr	95367
MagicRecs	95313
CaptPaulWatson	95281
JimSterling	95220
Piper	95135
NYTLive	94988
html5	94961
NoraYounis	94888
yukarim	94789
JoannaColes	94712
jessicahische	94618
carlquintanilla	94584
ZachWeiner	94575
camilatmoraes	94542
vincentlaforet	94275
AlvinRisk	94195
AkihiroHino	94182
arabist	94117
AlterNet	93983
SanyaRichiRoss	93975
SquawkCNBC	93947
KatieS	93920
alkhames	93883
tim	93770
peterthiel	93708
noellebean	93666
TERUHIKO_	93562
sepinwall	93539
BurnNotice_USA	93521
followerwonk	93501
daneboe	93476
SoldierKnowBest	93468
drhorrible	93424
BeckyQuick	93393
USEmbassyKabul	93322
MonicaLewinsky	93249
vj44	93178
knightfdn	93174
takenoma	93133
Goapele	93064
y_banana	93008
mayhemstudios	92970
garfunkeloates	92965
puzhiqiang	92899
DellnoBrasil	92796
almessiry	92782
danariely	92743
The_Real_IMAN	92742
yoast	92707
LogoDesignLove	92478
Mark_Sisson	92446
NouraAlKaabi	92422
aritayoshifu	92382
JessicaValenti	92366
almadrigal	92292
digitalocean	92281
ld_blogos	92215
Dr_Manal_Omar	92116
ciscoDC	92064
sara	91915
MeganBoone	91881
hossam_moanis	91856
shiganowatanabe	91819
bogusky	91787
citrix	91779
Sonos	91758
missnemmanuel	91700
Marthalanefox	91595
TheStalwart	91572
habibh	91570
sixrevisions	91543
join1goal	91513
rabois	91462
AVAETC	91363
tweepsmap	91220
eddiemurphy	91197
gr33ndata	91149
ghostly	91066
BrantHarry	90818
rosenberg	90756
SlackHQ	90720
SFWeekly	90708
FatmaAbed	90706
AesopRockWins	90701
BoPelini	90654
SekoHiroshige	90644
xeni	90621
kenyanpundit	90611
edmodo	90583
StevenLevy	90458
carlreiner	90388
steverubel	90290
capitalcities	90231
remhq	90219
hunterwalk	90151
MayerHawthorne	90145
Ihnatko	89960
Sinar	89756
joshk	89736
moneimpress	89593
biorhythmist	89545
ioerror	89525
acedtect	89328
sarahlane	89328
kamalkhalil20	89308
SteveStoute	89226
simplebits	89192
KeigoTakeda	89171
rianjohnson	89139
OpenStack	89080
shellypalmer	89076
madeleine	89025
TNG_S8	88991
isaiahmustafa	88973
threatpost	88863
BoredElonMusk	88720
jasoninthehouse	88572
patricknorton	88544
ustwogames	88524
angleesoup	88484
JasonKhalipa	88469
lilyfrankybot	88466
guao	88362
googlepubpolicy	88206
aliceandolivia	88114
Fenng	88045
SquawkStreet	88008
EricMcCormack	87991
Rackspace	87957
MayaRudolph	87897
LinkedInPulse	87859
NasserAmi	87853
EinsteinBOT	87839
AngelaAhrendts	87698
rockpapershot	87551
oao50	87511
alexalbrecht	87479
RichardDreyfuss	87478
kyrasedgwick	87456
FarahSaafan	87427
MattBellassai	87311
TayZonday	87197
andrewchen	87134
IDC	87014
USEmbassyCairo	86962
alexisohanian	86926
AaliyahHaughton	86920
BLP_party	86832
EdmundMcMillenn	86818
Happy11311	86810
ClaytonMorris	86717
jimkwik	86657
Thermari	86655
comiXology	86505
latisol	86156
burningman	86116
meyerweb	86089
SeanEllis	86085
THERETARDEDM0M	86058
Bey_Legion	85768
briangaar	85621
AnneWheaton	85543
mikajohn	85283
AskDrRuth	85198
KanyeDoingStuff	85112
Ssirgany	85101
NabdApp	85067
BomuBoi	84976
AnikaNoniRose	84939
AntDeRosa	84874
Cicmty	84765
ryan	84738
Yunus_Centre	84684
PaulBegala	84592
TEDMED	84501
sana2	84439
SarahTheDuchess	84404
msmagazine	84364
kunikoasagi	84246
ramit	84221
KarlTheFog	84144
PoIiticalLine	84134
jodywatley	84065
LHallyday	84044
desusnice	83995
AminFHaddad	83852
TinaBrownLM	83841
obamainaugural	83835
peopIeofearth	83742
EmpireStateBldg	83727
Kyle_MacLachlan	83725
Sarah_Othmann	83657
xoxoamymarie	83607
nk	83566
JasonIsbell	83554
LifeandTimes	83522
kurtjmac	83422
sarrahsworld	83419
abkamal	83363
1776	83281
HirokoTabuchi	83271
larry_kudlow	83083
WendellPierce	82985
YahooTravel	82939
paddywarbucks	82931
shep689	82918
Quora	82793
nfergus	82704
Alfaoj_alaooal1	82690
kennylattimore	82602
everyword	82396
typekit	82327
scalzi	82306
marcoarment	82272
cspenn	82249
pete_wells	82192
StarbucksJobs	82156
thoughtworks	82056
feministhulk	81936
sharifkouddous	81934
RepresentPledge	81919
ivandebosch	81908
simplyrecipes	81899
WSJPolitics	81784
ericgarcetti	81701
JamesUrbaniak	81690
rickklein	81576
MissMelyssaFord	81546
repjohnlewis	81493
ciaotiga	81461
GarcelleB	81460
moot	81360
norashalaby	81284
instructables	81281
willsmith	81269
JANIEatCELEBUZZ	81236
tha_rami	81226
googleimages	81202
PeterMolydeux	81195
magosaki_ukeru	81165
thei100	81128
TheElders	81126
Colorlines	81060
rembert	80998
sama	80917
timacummins	80895
reckless	80840
aspnet	80829
salamah	80725
shaunmajumder	80608
JustinWolfers	80550
Lisa_Nova	80527
S_Elwardany	80494
Sarahcarr	80436
WorstMuse	80297
larryellison	80222
travisk	79977
TakePart	79960
br	79929
AlisonRosen	79922
WillMcAvoyACN	79853
amellarrieux	79839
RawyaRageh	79774
RonConway	79721
EGiNcontroL	79688
adafruit	79678
EvilSeph	79655
PlugWonDeLaSoul	79539
iKimberlyElise	79539
harrymccracken	79530
CharlieRoseShow	79526
Kronprinsparet	79441
ibogost	79328
longform	79247
kinamiharuka	79240
globalvoices	79176
Nathaniel_Clyne	79163
lespros_ami	79137
nhk_HORIJUN	79067
khaledelbalshy	79060
PandoDaily	79056
torakare	79004
Direwolf20	78982
JnnyG	78845
jeff	78844
haraken_tokyo	78695
dens	78680
LanceUlanoff	78674
posterous	78634
DrFriedenCDC	78608
Arubin	78594
Pebble	78584
photomatt	78540
GoogleSMB	78517
trueventures	78435
TeaPartyExpress	78432
EspeSpalding	78379
NinaKraviz	78360
kawanabesatou	78323
Vechs	78280
Seinfeld2000	78082
alextomo	78044
StartupAmerica	77847
Beltrew	77821
JerryAndHarry	77689
ThePlumLineGS	77656
SherineT	77591
emilydidonato1	77528
SamFURUKAWA	77510
ahmad_khalil	77432
Daviechan	77410
randomhouse	77243
AriMelber	77219
nhk_n_sp	77198
ZackMorrisTbh	77129
SJEarthquakes	77043
ClimateDesk	77026
SaulWilliams	76973
Astro_Naoko	76811
ToshioOkada	76811
davidfaber	76807
campsucks	76631
erickschonfeld	76587
daringfireball	76570
fumiesuguri	76455
1Password	76320
MiddleSeat	76253
seifhamad	76183
ProductHunt	76085
_zewail_	76067
BrownUniversity	75921
aaronwall	75917
JohnnyJet	75824
ahmedsamir1981	75781
y_west	75725
chrismessina	75702
OReillyMedia	75699
MiikeSnow	75674
canyonjim	75668
ChristinaRicci	75638
Michael_Nutter	75584
JP_Books	75462
YoshitoHori	75324
MarkRaganCEO	75213
traciethoms	75204
ozawa_jimusho	75135
KevinFarzad	75043
scottharrison	75014
cgpgrey	74749
ebayinc	74598
BenedictEvans	74594
monicapotter	74569
ReeseClarett13	74525
sindyeye	74496
DhaniJones	74486
Techinasia	74470
RunKeeper	74417
WDFMuseum	74393
Siriusjay	74363
JeffreyGoldberg	74330
hmpyo	74198
tinyBuild	74156
taymanj	74117
tospo_news	74108
emilynussbaum	74089
MindCrackLP	74088
cheth	74013
AphexTwin	74006
danzarrella	73965
technorati	73931
TheMiinz	73917
Tokyo2020jp	73911
TaizoSon	73884
PeteAbe	73878
kigumix	73836
windowsstore	73836
bigthink	73779
banksyny	73772
SamAdamsWRI	73765
irvingazoff	73747
shellysproject	73493
EyeEm	73487
rosieperezbklyn	73467
jayzombie	73434
HoloLens	73366
Fab	73349
MS_HUMMINGBIRD	73306
SwiftOnSecurity	73268
craignewmark	73264
FordFoundation	73252
ARahman_Mansour	73250
tweetsoutloud	73235
SHO_Cali	73221
WaelNawara	73161
colerise	73138
JoannaStern	73117
bchesky	73110
BDCSox	73057
KellyOlexa	73038
ElBloombito	73021
Yuki_Ogimi	72996
kevin	72967
tarohakaseHATS	72963
earthinstitute	72956
calestous	72937
NewYorkology	72912
yoshitaka_kitao	72809
TheCurrent	72748
ElvisCostello	72644
Goldman44	72614
tokyofm	72590
JackLaugher	72589
stephenlrose	72550
mitchmcgary	72520
herbgreenberg	72511
jeffzeleny	72479
jennihogan	72409
Pyrao	72376
pgeuder	72325
TheCrackEA	72233
oneosaka	72195
J_Koizumi_Japan	72144
RuthBourdain	72144
JeremyCMorgan	72107
zbig	72102
ppppolls	72101
JamesFallows	72074
ArmaniExchange	72039
MikeJudge	71995
DOMMUNE	71968
CondeElevator	71893
ziadaly	71860
lizgannes	71753
HadleyFreeman	71727
women2	71713
GOPTeens	71689
momofuku	71611
RashaAbdulla	71477
MiKe1155	71423
dennishegstad	71064
bill_easterly	71061
Lastoadri	70996
TurkiHAlhamad1	70945
ElanaAfrika	70899
realdanlyons	70897
TWiT	70833
organizedthings	70813
t	70791
glove	70772
m_kumagai	70735
BBHLabs	70713
DotNet	70711
saisiki	70651
gelhaddad	70635
dr_mohamed_aly	70634
bethcomstock	70618
macfound	70582
Pentadact	70576
garrynewman	70528
WarbyParker	70511
intifada	70487
sixtus	70437
ValaAfshar	70433
iidatetsunari	70392
cloudera	70335
janetmock	70329
armano	70317
nicolaannepeltz	70285
trello	70268
shadihamid	70233
sfgov	69950
gordonshumway	69886
emilylafave	69877
bellhooks	69866
nihilist_arbys	69803
tanakaryusaku	69772
PeterDiamandis	69754
Werner	69703
EricWhitacre	69566
i3atef	69561
RoyalSmoothies	69514
mparent77772	69503
MadameNoire	69498
heroku	69467
aislefinder	69446
beep	69414
zelaky	69383
David_Gergen	69374
inafried	69340
sparkfun	69317
DanaBrunetti	69280
makoto_naruke	69126
Wu_Tang_Finance	69121
film_girl	69028
afrobella	69003
MaxTemkin	68892
tsubu_ellie	68867
Booooooom	68768
SciShow	68713
petecashmore	68699
ashens	68637
DeLaSoulsDugout	68598
HiddenBrain	68460
helena	68450
TweetsofOld	68391
AmberLyon	68359
STLWizard	68356
YaleE360	68323
SatoYukari	68320
Timcast	68235
kirik	68235
RedHatNews	68204
monaanis	68175
BradStone	68155
tvnewser	68118
BuzzEdition	68110
IBM_NEWS	68029
hiloko_m	68006
rwang0	67909
GregAbbott_TX	67889
Mark_Cuban	67885
Mazy	67869
hitoshione	67862
bfod	67858
infobeautiful	67833
CK12Foundation	67801
BainAlerts	67800
davidmwessel	67770
Lotay	67763
GovernorOMalley	67737
ritholtz	67704
rgay	67701
Moonalice	67595
7ely	67575
NBCNewsTech	67506
mosireen	67397
BertrandDelanoe	67287
arishapiro	67216
AhmedZaky	67209
AmyKNelson	67193
sree	67176
mtvU	67146
Bat_Gio	67073
Revkin	67051
tomkeene	67044
Astro_Flow	67028
DearAnyone	67011
GatsbyMovie	66977
schneierblog	66917
makotoaida	66898
davidalangrier	66892
HaniShukrallah	66815
eldsjal	66812
elerianm	66812
Egypreneur	66780
SecurityWeek	66767
Millbeeful	66739
Dar_elShorouk	66719
yuking1125	66584
Mailbox	66565
adambain	66488
SesameWorkshop	66475
fightfortheftr	66436
amandaseales	66429
hirosue_ryoko	66419
sanfranmag	66416
twilk	66399
luckyshirt	66389
jheil	66370
davewiner	66365
mat_johnson	66335
tabbata	66314
kimwayans	66297
watanabe_miki	66281
IssaRae	66241
Half	66167
EconSciTech	66159
JeffreyHayzlett	66106
GoParks	66097
samhuntington	65999
tarekshalaby	65965
FarmSanctuary	65933
HaithamDabbour	65911
ILMVFX	65836
mat	65801
goldietaylor	65776
highlinenyc	65622
ryanjreilly	65554
NYScanner	65452
AhmedFatah	65412
EncoreBeachClub	65380
Official_GDC	65353
lobna	65324
cabel	65322
AdamCarollaShow	65222
unclebobmartin	65172
mitchjoel	65158
TheAtlanticFOTO	65134
mathewi	65102
asahi_tokyo	65092
elkpga	65015
CloudExpo	64990
SFSymphony	64877
DLeonhardt	64818
belafleckbanjo	64698
mollycrabapple	64696
SoftLayer	64638
NorthernlionLP	64587
tako_ashi	64536
timhutton	64535
joindiaspora	64491
dreamhampton	64485
pkafka	64482
aldaily	64448
FIAformulaE	64428
AmyJane	64397
nhk_proff	64365
mar3e	64364
JulianCastro	64349
benparr	64312
infoworld	64213
exploratorium	64212
MayorSRB	64166
grumpygamer	64157
GRIII	64151
TokikoKato	64132
Lefsetz	64122
Judith_Hill	64114
KatDevlon	63994
okkervilriver	63989
shervin	63922
richardwolffedc	63886
osfoora	63816
Miss604	63753
CiscoEnterprise	63734
ahmedkhair	63667
Bitly	63625
kumagai_chiba	63595
dream_power	63566
QLogic	63516
whoisLukejames	63514
shiralazar	63503
MahmoudAfifiii	63425
samarfaragfouda	63402
ibrahimyoussri	63367
LisaBloom	63354
makerfaire	63283
thingiverse	63282
HIMSS	63275
theLadyGrantham	63220
TsutsuiYasutaka	63201
Vanessa_Blue	63164
OpenIDEO	63078
loveline	63037
W92Baj	63033
charlesarthur	63025
NegarMortazavi	63012
billkeller2014	62961
Ginaschreck	62952
LosFelizDayCare	62858
powertwitter	62842
fanfiction_txt	62540
GreatNonprofits	62473
RevJJackson	62471
bizspark	62464
reallycb	62443
Favstar	62420
MouhamedAttia	62414
BoxHQ	62393
ha_chu	62392
MyFonts	62351
ltsAstroIogy	62348
BV	62321
GrandCentralPub	62316
Jennafnc	62306
MENACE	62253
biggayicecream	62179
kyoko_np	62154
EHolmesWSJ	62144
cooperhewitt	62134
BraylenNapier	62088
Fullscreen	62079
MansOlson	62039
HumptyFunk	62036
gvanrossum	61979
Parul_Sharma	61924
FNN_News	61884
zono23	61859
alienzero	61857
AidaElkashef	61839
AndreaRodgers	61782
googlemobileapp	61702
GEHealthcare	61660
TonyLaRussa	61653
MissionBlue	61617
Weegee	61607
kenmogi	61605
rajshah	61483
e_debu	61448
thebolditalic	61429
docker	61422
yesallwomen	61412
genevievemorton	61396
iA	61307
SLSingh	61282
rosanna_davison	61183
briantong	61155
BeverlyJohnson1	61127
TreyRatcliff	61109
sunrise	61080
cschweitz	60947
udemy	60881
Vessel	60864
livwarfield	60819
johnpoz	60774
TravelOregon	60542
AliAbunimah	60538
Marlon_Jackson	60500
robertliefeld	60471
seriouseatsny	60467
deBlasioNYC	60462
tjimbo	60441
k	60390
milesobrien	60374
photoshelter	60284
aparnapkin	60280
DavidShuster	60250
emilychangtv	60240
cue	60206
maria_bello	60185
wendyperrin	60160
ISO50	60147
MIYAKE_YOHEI	60136
kairyssdal	60114
LafayetteTB	60112
SenatorBoxer	60102
Misskatrinalaw	60020
oraclesocial	59971
hosakanobuto	59963
DMogahed	59910
TEDActive	59848
KauffmanFDN	59819
Neuro_Skeptic	59813
labnol	59767
KathViner	59752
awkwardblkgrl	59630
googleideas	59580
MSFTNext	59576
policy	59503
branch	59488
DinaAFattah8	59487
GuyAdami	59466
attackerman	59455
EGElections	59445
chescaleigh	59434
jonathanalter	59413
susancain	59353
DevG98	59318
thugkitchen	59183
DellCares	59162
sugachan1029	59156
whiteafrican	59140
lpolgreen	59040
ethanhethcote	59007
aeonmag	58933
RiCHi	58892
drupal	58752
evgenymorozov	58696
tomshardware	58622
davidhornik	58612
TheQuinnspiracy	58608
timkawakami	58604
OfficialMiaRose	58585
marshallk	58570
CSNAuthentic	58568
dankogai	58540
minazekri	58485
Samehmtawfik	58478
Baraa_Ashraf	58202
RosabethKanter	58176
piston2438	58171
BlakeMycoskie	58154
murrman5	58061
Delicious	58031
dtapscott	57989
markpinc	57972
TsujiHitonari	57950
WhatsTrending	57899
NickPitera	57876
TwitAA_bot	57863
SeargeDP	57817
hmason	57790
tech163_	57790
gannotti	57732
HyattConcierge	57713
gatorapps	57681
kittenwithawhip	57669
KristenLedlow	57631
LeelaJames	57571
Pres_Bartlet	57561
NoContextAds	57538
islamgawish	57415
aidaseif	57406
Real_10Madrid	57365
NASAWatch	57272
NinjaEconomics	57246
MandyCNBC	57190
lesliekeesuper	57181
ebinakarakitem1	57133
ShaunaCausey	57129
jmspool	57117
lawblob	57084
AmbassadorRoos	57020
wkamaubell	57016
NoahShachtman	56988
onthemedia	56988
ONC_HealthIT	56963
PJCrowley	56948
Francis_Lam	56862
QabilaTv	56848
NFS	56846
Jessicalessin	56824
IBMcloud	56819
householdhacker	56812
madeupstats	56785
cloudfoundry	56742
selop	56725
Mohamdaziz	56709
GovAbbott	56698
willrich45	56626
thelindywest	56622
isaac	56604
zulily	56592
TrickyStewart	56561
LeaVerou	56560
MeredithFrost	56558
shamilsh	56523
MusicForRelief	56522
ryancarson	56480
nah	56441
politicalwire	56419
yael	56356
forstall	56343
utsunomiyakenji	56311
Nap85	56287
morimotochie	56284
Gogo	56263
Jawbone	56196
loveyassy	56194
KaiserFamFound	56156
JuniperNetworks	56077
AlexOsterwalder	56056
Inoki_Kanji	56046
tarareba722	55913
MarthaRaddatz	55903
amroabdelhamid	55895
ushahidi	55883
mercnews	55809
TheDangelo	55756
ADaniels3PO	55672
katsandcrows	55659
mostlylisa	55659
sublimehq	55650
ReallyVirtual	55555
TheOnlineMom	55514
MANvsGAME	55483
stevencorona	55480
JoeDuck	55473
joseiswriting	55455
ergeekgoddess	55442
NikkiBeharie	55405
taqadum	55326
lrozen	55320
markoff	55220
puppetlabs	55198
mfatta7	55186
Fatima_bn	55152
mitsmr	55110
rj4gui4r	55085
dhmeyer	55079
MissAmerica	55064
natalimorris	55060
SoftwareHollis	55056
TheShaftPodcast	55052
hiranok	55008
JoeSquawk	54968
May_Roma	54939
BuildWindows8	54786
GASLAMPKILLER	54743
rachelhaot	54732
noradio	54701
nickconfessore	54648
SamFineBeauty	54592
UNECOSOC	54551
doubletwist	54515
John_C_Reilly	54465
justinamash	54454
Awl	54448
MFuckinMichonne	54380
gateshealth	54361
kazuaki_kiriya	54361
gaberivera	54355
SenFeinstein	54273
TweetDeleter	54251
ChristopherJM	54213
HarriadnieBeau	54151
shadygh	54104
michaeljnelson	54073
NYTMinusContext	54034
gunaraj	54023
peretti	54008
scottbelsky	53967
DaMFunK	53944
ColinCrowell	53913
nplusonemag	53902
mattbish	53883
theGrio	53863
elonjames	53844
MikaelJungner	53817
Mospeights16	53815
bijan	53709
Intelinnovation	53622
Revision3	53618
TheRealKFoxx	53606
ahmedkhairy5	53560
mcipacpao	53534
FreedomofPress	53525
wadhwa	53501
hkoreeda	53456
ktumulty	53416
pandemona	53416
RobertJShiller	53397
matthewherper	53394
WinnebagoMan	53357
stumptowncoffee	53346
JohnJHarwood	53310
coinbase	53304
jennyholzer	53239
hebamorayef	53238
NeilFlochMD	53226
nyrr	53143
MoTancharoen	53138
jsnell	53137
McGillU	53123
amr_elshobaki	53112
JohnBeilein	53040
rachelsklar	53039
koush	53020
MNEK	52945
Nermbed	52913
SexyIrish95	52881
m_zzat	52868
kymbee	52758
Alphacat	52751
jonathanchait	52736
Ed	52706
shiro_sano	52696
bill_wyman	52607
MSEdgeDev	52606
tomwarren	52553
DemographicsPro	52551
LamarrWilson	52542
MeaghanRath	52528
edyson	52477
tylercowen	52414
crissles	52413
thomashawk	52390
tiffanyshlain	52382
AvidyaZEN	52354
Yam_eye	52348
jointheflockEU	52280
pareene	52232
Lookout	52218
summertomato	52198
jimgeraghty	52181
BaconDonutTV	52169
SiliconHBO	52139
clairecm	52103
hishamkassem	52031
wnd	52015
CarlysVoice	52007
TriciaLockwood	51996
EdwardTufte	51963
xychelsea	51947
RikerGoogling	51902
siracusa	51901
AmyCCosper	51884
monteiro	51777
nytdavidbrooks	51747
FailBlog	51733
DellInnovators	51725
PicardTips	51724
jbouie	51700
Islam_lotfy	51644
reneritchie	51628
JenSchwalbach	51621
hoverbird	51591
jsmooth995	51547
LondonU	51537
moftasa	51527
5putniko	51511
andomifuyu	51489
BarelyPolitical	51481
missrogue	51479
atlasobscura	51453
AspenInstitute	51445
usaid_info	51392
twilio	51386
zuzhou	51354
almightygod	51324
3effat	51314
jilliancyork	51285
JPBarlow	51284
amirahoweidy	51274
80sDonDraper	51263
MrMikeStreet	51236
vali_nasr	51232
yeoman	51167
bre	51147
GabeAul	51127
romero	51094
Austan_Goolsbee	51089
miyake_yukiko35	51058
LiamTancock	51015
thebrandbuilder	51011
yukawareiko	50858
nprAudie	50758
elatable	50726
formerlyCwalken	50719
JudySmith_	50715
jonostrower	50709
dahara	50662
CraigatFEMA	50659
dblanks	50656
Kelly_Evans	50578
bower	50507
NickSymmonds	50476
jenny8lee	50386
Rafe	50342
DellEDU	50333
TEEDinosaurs	50289
errolmorris	50271
GoToMeeting	50258
bulletproofexec	50198
UenoZooGardens	50163
cameronmoll	50089
harikondabolu	50059
migueldeicaza	50049
bennie	50037
SylviaEarle	50026
SuperMCGamer	50025
MasreyeenAhrrar	50020
simondumenco	49951
numberphile	49924
BillCorbett	49913
yahoomail	49913
strandbookstore	49900
SFOpera	49863
danprimack	49849
moheladl	49838
vihartvihart	49827
MarkMeckler	49822
kevinweil	49777
seldeeb	49770
mallelis	49727
pvponline	49649
AlmostMedia	49569
SteveNabeel	49516
waynesutton	49484
sarahaines	49429
MackPhillips	49421
24Bazemore	49356
_arianna	49340
contently	49331
smpfilms	49326
EpcotCentre	49324
BBCKimGhattas	49259
TEDpartners	49259
thevowel	49223
Sophia_Amoruso	49212
jolieodell	49186
frank_chimero	49117
Salma_Tweets	49111
brandee	49100
SBNationGIF	49070
instapaper	49066
rlove	49044
monznomad	49035
JamilahLemieux	49020
geo	48993
ZerlinaMaxwell	48967
ajanaomi_king	48956
miamoretti	48938
newmediajim	48928
UN_DSD	48904
Circa	48897
omomo_miyoko	48854
asymco	48843
dcurtis	48790
Nero	48723
angryarabiya	48696
therealmikedean	48646
23andMe	48606
jackshafer	48590
MS_Ignite	48588
kenkobato	48587
FeministaJones	48542
Barnacules	48541
MomentoApp	48449
androinica	48414
journalistics	48377
karashi61	48358
PortlandPolice	48316
SamGrittner	48293
sallykohn	48281
reederapp	48279
drew_mitchell	48270
AmandaLang_CBC	48254
johnsonwhitney	48219
lheron	48208
nilofer	48184
anidifranco	48169
Raafatology	48152
DragonflyJonez	48147
FilmCritHULK	48123
jimsciutto	48113
drnatalie	48080
SGgrc	48079
joelgascoigne	48010
TehranBureau	47977
cblive	47953
Tiyuri	47891
clighty	47883
insideclimate	47862
julien	47857
MartikaTunes	47827
diradio	47822
scottjohnson	47814
theashcloud	47773
Sevadus	47731
DavidOzmund	47723
jessirklein	47700
LudovicoEinaud	47670
yamadayu	47653
BuzzFeedCeleb	47612
etharkamal	47593
wycats	47591
mediatemple	47569
vocativ	47564
BlackNerd	47505
NotPatrick	47464
MrJasonRBrown	47441
sourceforge	47429
Graphite	47410
WBUR	47356
CGasparino	47337
skift	47309
Inteliot	47302
HebaGhannam	47266
morinaga_angel	47263
maytegarcia	47255
sobsin	47220
flowingdata	47188
advodude	47180
BiancaJagger	47156
breagrant	47136
BBCDanielS	47117
Get_Headspace	47087
OfficialCarl	47073
singularityu	47070
rweingarten	47067
luvalyssamiller	47035
keitamaruyama	47033
ifpri	47024
MackCollier	47015
TheBonnieRaitt	47000
CGIU	46982
BBCPeterHunt	46901
DaiGreene	46853
joshelman	46782
rtm	46744
hipsterhacker	46740
SkypeBusiness	46699
trish_regan	46661
chriskresser	46640
PeopleofWalmart	46603
joshjames	46588
zachtronics	46583
Nettaaaaaaaa	46544
hashimoto_tokyo	46506
Young_Guru	46488
IAmKellyFierce	46477
HayakawaYukio	46436
rob_sheridan	46404
sethsimonds	46389
davidwalshblog	46367
sfmta_muni	46328
DrewBledsoe	46257
M1K1_ANDO	46247
ZMURADofficial	46237
cc_chapman	46236
keso	46230
MinaNaguib90	46178
hughcartoons	46161
Luvvie	46152
Azyyoz	46146
eileentso	46124
AshtonJEaton	46111
ocddisco	46099
ASE	46068
Cobook	46062
TAFATEFO	46040
zhtsss	46025
TeddyRiley1	46023
KareemFarid	46019
brenthoberman	46012
NYCAviation	46008
mgualtieri	46004
snookca	45964
genki_sudo	45872
CFPB	45817
AnniseParker	45816
NEF	45809
lasar141	45790
BFischerMartin	45778
beardyman	45773
codepo8	45724
NissanElectric	45692
tceb62	45672
_formosa	45652
RosieGray	45623
poniewozik	45606
LeanCircle	45571
jeffcannata	45565
CharityNav	45562
erinmcunningham	45532
ColorOfChange	45522
onetoughnerd	45498
maxseddon	45450
mdo	45359
splcenter	45353
theRSAorg	45294
DystopianYA	45231
AdobeDrawing	45138
ahmadragheb	45129
DrAndyBaldwin	45098
21stAmendment	45083
LauraJSilverman	45050
adamakary	45010
ynabe39	44973
makitasports	44926
Shokeir	44884
kellysue	44871
TefPoe	44840
DataLab538	44827
hiramatsu_osaka	44794
mosaaberizing	44793
pbarakan	44792
postandcourier	44784
Mixlogy	44774
acehotel	44769
latimesworld	44765
TSA	44752
davidlee	44745
Kankyo_Jpn	44742
rhizome	44720
kazuhisa_ogawa	44668
TangoMe	44634
Demilogic	44630
panic	44598
cape	44594
csoghoian	44593
Peets_Tweets	44589
rulajebreal	44575
BW_React	44569
RealPersiaWhite	44565
emilybell	44555
KelseyGrammer	44527
origiful	44519
brooklynbowl	44417
joewalnes	44370
CleavageTweet	44314
ernestgreene	44304
xisumavoid	44294
sfj	44277
mabdelkodos	44265
ThomasMarzano	44245
sorkinese	44239
gregorybrothers	44233
mmmargherita	44159
geekdotcom	44134
wakusei2nd	44126
Mom101	44120
c	44116
Jim_Gardner	44114
KazuhiroSoda	44038
googlemobileads	44036
verymarykate	44034
cosmowright	44013
alex	43996
pud	43983
tfadell	43980
ogilviej	43976
ircpresident	43973
elliotjaystocks	43927
edge	43916
voiceofdownton	43905
IndexVentures	43888
hackweek	43870
TheGPP	43865
DJIforums	43852
eric_kavanagh	43851
BobRoss	43831
hulu_japan	43824
tweetie	43801
3alTahrir	43797
AmtrakNEC	43776
LVhanley	43751
markrussinovich	43726
anhri	43725
OguzSerdar	43723
rorysutherland	43696
StartupLJackson	43644
simple	43624
igoogle	43601
LibyaLiberty	43587
twoffice	43577
MostafaIbrahim_	43575
plugdj	43573
ProgrammingCom	43463
EdMorrissey	43457
gigaommedia	43448
Wolfram_Alpha	43433
souuntakeda	43425
befamous	43396
gogoichiro	43385
AceyBongos	43326
pivot	43221
Prince_Music	43184
mdob11	43184
G4S90	43141
ellieille	43126
sarahintampa	43095
cbrk	43042
jonahlehrer	43005
RyanLizza	43002
nitashatiku	42968
paulandstorm	42946
YouTubePolitics	42879
lauralollipop	42845
Intelligentsia	42811
fefedobson	42796
break	42793
diigo	42757
ohnoradeo	42750
Astro_Clay	42740
drericcole	42720
jongambrellAP	42703
DIYDrones	42622
Charalanahzard	42620
ayumu_takahashi	42619
shakeshack	42606
googlesites	42583
ShopSmall	42575
iAmErickSermon	42567
twittelator	42560
KimVFields	42559
adrock	42544
gdgt	42532
Dichenlachman	42513
runofplay	42501
3DRobotics	42476
rmack	42471
Wayne	42419
CrossFitMiranda	42396
Psycke	42380
GamesDoneQuick	42366
amrsalama	42362
instapundit	42340
CloudFlare	42326
DLachine	42317
davidfolkenflik	42215
TamaraLackey	42214
MelissaLeeCNBC	42202
terrylwhite	42197
elDramaCom	42196
FaithNoMore	42185
davidkarp	42165
mediagazer	42144
kaylatausche	42130
HenryLouisGates	42111
tamar	42107
Coestar	42073
Rezo007	42073
YGLvoices	42057
yuasamakoto	42038
BenJealous	41985
thedavidcrosby	41985
nhk_heart	41919
jasoncosta	41908
omid	41887
nancyduarte	41886
stevesilberman	41875
adewale	41868
DalrympleWill	41861
crystal	41861
defunkt	41853
Gue3bara	41818
MCaruso_Cabrera	41790
aGharbeia	41754
commagere	41735
Travon	41651
occipital	41638
lonelysandwich	41627
AsIAmNaturally	41622
Sourcefire	41620
hmeguid	41611
PGE4Me	41609
hawkyeee	41576
RickyBerens	41559
zellieimani	41511
BuzzFeedOz	41486
BrandonBeck	41480
element14	41452
androidtips	41352
SamirOmarSky	41338
AtomEditor	41327
gjmorley	41298
nanase_aikawa	41289
Brideofrocknrol	41288
TSUTIYA_ON_LINE	41285
iyad_elbaghdadi	41263
heshamabdlhamid	41233
DrSamuelJohnson	41201
techstartups	41167
LIFECOACHERS	41113
Harold_McGee	41102
Hardees	41063
diggtech	41041
Hertz	41026
anandtech	41011
robinwauters	40958
_googleplus	40956
aterkel	40944
al3x	40898
joshu	40886
SamSeder	40884
GerryDuggan	40861
WomenWhoCode	40857
ConcreteLoop	40847
DanielEllsberg	40847
romanmars	40823
storyofstuff	40808
JamilSmith	40797
TheOilDrum	40777
ShepRose	40773
danrubin	40770
UKinUSA	40743
Vlambeer	40724
wangxiaoshan	40683
KatieBoehret	40668
iaindodsworth	40654
pamslim	40611
chesscom	40608
brokep	40586
levoleague	40575
pushinghoops	40558
igfnews	40537
Mngxitama	40490
onekingslane	40490
10000Words	40457
bluebottleroast	40440
Quirky	40432
dakami	40426
NYTOnIt	40411
meteorjs	40408
JesseCWaits	40404
SQLPerfTips	40387
alfredapp	40380
igrigorik	40373
HebaElsewedy	40362
markmackinnon	40295
votolatino	40287
mikehatora	40282
rem	40267
Awkward_Duck	40261
racialicious	40261
PeterGreste	40256
elijahmanor	40252
TedLeonsis	40251
BrendanEich	40249
theokinawatimes	40234
Spacekatgal	40220
jonskeet	40195
Egypt_SS	40194
QD3	40184
AaronRhodes_	40163
MayorSlay	40132
MatthewKeysLive	40131
kentaro666	40089
dasracist	40088
terrycavanagh	40077
hotforwords	40037
SBreaston15	40000
AlexandriaMorgz	39997
KrisColvin	39997
novaspivack	39967
LaughItUp	39954
moriyukogiin	39931
noah	39853
DresBlacksheep	39809
ritu	39801
JohnBerman	39778
DavidSacks	39750
jon_bois	39734
imagineeringdis	39709
TalonAndroid	39680
hatakezo	39668
FrankAddante	39653
abelleinbk	39634
Brocade	39580
NYTArchives	39548
sarahcolette	39545
Eman_Awd	39496
gabekapler	39484
stripe	39471
vanessafox	39449
idiot	39416
dom	39415
seanmcarroll	39402
alqaeda	39366
IAMQUVENZHANE	39347
adamostrow	39318
Monedavis11	39315
Mo_IbrahimFdn	39304
koike_akira	39294
asai__ryo	39286
maggieosama	39178
chrishughes	39174
benbernanke	39163
marcsimoncini	39157
haacked	39101
rkayama	39092
hrheingold	39089
JesseThorn	39087
AktQuotes	39073
kottke	39073
EthanZ	39070
HuffPoSpoilers	39048
kmoxnews	39047
NEAVC	39041
IndyArts	39036
veen	39007
AndrewWarner	38996
rahulsood	38925
RealBriaMyles	38915
Linaattalah	38898
ForHarriet	38878
BlackGirlNerds	38872
hosono_54	38772
fr_schirrmacher	38760
missjia	38736
DellSmbUS	38666
radleybalko	38658
strategyand	38636
kwmurphy	38547
mhykol	38540
RyanHoliday	38526
KamalaHarris	38512
gabifresh	38493
rossdawson	38487
runjewels	38472
boagworld	38451
azuma_hideo	38445
inoko21	38429
LaMonicaBuzz	38404
juliaioffe	38316
AdaptivePath	38299
markgurman	38274
sarahkendzior	38267
AliciaMarieBODY	38260
asamadetv	38258
pomplamoose	38251
Zee	38248
linode	38238
mmbilal	38204
JRart	38155
MikeIsaac	38155
stevendeknight	38135
mims	38121
EvelynRusli	38107
timkaine	38085
edbott	38071
berkmancenter	38046
TheMogMiner	38027
PhillipsIdowu	38024
RichardHaass	38011
joehewitt	37972
ScottWapnerCNBC	37950
USCERT_gov	37916
ImprovEvery	37860
brit	37839
BFAds	37832
AnaCaroCarolina	37825
shiikazuo	37819
BenKuchera	37812
PEPFAR	37811
FemiOke	37810
fromedome	37767
JoeNationTV	37759
trevortimm	37747
FrankGruber	37740
jankoum	37714
fadig	37663
ExtremeTech	37595
mpesce	37577
LizClaman	37558
NBASummerLeague	37549
AfricanDad	37528
MichaelaAngelaD	37528
chrismlacy	37494
superamit	37492
ProjectAra	37482
HostingPromos	37464
coolmaterial	37454
Cairo360	37443
fireland	37437
davetisch	37421
noahkagan	37403
nakamurausagi	37369
AnissaHassouna	37363
usv	37328
poptech	37314
LHSummers	37299
btaylor	37241
ddmeyer	37204
linawardani	37196
Prowsey16	37158
MarilynMosbyEsq	37157
aantonop	37150
ayeshacurry	37150
nxthompson	37144
patkiernan	37127
WSJMidEast	37117
delong	37094
JuliaNunes	37082
ChrisGethard	37074
Richard_Schiff	37012
tapbot_paul	37010
basemfathy	37008
kenjigotoip	36987
IvyBean104	36983
culturedcode	36979
gavi	36898
Aoyama_book	36897
dcorsetto	36853
NPRCodeSwitch	36827
ueno_wan	36821
niubi	36793
SherifNagib	36785
Iwanamishoten	36766
viticci	36757
NikiWithIssues	36753
PostWorldNews	36749
BettyWLiu	36745
erikbryn	36737
BenThePCGuy	36723
sucittaM	36708
joebeef	36702
alexeliseev	36651
yorkiebea	36649
andrewmason	36643
henkvaness	36636
EricNorthman	36632
shillyxkotobuki	36613
Blklivesmatter	36606
Siimmaaa	36593
LivePaola	36592
alexlindsay	36579
DrizzyTypeTo	36562
jelly	36559
MyABJ	36512
JollaHQ	36507
katsuyatakasu	36470
thesheertruth	36373
ClutchMagazine	36282
BrianWilsonLive	36280
rubenharris	36268
jfouts	36255
mattzollerseitz	36248
ludumdare	36241
rasmus	36227
maxsilvestri	36201
moxie	36193
Astro_Suni	36176
GeniaStevens	36153
realMattHolt	36145
abuaardvark	36138
PeterGuber	36136
KyleMcCarthy	36097
RudyHuyn	36074
khadijapatel	36066
jhuber	36039
danbenjamin	36011
GirlsinTech	35994
_jon_bell_	35978
moiraforbes	35977
michellehiggins	35967
artfcity	35955
lorenb	35940
Emmabarnett	35913
Withings	35911
cdibona	35901
davidsirota	35882
pathofexile	35871
RonWyden	35864
sheratonhotels	35858
yasuhiro0228	35841
margbrennan	35833
Douuu	35829
DMWT_Program	35787
GigaomApple	35784
CDWCorp	35764
tonysphere	35755
MasrAlhureyya	35744
reneauberjonois	35740
fezzyfel	35736
singularityhub	35729
louisgray	35702
yukihiro_matz	35687
jpalmiotti	35643
YahooTech	35624
mattcohler	35587
KarinSeverinson	35579
yimaobuba	35561
ddknyt	35490
PattyOLovesU	35467
CassyQTkeys	35461
shivsingh	35455
R_Thaler	35453
TheCloudNetwork	35452
Silverlight	35420
cblatts	35395
Sabrology	35393
LakeyPeterson	35375
MohsenBeeh	35373
MikeOrzen	35361
millerhighlife	35345
macon44	35338
YahooInc	35320
TimOBrien	35295
RegaJha	35294
zyadel3laimy	35284
JillAbramson	35258
mayoredlee	35257
NewBlackMan	35236
asenkut	35218
MeCookieMonster	35215
FiftyThree	35213
Khalilalanani	35211
Seanbabydotcom	35189
TheGoToMom	35184
shoemakermike	35156
cubuffs	35140
crashplan	35131
IsHL3OutYet	35129
bryce	35120
yuji_ikegaya	35116
hussain_info	35098
gehan_shaaban	35082
GrahamWP_UK	35074
SiliconCape	34994
MarieDenee	34973
KFIAM640	34972
fionastaples	34959
hadouta	34920
fpaj	34916
Salma_El_Tarzi	34911
PewReligion	34903
OmidyarNetwork	34849
david_mitchell	34836
stevesi	34833
LouisPeitzman	34805
RickRubin	34790
stuartenyt	34762
LauraDern	34761
adamlashinsky	34694
nutanix	34685
rrhoover	34684
LeenaRao	34675
jdalrymple	34675
zpower	34675
wirecutter	34662
nazlyhussein	34624
m_pokorin	34614
Digital_Gov	34609
angryasianman	34599
WardCunningham	34592
MichaelMeunier	34565
LEGOIdeas	34560
kdnuggets	34546
KarenMichibata	34542
holman	34542
Home_Halfway	34516
tomverica	34510
bjfogg	34505
moby_dickhead	34501
prisonculture	34501
bobbygwald	34493
LaurenGoode	34482
feministabulous	34481
kurt_loder	34468
dangillmor	34459
yousuck2020	34454
jamietworkowski	34406
geekwire	34404
Liberationtech	34398
SublimeTxtTips	34370
MarkLeibovich	34364
juliebosman	34349
codeforamerica	34340
kirstinestewart	34338
bldwin	34333
rands	34256
codeplex	34241
jgebbia	34229
caro	34214
holland_tom	34193
dawnrobinson_	34160
MilitaryHealth	34130
zenhabits	34124
vsikka	34120
Draplin	34086
OmniaKhalil	34078
nelsongeorge	34075
TweetLanes	34068
Karnythia	34066
Mobute	34053
YolieTheJew	34053
sondosshabayek	34051
asoueif	34041
msheshtawy	34036
paultoo	34001
ssx	33982
FreeWeibo	33978
dburka	33955
darth	33948
JerkSuperman	33936
wyattcenac	33935
GallagherMeow	33926
Dell_IN	33903
larrynabil	33898
WheresAndrew	33888
JakeRyan_47	33869
ShaninaMShaik	33862
soulflowerunion	33835
stevegarfield	33811
BiellaColeman	33788
lianamaeby	33783
TheFoodLab	33777
dandrezner	33768
AngryBlackLady	33752
amac	33751
RiskReversal	33738
USEmbassySyria	33706
junmiura	33692
NixiePixel	33680
TweetStats	33666
chrisgeidner	33656
QdobaMexGrill	33648
rhipratchett	33646
worrydream	33638
HappyWoman9	33631
AnotherMoMo	33628
dbfarber	33607
FrankAdman	33588
asozan_daifunka	33587
SaltzmanJason	33572
TheSkorpion	33568
Khaled_A_H	33565
mattstopera	33561
THEKIDMERO	33507
InternationalBF	33482
ftmedia	33480
SandiMcKenna	33466
Apple	33465
kazu1961omi	33447
DanielleTV	33446
KOKAMIShoji	33444
Tasmin	33437
Ta7alof	33423
DanielleMorrill	33391
RichelleCarey	33364
IEEESA	33346
BrianGrazer	33341
phil90x	33340
KarenKilgariff	33332
securityweekly	33328
Borthwick	33318
JoshConstine	33313
AdamSerwer	33302
impossiblecool	33295
curiousoctopus	33285
sethmnookin	33262
alansmurray	33258
davespadaro	33228
nhk_bs22	33209
kanYeBreast	33190
Dries	33166
PortlandiaTV	33144
mikeBithell	33115
LaphamsQuart	33114
Lavrusik	33104
BlackGirlsCode	33088
techmama	33088
tomgara	33074
rilaws	33063
wsary	33062
DannyTRS	33060
michtodd	33015
EricRoberts	33013
AlisonBrodPR	33008
omarsamra	32985
BAFTAGames	32963
HackerNewsOnion	32959
hak5darren	32953
HollandTaylor	32941
waxpoetics	32918
sambranson	32912
LeoWid	32908
enatsu_28	32886
joshbloch	32873
Nick_Nolte	32860
SdaMhiko	32843
georgezachary	32842
mspixelsense	32839
Mad_Darsh	32834
CGIAR	32830
KIPP	32809
jennyhutt	32795
peterrojas	32793
ThompsonScribe	32781
kikumaco	32769
nakoshiyasufumi	32764
newinquiry	32764
mwardtweeting	32752
timbray	32739
Okwonga	32734
CarnegieFdn	32729
christine	32714
iplayallgames	32710
HIMANSHU	32705
brokeymcpoverty	32694
NespressoUSA	32684
m2jr	32647
NianticProject	32645
BBCOS	32630
auren	32624
AAAS_News	32623
UnfinishedS	32622
columbiajourn	32621
KarenAlloy	32606
sharonstone	32603
MSWindowsITPro	32602
stroughtonsmith	32588
cheatynebris	32575
infragistics	32571
sama_singer	32557
almuraisy	32542
saladinahmed	32542
Boris	32511
CHINOXL	32509
emilysteel	32507
twittervision	32507
z	32491
onemedical	32457
UTKtheINC	32440
OnlyFuturistic	32418
rbates	32414
yvesbehar	32407
demaghmak	32385
BenMabley	32373
ExtraCreditz	32373
GeorgeCarlinSez	32368
DFID_Research	32364
plexapp	32362
cmphku	32350
dlprager	32346
jeffbarr	32346
umeken	32342
syukan_kinyobi	32314
yu_miri_0622	32310
LaNudz	32274
MsShaunaMack	32257
yamagen_jp	32250
markboulton	32233
EgyptShuhada	32221
naveen	32217
itokenstein	32203
womeng	32198
farnamstreet	32182
Tetsuya_K	32172
evanspiegel	32168
John_Papa	32165
MFordFuture	32161
ahmed3zat	32149
WorldFoodPrize	32146
yonenagakunio	32135
MarietjeSchaake	32134
cafreeland	32134
9swords	32133
tokyoseijibu	32128
sandy_carter	32093
zittrain	32070
McDougallChris	32068
tomochinski	32068
elbaroudi	32065
bmorrissey	32028
sm	32006
PocketHits	32005
aral	31999
amcafee	31996
BrandsSayingBae	31993
iceman_ax	31967
AmalieBenjamin	31944
bruces	31896
unclelukereal1	31895
JessicaNTurner	31874
MissDestructo	31854
backupmytweets	31846
5tu	31826
bworley	31814
sanofipasteur	31782
FTC	31773
peterfenton	31757
ODNIgov	31751
xkcdrss	31740
mike_matas	31739
Daniel_Rubino	31738
noieu	31728
swarmapp	31705
BlackGirlDanger	31680
peHUB	31666
HOKNetwork	31656
a_i_jp	31656
odersky	31637
schemaly	31637
eosnos	31633
mohamed	31618
amanda	31601
ceonyc	31596
bbcnewsjapan	31594
sxswparty	31561
GroupMe	31555
Salmats2al	31533
radar	31522
ENGINEERINGcom	31502
adamdangelo	31491
marcambinder	31455
seiichikanise	31453
fukuhen	31436
congressedits	31400
JeanneCordy	31386
arnteriksen	31338
eventparrot	31313
dhinchcliffe	31299
thenatewolf	31269
MarvelChampions	31233
brynmooser	31228
xprize	31214
VSEditor	31200
ThameenaHusary	31188
embee	31167
innovation	31154
vaughanbell	31141
amateurgourmet	31121
abstractsunday	31072
albertwenger	31067
skrug	31067
Emergency_In_SF	31064
JohnPaczkowski	31053
ZoeEspinosaGrey	31048
Ma7liat	31040
matsumotot68	31031
OregonZoo	31012
hbarra	30987
lsarsour	30983
SallieKrawcheck	30967
fujinamicocoro	30924
TripIt	30913
SonnyDickson	30897
TaherNagaty	30890
MDGHealthEnvoy	30874
jongalloway	30864
WSJpersonaltech	30836
WangShuo	30831
RebeccaJarvis	30814
laurabrown99	30803
NervousJr	30799
kevinroose	30792
AmbLocke	30778
atebits	30777
davidjonesOYW	30726
samanthahoopes	30713
jrMalek	30712
CarnegieMellon	30699
waxpancake	30686
rileytestut	30682
bronzesourpatch	30656
DellUniversity	30653
iskw226	30635
RamyYaacoub	30619
tubefilter	30618
NYBG	30600
yamadamihoko	30598
HaYatElYaMaNi	30596
NWSBoston	30596
Kawade_shobo	30557
IamGALLA	30539
ilenechaiken	30530
feltron	30498
gregsurratt	30488
periscopetv	30459
semil	30442
irin	30431
benchmark	30430
DanielKahl	30414
harper	30412
bokardo	30396
drawnyourtweet	30389
honnayoko	30384
tosumitgupta	30378
Johnny_Iuzzini	30339
joulee	30322
GlobalHealthOrg	30314
piercedavid	30290
yohito_teraoka	30287
webbmedia	30272
Vivek	30266
crushingbort	30259
tparsi	30255
naglarzk	30236
RobQuigley	30235
NeverTheTwains	30228
jluhnow	30224
chinaSMACK	30210
leahculver	30209
ibmbizanalytics	30186
USCPSC	30185
CraftedMovie	30163
emptywheel	30106
froomkin	30101
phylogenomics	30099
girldevelopit	30098
gekkan_bunshun	30077
NHC_Pacific	30076
hellooooonewman	30043
AlecMapa	30021
1timstreet	29997
pakratt0013	29994
SeabournCruise	29991
firecore	29986
amyokuda	29974
ML	29956
radiko_jp	29945
nicknotned	29934
Thomas_Drake1	29882
chatkoff	29866
nashimotomasaru	29866
jadaliyya	29865
palafo	29852
vincentdignan	29829
brooke	29801
HilzFuld	29783
Tobolowsky	29765
Stammy	29762
howtogeek	29759
narimer	29755
AD_Shosha	29745
slicknet	29720
gabrielstricker	29716
NatGeoGreen	29714
infoarbitrage	29712
SebastianThrun	29703
mabmbarek	29696
OMGchad	29650
sherif_azer	29644
JeffImmelt	29637
naohawaii	29607
Meetup	29587
spreecast	29585
abexlumberg	29580
BWOps	29538
tnooz	29514
mrdoob	29500
andypuddicombe	29499
itsarifitz	29492
ahier	29488
Ehmee	29450
pakinamamer	29450
Sarhan_	29432
shoghicp	29431
CatalystInc	29426
MFFahmy11	29414
curlycomedy	29363
GuernicaMag	29355
rushkoff	29337
PinterestFake	29315
TechEd_NA	29298
Victor_Lucas	29292
TrinityNYC	29289
audreywatters	29271
EndPolioNow	29254
arnoldkim	29251
maxmatsuuratwit	29237
charlestonmag	29229
danamo	29229
DwightGarner	29213
bluestacksinc	29188
afromusing	29167
ishii_mit	29162
DavidKirkpatric	29141
cyantist	29135
Shincho_Bungei	29120
DKThomp	29110
BootsRiley	29088
nginxorg	29054
shelisrael	29041
SisiNews	29021
SAPNorthAmerica	28996
mbostock	28987
raju	28978
EatMorChikin	28939
vincent_ducrey	28919
joshigeyuki	28914
jasonkincaid	28902
garrytan	28893
heykim	28867
cheeky_geeky	28863
strobetalbott	28863
lindseyhilsum	28850
Postmates	28820
mmalkoff	28820
jasonhowell	28798
DougH	28786
DreamHost	28765
StrongBadActual	28730
roelofbotha	28708
ellmcgirt	28698
johnbiggs	28694
mamirm	28686
kevin2kelly	28676
thalesgroup	28658
rikogolf	28632
DonKurdi	28628
lexim	28612
page88	28599
Dahlialithwick	28538
flypig	28534
PeopleBrowsr	28525
vidyo	28511
snipeyhead	28509
EnoughProject	28480
EricHolthaus	28480
waitbutwhy	28460
SilverPeak	28454
SaraJBenincasa	28446
arabicca1	28446
OneWorld_News	28445
thegrugq	28342
NASciences	28339
shimura__ken	28317
Anti_Ad_Inc_	28314
glcarlstrom	28308
janamal	28308
WeAreTheTay	28302
kashhill	28283
nothingbutnets	28262
DarthPutinKGB	28230
Synology	28215
mojombo	28206
The_Pigeon	28203
veeveeveeveevee	28203
hilariabaldwin	28201
ttunguz	28195
LivingColour	28173
KCBSNews	28160
intellijidea	28159
justin_halpern	28127
BlackGirlsWinni	28116
palm	28103
chikumashobo	28101
jodikantor	28062
jsconf	28048
danthat	28045
tinykittensHQ	28028
Aubs	28018
Sasquatch	28009
tehutehuapple	27995
Direct2Dell	27987
paddycosgrave	27987
brianwood	27976
BetaList	27974
jeangeorges	27964
Mtolba	27948
mand0z	27947
ichiyanakamura	27936
karenmcgrane	27932
AdamS	27927
kettansai	27922
michele_norris	27920
BloombergWest	27899
haml_almsek	27895
gavinandresen	27892
jeffsand	27875
MikeElgan	27869
TheToast	27866
susanmcp1	27865
ahmednaguib	27859
Apey	27849
NachoPunch	27835
WalterIsaacson	27830
hebakholy	27828
Frauenfelder	27817
stubbornella	27810
markcoker	27796
jbruin	27793
toddlevin	27778
EIPR	27777
chamath	27771
chartoftheday	27762
TimDraper	27749
uplink_jp	27749
samir	27746
PaintballKitty	27737
anthonyha	27702
fuku_tetsu	27690
FishbowlDC	27678
charstarlene	27675
jessiwrites	27672
Shonduras	27647
_TFL_	27646
CHIBAREI_DURGA	27637
vj_um_amel	27633
davepell	27611
aki_u_ench	27610
VaynerMedia	27609
ChefMichaelMina	27608
Andyegypt	27599
JillPantozzi	27597
amydbarnett	27589
Baho_egypt	27576
Bill_George	27566
MizCaramelVixen	27535
harikunzru	27533
quintabrunson	27523
VinylMePlease	27506
blackfriday	27499
BoraZ	27495
yohk	27483
Unrollme	27481
Carbosly	27450
UKinJapan	27445
lethal_notion	27442
HungerProject	27421
CurryUpNow	27417
elnathan	27413
freshbooks	27412
amanda_hocking	27386
t_kaku_ei_bot	27356
jasonhiner	27303
SLMPD	27282
Kagami_Ryuji	27281
spencerrascoff	27267
DanMentos	27266
Dr_Mona_Mina	27255
samfbiddle	27242
iamnecole	27215
khaledmontaser	27214
web	27212
Usamashazly	27208
BahaaEltawel	27197
SyriaDeeply	27158
janinegibson	27103
imaniperry	27046
tenderlove	27039
GPSforSoul	27028
Salamander	27012
sadserver	26966
6	26964
growingwisdom	26957
dkberman	26953
GregMitch	26951
yokyu_n	26929
bpinaud	26920
Tim_Stevens	26917
Eurostar	26907
JasonHirschhorn	26883
PaulRieckhoff	26877
SaraJChipps	26873
pop17	26867
dmac1	26830
Bruce_Schneier	26823
Egyptocracy	26799
CodeWisdom	26796
alykhafagy	26784
thatRamosgirl	26784
dpatil	26783
arjunsethi	26773
thejessbess	26768
amr_imam	26762
g_d_c	26723
emberjs	26710
AnnaHolmes	26673
ThieveryCorpDC	26665
golang	26654
MattMcBradley	26648
alaashehabi	26626
nedovic1624	26623
OlaShahba	26622
IMSibiza	26618
pomeranian99	26611
RadioTFB	26599
Geoffrey_Wu	26592
DIY	26586
drew	26564
KatieLinendoll	26562
MyIdolArianaG	26533
OfficeTally	26530
rebirth_project	26529
thesuperficial	26524
dweinberger	26523
craigmod	26521
thegrid	26519
accessforbidden	26509
gadyepstein	26460
ThisIsTheRead	26449
Souders	26425
ReemMehanna	26409
missmayn	26404
hfakhry	26397
UMMaizeRage	26392
todd_park	26356
Maggie	26338
knowyourmeme	26332
yomiDr	26328
SG	26296
Combat_Jack	26293
ahauslohner	26293
DolphinBrowser	26288
IndexCensorship	26281
fat	26274
jackschofield	26270
TommyRefenes	26254
pentaxxx	26254
HachinoheCity	26252
lynnsweet	26241
gswstats	26240
thulme	26224
INETeconomics	26211
lazerow	26207
AntheaButler	26193
ROWGHANI	26180
DanWahlin	26173
ZooeySiri	26168
presentationzen	26167
ComputerSociety	26134
sheeraf	26109
mediatwit	26108
iyaz	26105
googleprofiles	26081
roxannevarza	26080
CindyWMorrison	26065
HBRrecs	26061
blam	26058
mohamedwaked	26038
francesca	26037
kathrynb	26037
shauninman	26019
Choire	26008
PatrickRuffini	25986
DamarisLewis	25982
carsonified	25981
EgyCapitalism	25979
daimeiofficial	25966
fcain	25964
SRuhle	25959
DellHealth	25954
BigBird	25938
chasscene	25926
Darawy1	25925
TvNetworkNotes	25924
ExploreCHS	25909
noahkalina	25906
SteveSuckington	25898
LarisaBelliveau	25893
NoMilTrials	25891
Coudal	25848
themediaisdying	25843
BBCJapan	25841
LethalFrag	25841
thync	25839
cpen	25814
acontinuouslean	25797
tomforemski	25768
ClaraJeffery	25762
Discographies	25739
twitterchicago	25728
morihirotokyo	25720
260yamaguchi	25716
MRCOPE2	25699
EidH	25691
datacenter	25690
OborneTweets	25685
ecesr	25676
matsubara_s	25669
NotAdamAndSteve	25635
patrickc	25623
MilkenInstitute	25603
plibin	25597
vubui	25591
The_Dolphin_Pub	25581
UIE	25580
kamontatsuo	25580
OffTheHookPain	25578
flyosity	25552
jtwinsor	25551
asymmetricinfo	25532
benthompson	25529
Antiserum	25527
Atrios	25512
SelfAwareROOMBA	25505
kumifujisawa	25474
mm	25470
yamazakiryo	25468
ConEdison	25467
erichippeau	25466
raffi	25466
matthew_d_green	25455
DavidLinthicum	25440
Window1215	25423
Slamdance	25417
MichaelWolffNYC	25400
christinelu	25393
farai	25388
ReedCat5000	25384
TrueFacts	25336
nivi	25318
griffintech	25298
SDGE	25295
emad_mubarak	25287
humayusuf	25286
Asia_Salman	25280
michaelscherer	25262
reishiva	25262
heikalh	25261
khaled	25256
howayda5	25254
MyDamnChannel	25253
OneFunnyMummy	25253
Biffa2001	25252
RandiLawson	25218
DonDodge	25217
mabb0tt	25210
ZainabSalbi	25182
elizabeth	25177
VMwareFusion	25174
dceiver	25165
ShitMyDarthSays	25162
GeraldFSeib	25151
sagashimbun	25143
kubatana	25142
aza	25137
PAniskoff44	25124
jonfortt	25122
mollydotcom	25118
ivanoransky	25114
HalaLoCa	25094
teehanlax	25091
bigdata	25086
WeCatapult	25082
Amiralx	25076
DellSecurity	25074
Noahpinion	25070
olesovhcom	25066
JillFilipovic	25060
PatrickMoorhead	25052
AdrianChen	25047
theferocity	25039
kevinmarks	25036
blogdiva	25024
whitneyhess	25021
rafat	25000
MontageLaguna	24975
seedmag	24972
KENTHE390	24940
aunder	24932
OdeToCode	24927
Samsomhoms	24917
littleBits	24903
Deese44	24900
cairotraffic1	24891
balajis	24884
mossmouth	24863
DearWhitePeople	24857
Humbuka	24856
hachiya	24835
muddywatersre	24834
olanan	24817
scottsimpson	24814
opengovpart	24813
marina_w1970	24793
aleksk	24778
RockyMtnInst	24766
nictrunfio	24764
daniel_kraft	24761
RanaGaza	24760
ncroal	24758
moniguzman	24756
SlowMoPhotos	24754
TheOfficialACM	24752
blackgirlsrun	24749
OldSchool80s	24728
HotPepperGaming	24721
lilycole	24700
opendns	24698
Chirlane	24682
fxshaw	24676
LastPass	24670
MelissaRowley	24667
amartino	24664
Azza_Shaaban	24658
winnieharlow	24641
russbengtson	24638
strataconf	24619
Pinboard	24599
ForeignPolicyI	24598
ManuKumar	24588
JBoorstin	24583
ronniebard	24577
HeyFranHey	24574
katemats	24574
EricaHReid	24572
EliteReporter	24533
Signalnoise	24529
hahaguma	24506
stewart	24506
seemacnbc	24469
Brian_Eno	24428
arthur_affect	24423
MMNN_	24417
HODINKEE	24403
VCMike	24402
lukester	24401
mediocrefilms	24382
dannyBstyle	24377
HardSciFiMovies	24370
SwiftLang	24367
skier1960	24359
jacobsoboroff	24351
NaotoKan	24347
northtechinc	24343
Foulyism	24309
CoryTV	24306
JasonEscape	24293
arielwaldman	24287
kwerb	24275
ftrain	24271
charliewalk	24251
GlobeChadFinn	24247
mattt	24240
shustry	24239
mario	24230
HelloBeautiful	24213
Dr_Black	24207
lionelbarber	24201
M7mdSm3el	24192
HosseinMahini	24184
ArabRevolution	24170
gmc	24167
DellServices	24166
bxchen	24163
Nobuyuki_Idei	24155
nellyali	24151
SeiichiMizuno	24140
cstross	24140
fivefifths	24120
Chartbeat	24111
jason_pontin	24094
jamesgrime	24079
Dr_Mokka	24070
bmoviesd	24046
shellen	24039
mg	24031
kissane	24021
AbirKopty	24020
IVSoftware	24017
RealBlanket	24013
EricScherer	24004
AlisonAdventure	23992
ghc	23975
erased_250968215	23972
ldignan	23951
latimesnational	23949
MinecraftTeachr	23947
wegdan_alali	23945
IanMBrowne	23895
owillis	23894
ritualcoffee	23891
AlanFisher	23887
rapino99	23881
malekk	23866
kaikeishi1	23864
tldrwikipedia	23852
aaker	23850
samihtoukan	23840
RolandOliphant	23833
kevinsheacomedy	23820
xkcd	23818
khaledalberry	23814
larrybrilliant	23796
aamer_rahman	23774
ganzeer	23755
JeffMacke	23750
nikesharora	23743
SimonDingle	23741
lizzieohreally	23738
wwwtxt	23736
rstevens	23724
edzitron	23717
BigHistoryPro	23706
caseywasserman	23695
chrisheuer	23694
OfficialMeshell	23693
ooah	23672
Rickonia	23652
MohannadGalal	23648
STEMConnector	23643
tomscott	23640
kgoradio	23632
fu4	23629
zseward	23622
DeNACorp	23612
AshleDanger	23602
laurenbeukes	23599
Kathy_Johnson	23596
GreatFireChina	23595
DellintheClouds	23594
fdestin	23590
mokoyfman	23586
podcaststartup	23586
KaiserKuo	23584
MattBinder	23581
blackbaud	23572
peteskomoroch	23571
jimgoldstein	23563
danmcdonough	23561
CameronCRussell	23552
neha	23548
chockenberry	23530
saadmohseni	23515
clele777	23501
hermioneway	23501
karin_amamiya	23486
HiRISE	23484
Gartenberg	23481
ahess247	23481
kellabyte	23481
thomasfuchs	23457
IgnatiusPost	23451
moscaddie	23449
StokkeAllison	23444
alysiareiner	23436
aarongreenberg	23435
JoshuaBaer	23427
eakinwale	23418
ShaunLivingston	23410
cremebruleecart	23407
jaredbkeller	23396
Astro_Kimiya	23388
gstrompolos	23381
JohnAByrne	23378
ahmedsamih	23373
6d745	23368
MidooDj	23351
LovingYourHair	23350
ohiratec_mega	23349
learningcode	23345
AshworthCollege	23332
SavvyAuntie	23331
SoulBounce	23326
jdlasica	23320
nakajima1975	23310
CompugenInc	23304
polymer	23301
msquinn	23293
AstroKatie	23291
DrDavidKatz	23281
PocketCloud	23279
dantoffey	23272
wadahiromi	23271
UnSqGreenmarket	23257
cenedella	23256
sippey	23246
LEVEL5_times	23229
hiwa1118	23211
davideagleman	23207
sewellchan	23200
missoliviablack	23188
streamys	23187
mousavi1388	23184
jeriellsworth	23178
Elsisi_Ahmed	23170
JESS3	23166
WilHarris	23137
ded	23127
BooDy	23099
YahooResearch	23089
Monthly_Shincho	23085
katienotopoulos	23079
paulbradshaw	23075
melissagira	23073
nrrrdcore	23071
GeekGirlCon	23068
SteveKamb	23060
zaarly	23056
msmarypryor	23042
reactjs	23016
jeffrubenstein	23010
leila_c	22982
CitiBikeNYC	22980
twilightfairy	22974
KristineLeahy	22963
ComSoc	22949
giagia	22944
DiabetesMine	22926
usnistgov	22926
ProtonMail	22920
berkun	22920
LillaMarzouk	22911
realmonaghan	22896
GoTripAdvisor	22892
RalphGilles	22892
sfzoo	22892
schneidertobias	22887
mikewcohn	22877
EndhooS	22868
RickPorcello	22863
CloudSigma	22854
YTGathering	22838
montbellJP	22833
TulsiGabbard	22829
Hash_Egypt	22808
katiefehren	22799
TheRealEloraam	22760
JuddLegum	22743
patinamiller	22723
nichcarlson	22674
locust9	22673
PaulSonne	22662
narendra	22654
goldflyingcats	22649
vivienneharr	22632
pivotal	22599
tatsuomiyajima	22599
frischkopp	22585
emilychang	22566
yoheitsunemi	22563
misuzu_shobo	22562
JustinRoiland	22558
dsilverman	22548
jhagel	22539
Zhanna	22534
KermitLynchWine	22532
ejacqui	22524
UCSF	22512
jennablan	22495
JohnnyQuinnUSA	22489
keyinfluencer	22488
peterpham	22485
HollyBleasdale	22484
Haithamtabei	22475
TwitterIR	22470
Her_Randomness	22449
mayasworld	22437
tanijirimakoto	22433
john_forte	22421
G_D_Greenberg	22378
JesselynRadack	22368
YrBFF	22368
mas__yamazaki	22365
SafetySuit	22364
SAL3977	22345
nhk_oyasumi	22343
TiVo	22337
Tiffani_Bova	22334
persiankiwi	22331
pamperry	22322
FCOJohnCasson	22313
TheMichaelMoran	22303
kpoulsen	22301
Kageyama_hideo	22295
a_aya97	22294
RodBeckstrom	22286
ReadMatter	22283
LisaStone	22262
MadaMasr	22261
heif	22259
ryosuke_wing	22231
SwampyTheGator	22224
ErikaB	22221
johndickerson	22219
MadeinNY	22216
_Masrena_	22210
MrBrainwash	22208
StatusMinecraft	22206
kobunheat	22201
sarahschneider	22198
GOPoversight	22191
rno	22187
richdemuro	22184
Megan	22181
vurnt22	22175
aileenlee	22172
frederickvan	22162
jackhidary	22157
jbrewer	22150
stephagresta	22148
InfoQ	22146
MarthaQuinn	22143
ElwedidiDina	22136
KFINEWS	22136
NicCageMatch	22120
cbrangel	22120
Change_for_Iran	22119
dsearls	22107
CUBoulder	22097
POPSUGARTech	22089
ThomasDolby	22088
LilianaSegura	22066
Ed_Husain	22059
scottsigler	22035
HalahHelmy	22019
jeffsutherland	22009
nycfoodtruck	22009
seifleih	22004
jimthiebaud	21932
FirstPeoples	21907
DrGreene	21904
myfreshberry	21903
OKnox	21897
Arminposts	21896
mindhacksblog	21894
JasonLastname	21888
noahWG	21882
JordanGoldmanNY	21878
ajkeen	21871
matsuikoji	21868
Desura	21843
DieselUSA	21840
ScriptingGuys	21822
nickf	21812
MKaigwa	21805
Zadi	21804
casinclair	21798
olivia	21793
colly	21757
MissedinHistory	21747
boblesko	21739
RosebellK	21732
nacin	21719
ThinkAgain_DOS	21711
AmirsalemEgypt	21709
EsraaFehead	21699
Prismatic	21688
TomBodett	21682
micheleboyd	21666
FloreVegan	21639
hydeparkmom	21637
LyndaLopez08	21628
SusannahFox	21621
greatdiscontent	21621
nights	21609
bencasselman	21600
CKummer	21594
juliamacfarlane	21591
bhaggs	21583
reshmasaujani	21583
JoshHelfferich	21580
Sightglass	21568
juliaxgulia	21562
NomuraShuya	21560
DavidBrin	21550
marcecko	21542
pragdave	21533
jessmisener	21518
yamajitoru	21518
DeirdreBolton	21516
TracyJordanTGS	21508
profblmkelley	21495
googlenexusone	21477
memoir	21476
Lina18	21463
webenglishteach	21463
jonathanlandman	21446
PTCruiserUSA	21443
zoeinthecities	21443
barvonblaq	21436
hackingdata	21432
fourbarrel	21424
MineCraft_FTW	21419
xkcdComic	21408
PRISM_NSA	21401
WaterAidAmerica	21396
panzer	21387
townhall	21386
IBMStorage	21368
Naturally7	21360
miekd	21356
AnthonyQuintano	21355
jayadelson	21352
BreakingTweets	21340
JeremyRifkin	21334
sarahljaffe	21309
lloydboston	21294
mommypoppins	21293
Felonious_munk	21290
BradyHaran	21287
howtogeeksite	21287
ken_terawaki	21276
CoffeeGeek	21212
KadeemHardison	21207
redpointvc	21206
adampash	21203
nadinevelazquez	21186
Ross	21179
omaze	21164
steenfox	21153
jawadnabulsi	21140
caseyjohnston	21138
UofTNews	21133
jswartz	21131
kaue_ls	21128
brucel	21117
joell	21081
Baheya_Yassin	21063
ErikSchatzker	21047
jcal7	21042
rjs	21042
marsafawy	21040
GeeDee215	21029
EmilyGould	21028
veronicawebb	21021
kirayoshiko	21005
Kakutamitsuyo	21000
benkepes	21000
dalmaer	20990
nasry	20985
stevebenen	20985
jboogie	20977
mychalsmith	20971
zachklein	20969
adam_messinger	20963
pahlkadot	20931
gigastacey	20930
nicolesimon	20930
SaharHGhazi	20925
JaimePrimak	20924
ConorTripler	20919
IreneKoehler	20913
SCClemons	20902
wilshipley	20893
moia	20890
kanaedoi	20882
afteegypt	20870
maggiekb1	20858
davidfowl	20852
vogella	20849
TEDRadioHour	20846
helper	20841
kk	20823
grantfriedman	20815
SOHN	20814
hahellyer	20814
Minecade	20813
shiba_masa	20812
BillBoorman	20808
ppk	20798
lia	20787
RBLevin	20786
mediaphyter	20763
manikarthik	20755
MC_Marathon	20742
sokkari	20733
agarwal	20729
sanuzis	20718
TheAUPlainsman	20711
MontageHotels	20709
davidhoffmanca	20709
FameusRedd	20707
JohnBoyega	20700
ranwayehia	20686
TuneWiki	20658
HeerJeet	20655
Megu_Negicco	20655
EpsilonismToday	20652
FWD_us	20641
pamelafox	20624
edtechdigest	20614
wendyandlisa	20614
profhamel	20612
collabfund	20611
Hon_no_Zasshi	20592
TonyW	20588
yuzakihide	20576
timheuer	20575
cathiroshi	20574
Valleywag	20571
alexanderljung	20571
greentweet	20567
pentametron	20566
FIRSTweets	20557
OreoSpeedwagon_	20555
CoffeeScript	20538
smellyi	20527
bigmediumjosh	20525
shibanijoshi	20513
qhardy	20508
tonystubblebine	20505
shadysamir	20501
Jay_FrickinLynn	20491
LynsieLee	20472
rdevro	20470
MTVTJ	20469
AP_Courtside	20464
TonyFratto	20460
kungfugeorge	20439
BizRoundtable	20415
kasakoworld	20413
Harmonix	20402
jjrmilner	20394
getnarrative	20390
yg_ja	20357
shit_hn_says	20352
ericjackson	20349
PodcastOne	20346
anitaborg_org	20336
kmin	20333
JessicaFanton	20330
LaborSec	20326
blogworld	20314
DellChannel	20297
MartinSFP	20293
AshleyEsqueda	20266
CairoScene	20257
eldon	20257
abiolatv	20237
oxford_brookes	20233
m_clem	20229
Livelyivy	20226
JoannaUK	20212
vijayiyer	20207
dayoneapp	20196
geoffreyfowler	20191
ryanlawler	20185
tariqkrim	20171
tcarmody	20168
CaseyNewton	20165
laurenbastide	20162
swimmerhagitomo	20147
prismtech	20128
maggiephilbin	20126
Tash_TashB	20118
rmatei	20117
ChiefElk	20103
SecretaryJewell	20093
MarquardtA	20089
normative	20084
Gramafoon	20082
rushoffools	20060
kidfromkidnplay	20031
patrick	20029
Invincea	20026
Ali_Hisham	20024
gavinpurcell	20015
jonathanolinger	20013
jackiegerstein	20010
m_embaby	20005
isardasorensen	20004
3mo_shehab	19995
Stoli	19992
MissAngelaDavis	19983
GoITO	19982
BeyondMeat	19977
GN_JP	19963
DoLectures	19961
SonofBaldwin	19958
boughb	19957
minoushy	19946
sixuntilme	19935
cory_arcangel	19922
caseorganic	19915
DalaiLamaCenter	19911
toddbishop	19895
harryallen	19883
jeffraikes	19871
monkchips	19865
ifikra	19862
annkillion	19861
jnd1er	19856
GovLoop	19852
BrentO	19850
fwd	19844
marksluckie	19833
jonathanmead	19828
HammamAlagha	19827
KONSOLEKINGZ	19825
oda_kazusa_nobu	19824
Annaleen	19809
iancr	19807
rashmi	19803
Percival	19800
ShaneMorris_7	19776
NYT4thDownBot	19745
jbernoff	19741
AlmightyNoxite	19738
thandienewton	19732
bobulate	19729
kelelam	19726
stoweboyd	19722
econstyleguide	19713
Orli	19699
jaycaspiankang	19699
CivilBeat	19697
aneeshchopra	19697
robertnyman	19694
bottlenoseapp	19693
darngeek	19687
citizentube	19684
bcuban	19682
brian_wong	19662
Becky7712	19656
dexin	19651
merv	19635
bluechoochoo	19629
GlobalIntegrity	19619
elmansi	19615
Eunner	19606
drgoddess	19606
PureStorage	19585
hendnafe3	19585
aweissman	19578
Anti_Intellect	19577
venture_support	19573
springrod	19551
ScottMinerd	19550
BlindChow	19549
zirvin21	19546
MayuTsuruta	19543
andrewhyde	19543
egotripland	19540
bad_dominicana	19536
Lock	19518
daveying99	19502
colligan	19499
EmpireAve	19493
mck_biztech	19491
BermoVet	19483
MaximEristavi	19476
haitham_m7mdain	19471
CarolinePalmer	19458
KingWillonius	19455
MnaEssam	19449
Gigya	19441
ElectrikRed	19437
Wa7damasrya	19432
gregkot	19405
jjg	19400
Nehalia	19397
khaledfahmy11	19396
KevinCTofel	19386
matthewcassel	19382
BigDataBorat	19375
StefanKapicic	19374
ischafer	19373
marjoriepaillon	19353
kaorisasaki	19351
value_investors	19350
emanabdelmonem	19345
kevingchristy	19323
obrien	19312
randikayeCNN	19308
Stwo	19297
byjoelanderson	19297
troyhunt	19285
peterc	19283
mzsanford	19275
AnnikaOBrien	19267
MelodyMcC	19266
pivotallabs	19260
TheonlyMica	19257
danshou	19243
mikeindustries	19241
GTONGE1	19227
slobotski	19225
blprnt	19223
Joshmedia	19219
iamamypham	19213
dinodaizovi	19212
keisukehiguchi	19189
monoprice	19186
yegg	19183
Sha3teely	19181
odannyboy	19180
RebuildDream	19177
skap5	19173
FieldNotesBrand	19172
sparrow	19165
MAswad	19164
markjaquith	19164
garystager	19162
miyakawa11	19159
DamianEdwards	19154
dalepd	19152
RichJuz	19140
littlebigdetail	19138
IAMX	19136
0xabad1dea	19123
richardlai	19123
IoTchannel	19111
shouseikan	19095
ontheroadwithiv	19090
CorporateBarbie	19077
maherkaddoura	19075
_DionneWarwick	19072
denharsh	19060
todayin1963	19056
typepad	19055
rmurphey	19050
DarioNardella	19049
sarah_ross	19048
liuxia64	19038
DanKeatings	19020
ZackieAchmat	19020
bimadew	19020
virginia_tech	19019
CoderDojo	19016
scarletfu	19010
moriakit	19001
PhizLair	18999
Bob	18991
USDayofRage	18978
binarybits	18968
mrgan	18948
FundersFounders	18945
eetimes	18934
mfeathers	18934
Padday	18929
charliejane	18929
HLMorgan	18918
tea	18913
elmo	18905
hirakawamaru	18890
davegray	18879
MLNow	18872
Siglemic	18867
austinramzy	18863
johnpodesta	18856
Rana_J01	18852
Bopogamel	18851
ramonray	18848
snailmusic	18845
LeilaniMunter	18831
NYTM	18831
tigsource	18827
anandshimpi	18824
kristenhowerton	18819
iamfonda	18807
methodtweet	18803
sarahkunst	18803
WTCProgress	18798
frictionalgames	18794
SpelmanCollege	18780
garybernhardt	18773
3331ArtsChiyoda	18769
sdw	18766
westcoastbill	18766
rklau	18743
TheHyperFix	18731
broderick	18718
golan	18686
TishJames	18675
ninaksimon	18674
furrier	18661
heavenrants	18661
TheStrangeLog	18659
worksonmypc	18626
bartongellman	18621
jlouderb	18615
davidcowan	18613
RonySeikaly	18611
WomanfromYemen	18608
quinnnorton	18602
UtilityLimb	18601
davidmarcus	18594
Toshia_Shaw	18589
Boubouille_MMO	18585
anjalimullany	18579
johnjcook	18575
JonErlichman	18570
Nao_NGC	18566
lloyd_isgrove	18566
kentgoldman	18563
rsg	18552
brianmadden	18546
amychozick	18540
saarsaar	18538
mathowie	18531
robertheron	18506
SarahM	18503
SonosSupport	18499
evronia	18499
PicPedant	18498
ryukyushimpo	18498
CitronResearch	18490
Alan_Thicke	18477
tomcoates	18467
stopwatchingus	18457
lyssaslounge	18437
GWillowWilson	18435
martinsargent	18435
GibsonResearch	18429
stamen	18425
ElGabarty2013	18422
Harbia	18417
janchip	18417
jedgar	18416
REALJCVANDAMME	18407
ericaogrady	18406
profgalloway	18405
uekusa_kazuhide	18396
fbnewswire	18391
shak	18388
gfcampbell	18387
davidsze	18375
MyBeautifulMag	18372
eileentv	18361
mattbuchanan	18353
Beaker	18348
jguynn	18333
seth	18323
brentsimmons	18310
tsuruaki	18304
ChessNetwork	18303
jackconte	18290
shansell	18288
jyarow	18285
jenspeak	18277
bikehugger	18272
patrick_wilson	18245
avflox	18244
junyu	18219
LuisvonAhn	18213
ebidel	18211
sugawitter	18211
SamarAlGamal	18209
theshrillest	18200
marcprensky	18195
kiwanja	18191
julielerman	18184
zedshaw	18173
rob_pike	18171
nickdaloisio	18164
girifna	18163
JohnONolan	18158
MrSimpleMedia	18141
ghcorps	18137
NermeenYousri	18134
abdallahelshamy	18123
maura	18118
anthonynoto	18096
BobMetcalfe	18085
bryanbrinkman	18085
M7mod_Blal	18084
crowdsourcing	18078
isaach	18078
lightroomblog	18067
DavidBarboza2	18066
jonsteinberg	18057
tomstandage	18044
tastapod	18012
AtTheKnick	18010
Autopia	18006
rtraister	18006
AkiraNagao	17999
embedsys	17997
globalwarming	17997
Mona	17992
conanobrienswyf	17992
Jeff_A_Marshall	17985
jaffathecake	17983
dannyrimer	17978
avilaintegrador	17975
tenementmuseum	17967
DRexplore	17966
dominiek	17962
NOLACupcakes	17961
dataliberation	17958
OumiRyGood	17953
vijaya	17948
stengel	17946
akacharleswade	17942
CoralMDavenport	17941
StupidFunWill	17927
jeanteasdale	17926
MrAlanCooper	17920
junsaito0529	17908
whale	17908
jmechner	17905
sasosall	17900
adrianco	17895
ApesMovies	17889
max_read	17887
SamerElSahn	17880
NaganumaTakeshi	17870
rosa	17865
pwgavin	17854
kouteisennin	17843
adriarichards	17838
daniellanois	17838
rosettathurman	17831
theshantilly	17825
mowael	17824
NatureJapan	17823
ColMorrisDavis	17817
jamesurquhart	17812
451Research	17811
danielpunkass	17804
TheCLAlliance	17801
davebing21	17789
davechensky	17789
samanthaettus	17779
Wealthfront	17768
FEEDprojects	17759
FSMaui	17738
shanley	17738
joemfbrown	17728
toc	17722
jwaaaap	17713
HebaFarooq	17704
soufujimoto	17697
kamematsu	17690
hoff	17689
ORHamilton	17685
PatrickMeier	17685
MichaelGrantBks	17671
yamauchitaiji	17667
etherington	17653
robconery	17637
RanyaKhalifa	17634
mmccue	17630
doreeshafrir	17628
NahokoTakato	17618
EricTrager18	17601
Hibinokatsuhiko	17600
HaltAMC	17598
vivian	17596
stevekovach	17566
WaitingSuperman	17551
Shoq	17548
MariamBarghouti	17541
VL	17525
HelenWalters	17524
MDT_Diabetes	17515
longnow	17510
phil_rosenthal	17510
kris	17492
acroll	17491
CharlieBeckett	17489
samdecker	17481
nativefoodscafe	17480
tameemyouness	17480
SaraMurray	17471
bbosker	17466
TARAcyan3	17461
ByronTau	17450
eWEEKNews	17447
masayachiba	17432
mabataku	17430
MarshallProj	17428
owenthomas	17428
sabrykhaled	17426
Breshawebb	17415
JoeFinder	17414
gumroad	17392
JohnDCook	17390
mizumaart	17390
rcrwirelessnews	17390
chriscmooney	17384
PanoPancakes	17381
goodenufmother	17381
tomdale	17378
SueDHellmann	17370
aBlogtoWatch	17369
toiimasunomo	17366
ReemSaad10	17327
wordspy	17326
almiraat	17321
KimZetter	17311
angelonfire	17307
keiichiroshibuy	17307
Knieriemen	17295
hackneylad	17288
MoEltaher	17279
waaywire	17279
w2me	17277
mike_acton	17272
dylan20	17268
hga02104	17254
janetvh	17254
robhayes	17254
__Marwa____	17252
stevebuttry	17251
valleyhack	17245
8en	17244
mattbai	17236
AidaSeoudy	17233
PHP_CEO	17226
IanKarmel	17216
elisewho	17212
wences	17181
tatiana	17169
LOTR	17156
smfrogers	17156
GlennF	17152
ZentaNISHIDA	17135
DNAtv	17130
neeratanden	17110
Claudia_Imhoff	17100
DANNIJO	17099
Dohaalzohairy	17099
Enderle	17094
sam	17090
MParekh	17089
crnacura	17088
mariancall	17084
boxcar	17079
risd	17079
eringriffith	17077
crazybob	17072
mikerelm	17071
maruyamakenji	17064
OfficeStylist	17053
jeremycabo	17053
benhuh	17051
steveklabnik	17048
petenowa	17045
learmonth	17043
BenjLerer	17042
smasuda	17042
charlie_savage	17031
junecohen	17029
FakeMTA	17021
fujimakiyukio	17005
NathanPresley	16983
joshspear	16978
ListsOfNote	16961
ahmedmekki	16959
elizaskinner	16955
LaurieSegallCNN	16954
NerdyWonka	16951
SecretaryCastro	16945
kimmaicutler	16945
RobK	16944
ken1shimomura	16940
clarashih	16925
RonJeffries	16924
sindresorhus	16916
PerihanA	16912
JD_Parkes	16901
waleedrashed	16886
breakingbytes	16883
twye	16883
shl	16866
Digidave	16864
sunmicrosystems	16854
ks44	16849
NewTeeVee	16847
kraneland	16844
erniecline	16817
gamejolt	16813
yankeeeee_s	16809
johnculberson	16798
ryohatoh	16786
AfAmEducation	16784
DelRey	16768
dailyechosaints	16766
justicentric	16766
jameskobielus	16764
AaronHillegass	16749
EvanMcSan	16746
nagatsumaakira	16742
brianp	16732
F5Networks	16730
IrshadManji	16727
mantia	16717
yowayowacamera	16715
stephen_wolfram	16705
HarrisonReed	16704
scrawford	16699
daisylewellyn	16698
Riy	16695
don_draper	16692
rbranson	16685
AgelessPassions	16678
JoshuaKushner	16673
drvickip	16667
wrmead	16661
JuliaAngwin	16660
peterlattman	16660
rael	16651
jamesmatesitv	16639
TomJolly	16618
ndiipp	16618
Graham_LRR	16616
TriggerStreet	16603
unisyscorp	16601
FeleciaHatcher	16596
ABCDsofCooking	16591
RedRazan	16583
jbenton	16581
Tanjareen	16578
Adam	16573
tnkgrl	16571
TonightOnGIRLS	16557
iTarek	16551
tobi	16551
johnhcook	16548
shelholtz	16543
Kahili_Blundell	16541
stevegillmor	16537
KiteVC	16536
S_Elhussieny	16523
mgupta	16521
SievertMike	16519
jai_an	16514
RealFoodDaily	16507
matt_levine	16507
TheAdamGoldberg	16506
mikekus	16503
GeeksLifeNet	16491
tw_studios	16478
GenslerOnWork	16475
TrisheldaBlanco	16446
DominiqueAnsel	16445
toyamakoichi	16443
hamburger	16441
vicgundotra	16435
OfficialJackM	16434
ajs	16431
GuyHagen	16429
EFMoriarty	16424
espiers	16418
Unblock_Us	16407
patphelan	16405
CoolAssPuppy	16403
DC_HSEMA	16401
nobinobi0621	16378
georgeb3dr	16377
AnandWrites	16374
JoeFernandez	16372
HealthStandards	16370
ryanestrada	16354
Psaki44	16351
BlackYouthProj	16342
readability	16314
tedeytan	16307
stevej	16297
wellbeing1life	16297
Info_Activism	16294
GhandiArabia	16287
HalfPintIngalls	16287
PlanUSA	16286
betaworks	16283
Lexialex	16282
MattMickiewicz	16278
morville	16273
Quibb	16271
joyce	16270
AdoramaPix	16268
flmkrD	16266
olafureliasson	16264
demotterudy	16261
jackie_greene	16255
declanm	16248
rodrigo	16246
JohnFMauldin	16242
AnimalsBeDicks	16237
cordjefferson	16237
sujataday	16237
railsconf	16235
internetluke	16234
annelov	16232
MusaTariq	16227
T_akagi	16221
rui	16211
aaronsw	16201
commandlinefu	16184
dhof	16181
MayorPDX	16172
usdatagov	16168
Blackamazon	16165
wattersjames	16165
EricaAmerica	16147
McAndrew	16138
lil_ye	16115
maccaw	16115
PlayMindcrack	16113
2PProductions	16104
chimpomworks	16104
a7medba7ar	16102
Rawansa3ed	16100
teamlab_news	16098
arxivblog	16097
2020science	16095
ayende	16094
FOSSpatents	16080
steadycraig	16080
patio11	16078
gideonyu	16076
glennmc	16076
RadioKilla	16067
blakeross	16065
3am_Mina	16064
Beerhaze	16064
NishaChittal	16062
effedparkslope	16062
ANNEinfinity	16057
RobertMackey	16053
LesleyAnnBrandt	16051
IjeomaOluo	16045
gilgul	16044
sciencecomedian	16026
brianacton	16020
gt	16015
marwansjuma	16009
DrAhmedHZewail	16007
ojezap	16000
kwidrick	15989
DanaDanger	15985
jeff_jordan	15981
evacide	15980
ryomasakamoto	15979
lullabot	15957
BillRMcDermott	15948
amyhoy	15947
librarythingtim	15943
Karoli	15941
FishbowlNY	15939
ginab	15937
gogoDanae	15933
joshriedel	15922
lucyaragon	15916
pottan	15915
martenmickos	15909
OxfordUnion	15907
AgeOfEmpires	15902
SMsry	15902
elgtv	15898
pcper	15897
bradfitz	15895
000___000	15894
ruthakers	15893
MrsBdoubleO	15885
foundationkr	15879
SignalR	15863
herbivorecc	15857
code	15855
BruceBartlett	15854
MengTo	15854
adrjeffries	15848
Basseyworld	15838
RealtimeReport	15823
bydanielvictor	15823
freebsdgirl	15818
EgyBloodBank	15812
HDScorp	15806
hopefulcyborg	15802
blackrockcity	15790
satyap	15782
masatoyama	15779
BrankoMilan	15776
Kemal_Dervis	15767
JamesGleick	15757
djolder	15755
typedia	15747
adnys	15725
jeffersongraham	15718
TheMacalope	15706
BuzzFeedGeeky	15700
GaviSeth	15698
kschwaber	15696
Deggans	15678
MsStellaBlu	15675
DeborahKennyHVA	15665
ericwoodward	15664
IrisClasson	15662
javimonsalupe	15661
Gheblawi	15658
KernelMag	15652
kowitz	15648
citizenfour	15642
catherine_hall	15640
j_ishin	15630
cigarchick	15629
evankirstel	15629
GoogleLocalNYC	15626
anjulaacharia	15619
fflick	15608
joeloleson	15605
alexgovere	15595
reybango	15590
SakujiYoshimura	15588
Nicole_Cliffe	15580
YaxueCao	15575
collision	15567
joshuamcclure	15564
maekitam	15562
EgyPress	15560
DrupalAssoc	15550
cactusquid	15544
mjones	15528
julieposetti	15526
nmoawad	15522
hibikilla30	15521
BobThurman	15518
OpenCongress	15512
jspepper	15510
Hesham_Afifi	15504
richminer	15503
corbett3000	15498
matthewstoller	15495
muskrat_john	15493
CharyJay	15490
jameskondo	15489
TheMotherCo	15483
adamdavidson	15483
slice	15481
SchauerTime	15476
gblock	15464
ArcherMishale	15451
shueisha_bungei	15438
BDS4Justice	15436
atotalmonet	15431
MOFAEGYPT	15429
heyamberrae	15427
GIFs	15419
GreeterDan	15417
Karyn_Parsons	15407
IndyMusic	15398
GunDeaths	15396
rebeccawoodhead	15396
mjasay	15385
MahaIghbaria	15382
maisaad4	15382
crashtxt	15378
majoracarter	15377
OvercastNetwork	15367
annekornblut	15357
caBazan	15354
samatlounge	15347
JenniferJChung	15343
bindureddyold	15342
MacSparky	15334
khalidabdalla	15333
naokit	15331
PeteSessions	15327
A7mdAnwar	15322
StreetsblogNYC	15313
devinsnipes	15309
austin_event	15305
Dyn	15301
TheDoLaB	15296
aspenideas	15294
abdulemam	15285
revodavid	15285
joestump	15284
pjhyett	15273
livefromgaza	15270
jollyroger	15259
wii	15242
robpegoraro	15241
howiewolf	15239
GhadeerAhmed_	15230
LizMair	15219
redgate	15213
tiger	15202
merket	15191
foundersatwork	15189
thewayoftheid	15180
bruce_katz	15179
Georgia_Dow	15177
jezhumble	15176
disqus	15171
hari	15153
mikeyface	15149
jseelybrown	15146
terada_yuki	15140
maureenoco	15137
Crowdpac	15126
sarahcpr	15124
mischa	15119
kumikokatase	15117
superme	15117
christinelove	15115
TheGrahamNash	15112
remixeverything	15110
RogerMcGuinn	15108
nanglish	15108
bengreenman	15096
dansinker	15096
CurlyGirlLexi	15090
kanda_daisuke	15089
UTokyo_News	15085
kevglobal	15064
gcolony	15057
noiehoie	15049
FrankWaln	15047
noriomurakami	15047
ruslansv	15042
Bungakukai	15035
Urbanverse	15031
WuDunn	15030
maggie_reardon	15019
TeslaRoadTrip	15009
TwitterReverb	15006
sandyhook	14998
energy_project	14995
AnnaNiess	14994
rauchg	14988
quitamarco	14987
jimwoodsgrp	14985
kfury	14978
KellyStables	14975
AnnaOnTheWeb	14965
anya1anya	14959
geneweingarten	14947
miyagawa	14945
tomiahonen	14940
GetTechSpective	14934
Abouelkassem_	14933
priya_ebooks	14923
rabble	14921
adamnash	14918
ericasadun	14915
bgzimmer	14900
LoicFery	14894
FightingMalaria	14893
miki_catgirl45	14892
jurgenappelo	14891
Kliavkoff	14885
NdabaMandela	14879
alexcast	14873
WebPlatform	14867
NCWIT	14861
OvercastFM	14859
satoshi_shima	14858
shinnawy	14856
al	14854
Sendible	14847
ak_tch	14838
stevenewcomb	14838
margarita	14833
nevine_zaki	14827
DiabKhalid	14817
CrystalKnowsMe	14816
TBAlliance	14816
CountVonCount	14813
maggyshinji	14813
mspmentor	14808
BCG_Consultant	14806
settern	14798
mwesch	14797
JPAL_Global	14787
nalts	14784
stilgherrian	14774
SocialatDELL	14759
the1res	14746
JesseDraper	14744
kleetho	14739
StellerStories	14737
EPSedlock	14724
hypercasey	14723
mkristensen	14723
donreisinger	14718
OpenX	14716
SoundTracking	14715
ITWeb	14713
Molly23	14710
playglitch	14710
jakeadelstein	14701
somejerrystahl	14701
koding	14698
justinkan	14696
christinacaci	14690
legansha3bia	14672
tshirtforums	14671
ossia	14669
PanjabiArchie	14655
pachamusic	14647
BonnieSCha	14643
LarsHinrichs	14638
akotanaka	14637
OutofPoverty	14636
for3onia	14635
dapwell	14626
wjrothman	14625
nwjerseyliz	14623
iSmashFizzle	14621
rowlandxxx	14621
webchick	14614
sunghu	14612
BrandeisU	14606
muhamedsabry	14606
internetweek	14603
davatron5000	14599
BrettDomino	14589
PreetaTweets	14582
nadinetoukan	14572
cmrr_xxx	14571
JanetVanderhoof	14569
amir	14568
ElectronicDesgn	14566
klausbiesenbach	14563
VerySmartBros	14559
HASSANKONAKATA	14553
qftravelinsider	14553
JeffGordon4Cure	14548
kejames	14546
OurielOhayon	14544
jw	14543
digitalabstract	14538
iwaonakayama	14533
obviousvc	14532
DNLee5	14531
springpad	14531
NathanBarnatt	14523
lirarandall	14519
jwherrman	14516
untappedcities	14515
MicrosoftAfrica	14507
TarynP	14507
mateagold	14495
danpallotta	14494
JeneenYa	14491
KathrynFinney	14483
McClatchyDC	14480
RayCams	14476
brianleroux	14476
hhavrilesky	14467
AP_Planner	14456
rlorenzen	14456
adamconner	14455
susie_c	14455
HajjFlemings	14453
markmilian	14450
DIVASANDDORKS	14449
coastw	14445
Sacheverell_	14430
scoutu	14428
RWong	14420
Aereo	14414
scottjehl	14411
padresj	14406
justinemusk	14391
NKingofDC	14385
5by5	14379
aitmit	14378
dick_nixon	14376
JonathanRashad	14364
turoczy	14361
xor	14360
jpuopolo	14352
erictpeterson	14341
JessicaKRoy	14331
happyblackwoman	14331
jarelkamar	14329
MediaREDEF	14324
booshoe37	14318
avdi	14315
SkyrimMom	14311
RococoCocoa	14306
nicole	14293
publicreligion	14292
MohAbdElHamid	14290
IranRiggedElect	14284
mike_giglio	14276
ryanspoon	14273
StRegisPMita	14272
ipaananen	14262
SarahMarshall	14261
SusanWojcicki	14255
franklinleonard	14254
MarkHunterGB	14243
ethanklapper	14240
Chookooloonks	14239
FAKEGRIMLOCK	14237
nickwingfield	14233
getunreal	14229
blaine	14227
harrisj	14222
DrPizza	14196
mattapuzzo	14194
jhalamka	14193
adrianholovaty	14185
abrams	14184
debbiebere	14179
porters	14178
asmartbear	14171
ylnt	14167
tim_weber	14166
ReignOfApril	14165
kasra	14165
UrbanBushBabes	14157
ayahbdeir	14152
jenny_blake	14152
antiheroine	14150
Cecilia44	14149
philiped	14142
tressiemcphd	14141
cutting	14137
shunji_kouno	14135
Maboulazm	14124
VeronicaMcG	14123
hunch	14121
erinwillett	14119
shawnieora	14119
wilsonminer	14118
TheCharter	14116
JermajestyJJJ	14111
mkonnikova	14109
RajSetty	14104
roxanasaberi	14098
daveman692	14087
sailornegro	14084
mwhanna1	14072
JuuichiJigen	14066
danroth	14064
Kiteaton	14062
simoncarless	14060
heyitsnoah	14059
sether	14058
KerryKennedyRFK	14057
zogblog	14056
CarriBugbee	14043
getify	14041
blacksnob	14036
bling0	14035
RachelTrue	14032
hypatiadotca	14027
EndoGoddess	14020
rememberthemilk	14005
dodaistewart	14001
natalydawn	13996
loyalelectron	13991
A_ElghouL	13990
Paul_Kinlan	13984
maxogden	13979
tkelsey1	13979
simonw	13975
vindugoel	13973
avilarenata	13972
BlackWeb20	13966
DESIGN_ASSOCIAT	13965
maruzeninfo	13957
2healthguru	13951
rania_hafez	13951
BrandonWatson	13947
SFoskett	13944
